ticker,lag,year
A,49,2025
A,49,2024
A,49,2023
A,50,2022
A,47,2021
A,48,2020
A,49,2019
A,50,2018
A,51,2017
A,50,2016
A,49,2015
A,52,2014
A,49,2013
A,50,2012
A,46,2011
A,48,2010
A,51,2009
A,49,2008
A,51,2007
A,52,2006
A,78,2006
A,51,2004
A,52,2003
A,50,2002
A,78,2001
AA,57,2026
AA,51,2025
AA,52,2024
AA,54,2023
AA,55,2022
AA,56,2021
AA,52,2020
AA,56,2019
AA,54,2018
AA,74,2017
AAL,49,2026
AAL,50,2025
AAL,52,2024
AAL,53,2023
AAL,53,2022
AAL,48,2021
AAL,50,2020
AAL,56,2019
AAL,52,2018
AAL,53,2017
AAL,55,2016
AAL,56,2015
AAL,59,2014
AAL,46,2012
AAL,47,2011
AAL,48,2010
AAL,50,2009
AAL,0,2008
AAL,55,2005
AAL,58,2004
AAL,105,2003
AAL,90,1994
AAP,41,2026
AAP,60,2025
AAP,59,2023
AAP,45,2022
AAP,51,2021
AAP,52,2020
AAP,52,2019
AAP,53,2018
AAP,59,2017
AAP,59,2016
AAP,59,2015
AAP,59,2014
AAP,58,2013
AAP,59,2012
AAP,59,2011
AAP,59,2010
AAP,60,2009
AAP,60,2008
AAP,60,2007
AAP,74,2006
AAP,75,2005
AAP,69,2004
AAP,89,2003
AAP,89,2002
AAPL,34,2025
AAPL,34,2024
AAPL,33,2023
AAPL,33,2022
AAPL,33,2021
AAPL,33,2020
AAPL,32,2019
AAPL,37,2018
AAPL,34,2017
AAPL,32,2016
AAPL,32,2015
AAPL,30,2014
AAPL,32,2013
AAPL,32,2012
AAPL,32,2011
AAPL,32,2010
AAPL,39,2008
AAPL,47,2007
AAPL,90,2006
AAPL,68,2005
AAPL,68,2004
AAPL,83,2003
AAPL,82,2002
AAPL,75,2000
AAPL,88,1999
AAPL,83,1996
AAPL,81,1995
AAPL,74,1994
ABBV,51,2026
ABBV,45,2025
ABBV,51,2024
ABBV,48,2023
ABBV,49,2022
ABBV,50,2021
ABBV,52,2020
ABBV,58,2019
ABBV,47,2018
ABBV,48,2017
ABBV,50,2016
ABBV,51,2015
ABBV,52,2014
ABNB,43,2026
ABNB,44,2025
ABNB,47,2024
ABNB,48,2023
ABNB,56,2022
ABNB,57,2021
ABT,51,2026
ABT,52,2025
ABT,47,2024
ABT,48,2023
ABT,49,2022
ABT,50,2021
ABT,52,2020
ABT,53,2019
ABT,47,2018
ABT,48,2017
ABT,50,2016
ABT,58,2015
ABT,52,2014
ABT,52,2012
ABT,49,2011
ABT,50,2010
ABT,51,2009
ABT,50,2008
ABT,54,2007
ABT,53,2006
ABT,61,2005
ABT,55,2004
ABT,50,2003
ABT,46,2001
ABT,68,1999
ABT,68,1998
ABT,70,1997
ABT,69,1995
ABT,62,1994
ACGL,57,2026
ACGL,58,2025
ACGL,54,2024
ACGL,55,2023
ACGL,56,2022
ACGL,57,2021
ACGL,59,2020
ACGL,59,2019
ACGL,59,2018
ACGL,60,2017
ACGL,57,2016
ACGL,58,2015
ACGL,62,2014
ACGL,60,2013
ACGL,60,2012
ACGL,59,2011
ACGL,57,2010
ACGL,61,2009
ACGL,60,2008
ACGL,60,2007
ACGL,74,2005
ACGL,70,2004
ACGL,90,2003
ACGL,77,2002
ACGL,89,1999
ACGL,90,1997
ACN,40,2025
ACN,40,2024
ACN,42,2023
ACN,42,2022
ACN,45,2021
ACN,52,2020
ACN,59,2019
ACN,54,2018
ACN,56,2017
ACN,58,2016
ACN,60,2015
ACN,54,2014
ACN,59,2013
ACN,51,2011
ACN,55,2010
ACN,49,2009
ADBE,48,2026
ADBE,45,2025
ADBE,47,2024
ADBE,46,2023
ADBE,49,2022
ADBE,49,2021
ADBE,53,2020
ADBE,56,2019
ADBE,52,2018
ADBE,49,2017
ADBE,53,2016
ADBE,53,2015
ADBE,53,2014
ADBE,53,2013
ADBE,55,2012
ADBE,55,2011
ADBE,56,2010
ADBE,56,2009
ADBE,55,2008
ADBE,68,2006
ADBE,61,2005
ADBE,69,2004
ADBE,83,2002
ADBE,87,2001
ADBE,75,2000
ADBE,82,1999
ADBE,81,1998
ADBE,84,1997
ADBE,83,1996
ADCT,86,2025
ADCT,73,2024
ADI,24,2025
ADI,24,2024
ADI,24,2023
ADI,24,2022
ADI,34,2021
ADI,24,2020
ADI,24,2019
ADI,24,2018
ADI,25,2017
ADI,24,2016
ADI,24,2015
ADI,39,2014
ADI,24,2013
ADI,24,2012
ADI,24,2011
ADI,23,2010
ADI,24,2009
ADI,24,2008
ADI,27,2007
ADI,23,2006
ADI,23,2005
ADI,31,2004
ADI,52,2003
ADI,88,2003
ADI,86,2002
ADI,90,2001
ADI,90,2000
ADI,89,1999
ADI,88,1998
ADI,88,1997
ADI,87,1995
ADM,48,2026
ADM,51,2025
ADM,45,2023
ADM,48,2022
ADM,49,2021
ADM,49,2020
ADM,50,2019
ADM,47,2018
ADM,48,2017
ADM,50,2016
ADM,51,2015
ADM,57,2014
ADM,56,2012
ADM,56,2011
ADM,57,2009
ADM,60,2008
ADM,58,2007
ADM,70,2006
ADM,70,2005
ADM,70,2004
ADM,82,2002
ADM,90,2001
ADM,90,2000
ADM,84,1999
ADM,86,1998
ADM,91,1997
ADM,92,1996
ADM,89,1994
ADP,37,2025
ADP,38,2024
ADP,34,2023
ADP,34,2022
ADP,35,2021
ADP,36,2020
ADP,40,2019
ADP,34,2018
ADP,35,2017
ADP,36,2016
ADP,38,2015
ADP,39,2014
ADP,50,2013
ADP,51,2012
ADP,55,2011
ADP,56,2010
ADP,59,2009
ADP,60,2008
ADP,60,2007
ADP,61,2006
ADP,0,2005
ADP,0,2004
ADP,0,2003
ADP,0,2002
ADP,74,2000
ADP,83,1999
ADP,85,1998
ADP,85,1996
ADP,83,1995
ADP,63,1994
ADSK,34,2025
ADSK,131,2024
ADSK,42,2023
ADSK,42,2022
ADSK,47,2021
ADSK,48,2020
ADSK,53,2019
ADSK,50,2018
ADSK,49,2017
ADSK,52,2016
ADSK,46,2015
ADSK,38,2014
ADSK,46,2013
ADSK,44,2012
ADSK,46,2011
ADSK,47,2010
ADSK,48,2009
ADSK,57,2008
ADSK,124,2007
ADSK,58,2006
ADSK,59,2005
ADSK,68,2004
ADSK,89,2002
ADSK,86,2001
ADSK,90,1997
ADSK,90,1995
ADT,58,2025
ADT,59,2024
ADT,60,2022
ADT,56,2021
ADT,70,2020
ADT,70,2019
ADT,74,2018
AEE,49,2026
AEE,49,2025
AEE,60,2024
AEE,52,2023
AEE,53,2022
AEE,53,2021
AEE,59,2020
AEE,57,2019
AEE,59,2018
AEE,59,2017
AEE,57,2016
AEE,61,2015
AEE,62,2014
AEE,60,2013
AEE,97,2012
AEE,55,2011
AEE,57,2010
AEE,61,2009
AEE,60,2008
AEE,60,2007
AEE,66,2006
AEE,68,2005
AEE,69,2004
AEE,90,2000
AEE,89,1999
AEP,43,2026
AEP,44,2025
AEP,57,2024
AEP,54,2023
AEP,55,2022
AEP,56,2021
AEP,51,2020
AEP,52,2019
AEP,53,2018
AEP,58,2017
AEP,54,2016
AEP,51,2015
AEP,56,2014
AEP,57,2013
AEP,59,2012
AEP,56,2011
AEP,57,2010
AEP,58,2009
AEP,59,2008
AEP,59,2007
AEP,59,2006
AEP,71,2004
AEP,88,2002
AEP,88,1999
AEP,85,1997
AEP,88,1996
AES,57,2024
AES,60,2023
AES,59,2022
AES,55,2021
AES,58,2020
AES,57,2019
AES,57,2018
AES,55,2017
AES,54,2016
AES,56,2015
AES,56,2014
AES,57,2013
AES,55,2012
AES,56,2011
AES,56,2010
AES,57,2009
AES,74,2008
AES,94,2006
AES,75,2004
AES,85,2003
AES,84,2002
AES,89,1999
AES,90,1998
AES,90,1997
AFL,56,2026
AFL,57,2025
AFL,53,2024
AFL,55,2023
AFL,54,2022
AFL,54,2021
AFL,52,2020
AFL,56,2019
AFL,54,2018
AFL,55,2017
AFL,56,2016
AFL,57,2015
AFL,58,2014
AFL,57,2013
AFL,58,2012
AFL,56,2011
AFL,57,2010
AFL,51,2009
AFL,59,2008
AFL,59,2007
AFL,59,2006
AFL,69,2005
AFL,71,2004
AFL,86,2003
AFL,87,2001
AFL,87,2000
AFL,85,1999
AFL,85,1998
AFL,85,1997
AFL,86,1996
AFL,89,1994
AIG,43,2026
AIG,44,2025
AIG,45,2024
AIG,48,2023
AIG,48,2022
AIG,50,2021
AIG,52,2020
AIG,46,2019
AIG,47,2018
AIG,50,2016
AIG,51,2015
AIG,51,2014
AIG,52,2013
AIG,59,2008
AIG,60,2007
AIG,75,2004
AIG,90,2003
AIG,91,2002
AIG,92,2001
AIG,90,2000
AIG,90,1999
AIG,89,1998
AIG,87,1997
AIG,89,1994
AIV,55,2025
AIV,57,2024
AIV,58,2023
AIV,60,2022
AIV,55,2020
AIV,50,2019
AIV,60,2018
AIV,55,2017
AIV,58,2016
AIV,58,2015
AIV,52,2014
AIV,56,2013
AIV,54,2012
AIV,56,2011
AIV,57,2010
AIV,58,2009
AIV,60,2008
AIV,60,2007
AIV,67,2006
AIV,73,2005
AIV,71,2004
AIV,66,2003
AIV,75,2000
AIV,90,1999
AIV,90,1997
AIZ,50,2026
AIZ,51,2025
AIZ,46,2024
AIZ,48,2023
AIZ,53,2022
AIZ,50,2021
AIZ,50,2020
AIZ,53,2019
AIZ,45,2018
AIZ,45,2017
AIZ,47,2016
AIZ,50,2015
AIZ,49,2014
AIZ,51,2013
AIZ,54,2012
AIZ,56,2010
AIZ,58,2009
AIZ,63,2008
AIZ,60,2007
AIZ,69,2006
AIZ,90,2005
AIZ,90,2004
AJG,48,2026
AJG,49,2025
AJG,40,2024
AJG,41,2023
AJG,49,2022
AJG,36,2021
AJG,38,2020
AJG,39,2019
AJG,40,2018
AJG,41,2017
AJG,41,2016
AJG,43,2015
AJG,38,2014
AJG,39,2013
AJG,45,2012
AJG,38,2011
AJG,36,2010
AJG,37,2009
AJG,33,2008
AJG,34,2007
AJG,39,2006
AJG,28,2005
AJG,40,2004
AJG,84,2003
AJG,86,2001
AJG,83,2000
AJG,80,1997
AJG,64,1996
AKAM,51,2026
AKAM,55,2025
AKAM,59,2024
AKAM,59,2023
AKAM,59,2022
AKAM,57,2021
AKAM,59,2020
AKAM,59,2019
AKAM,60,2018
AKAM,59,2017
AKAM,60,2016
AKAM,62,2014
AKAM,60,2013
AKAM,60,2012
AKAM,60,2011
AKAM,60,2010
AKAM,61,2009
AKAM,60,2008
AKAM,60,2007
AKAM,75,2006
AKAM,75,2005
AKAM,70,2004
AKAM,87,2003
AKAM,43,2001
ALB,42,2026
ALB,50,2021
ALB,58,2019
ALB,58,2018
ALB,58,2017
ALB,60,2016
ALB,58,2015
ALB,56,2014
ALB,46,2013
ALB,53,2012
ALB,56,2011
ALB,57,2010
ALB,58,2009
ALB,59,2008
ALB,60,2007
ALB,1,2006
ALB,73,2005
ALB,61,2004
ALB,82,2000
ALB,70,1999
ALB,79,1998
ALB,86,1997
ALGN,58,2026
ALGN,59,2025
ALGN,59,2024
ALGN,58,2023
ALGN,56,2022
ALGN,57,2021
ALGN,59,2020
ALGN,59,2019
ALGN,59,2018
ALGN,59,2017
ALGN,56,2016
ALGN,57,2015
ALGN,59,2014
ALGN,60,2013
ALGN,60,2012
ALGN,55,2011
ALGN,57,2010
ALGN,58,2009
ALGN,57,2008
ALGN,71,2007
ALGN,60,2006
ALGN,62,2005
ALGN,69,2004
ALK,43,2026
ALK,45,2025
ALK,45,2024
ALK,44,2023
ALK,42,2022
ALK,57,2021
ALK,43,2020
ALK,46,2019
ALK,45,2018
ALK,59,2017
ALK,42,2016
ALK,42,2015
ALK,44,2014
ALK,45,2013
ALK,52,2012
ALK,54,2011
ALK,1,2010
ALK,50,2009
ALK,51,2008
ALK,54,2007
ALK,48,2006
ALK,56,2005
ALK,71,2003
ALK,41,1998
ALK,47,1995
ALK,39,1994
ALL,50,2026
ALL,55,2025
ALL,52,2024
ALL,47,2023
ALL,49,2022
ALL,50,2021
ALL,52,2020
ALL,46,2019
ALL,57,2018
ALL,48,2017
ALL,50,2016
ALL,50,2015
ALL,51,2014
ALL,51,2013
ALL,53,2012
ALL,55,2011
ALL,56,2010
ALL,57,2009
ALL,58,2008
ALL,53,2007
ALL,54,2006
ALL,55,2005
ALL,70,2004
ALL,87,2003
ALL,85,2002
ALL,85,1999
ALL,86,1998
ALL,86,1997
ALLE,48,2026
ALLE,49,2025
ALLE,51,2024
ALLE,53,2023
ALLE,46,2022
ALLE,47,2021
ALLE,49,2020
ALLE,50,2019
ALLE,51,2018
ALLE,48,2017
ALLE,57,2016
ALLE,58,2015
ALLE,69,2014
AMAT,47,2025
AMAT,47,2024
AMAT,47,2023
AMAT,47,2022
AMAT,47,2021
AMAT,47,2020
AMAT,47,2019
AMAT,46,2018
AMAT,47,2017
AMAT,46,2016
AMAT,45,2015
AMAT,52,2014
AMAT,38,2013
AMAT,38,2012
AMAT,37,2011
AMAT,40,2010
AMAT,47,2008
AMAT,47,2007
AMAT,46,2006
AMAT,45,2005
AMAT,45,2004
AMAT,79,2004
AMAT,88,2003
AMAT,87,2002
AMAT,89,1998
AMAT,89,1997
AMAT,75,1996
AMAT,52,1994
AMCR,46,2025
AMCR,47,2024
AMCR,48,2023
AMCR,49,2022
AMCR,55,2021
AMCR,58,2020
AMCR,65,2019
AMD,39,2025
AMD,32,2024
AMD,58,2023
AMD,40,2022
AMD,34,2021
AMD,38,2020
AMD,41,2019
AMD,59,2018
AMD,52,2017
AMD,54,2016
AMD,54,2015
AMD,52,2014
AMD,54,2013
AMD,54,2012
AMD,55,2011
AMD,55,2010
AMD,59,2009
AMD,59,2008
AMD,60,2007
AMD,64,2006
AMD,65,2005
AMD,72,2004
AME,48,2026
AME,51,2025
AME,53,2024
AME,52,2023
AME,53,2022
AME,49,2021
AME,51,2020
AME,52,2019
AME,53,2018
AME,54,2017
AME,56,2016
AME,55,2015
AME,57,2014
AME,52,2013
AME,54,2012
AME,55,2011
AME,56,2010
AME,56,2009
AME,58,2008
AME,59,2007
AME,65,2006
AME,72,2004
AME,73,2003
AMG,48,2026
AMG,45,2025
AMG,47,2024
AMG,48,2023
AMG,49,2022
AMG,50,2021
AMG,59,2020
AMG,53,2013
AMG,54,2012
AMG,60,2011
AMG,60,2008
AMG,60,2007
AMG,75,2006
AMG,75,2005
AMG,75,2004
AMG,90,2003
AMG,91,2002
AMG,92,2001
AMG,90,2000
AMG,90,1999
AMGN,44,2026
AMGN,45,2025
AMGN,45,2024
AMGN,40,2023
AMGN,47,2022
AMGN,40,2021
AMGN,44,2019
AMGN,44,2018
AMGN,45,2017
AMGN,47,2016
AMGN,50,2015
AMGN,55,2014
AMGN,60,2012
AMGN,56,2011
AMGN,60,2010
AMGN,58,2009
AMGN,59,2008
AMGN,59,2007
AMGN,69,2006
AMGN,68,2005
AMGN,71,2004
AMGN,69,2003
AMGN,57,2002
AMGN,66,2001
AMGN,75,1999
AMGN,83,1997
AMGN,89,1996
AMGN,89,1995
AMP,50,2026
AMP,51,2025
AMP,53,2024
AMP,54,2023
AMP,56,2022
AMP,55,2021
AMP,57,2020
AMP,57,2019
AMP,54,2018
AMP,54,2017
AMP,56,2016
AMP,55,2015
AMP,58,2014
AMP,57,2013
AMP,55,2012
AMP,59,2011
AMP,54,2010
AMP,61,2009
AMP,60,2008
AMP,58,2007
AMP,67,2006
AMT,55,2026
AMT,56,2025
AMT,58,2024
AMT,54,2023
AMT,55,2022
AMT,56,2021
AMT,56,2020
AMT,58,2019
AMT,58,2018
AMT,58,2017
AMT,57,2016
AMT,55,2015
AMT,57,2014
AMT,58,2013
AMT,60,2012
AMT,59,2011
AMT,60,2010
AMT,57,2009
AMT,74,2008
AMT,59,2007
AMT,89,2005
AMT,83,2003
AMT,91,2002
AMT,92,2001
AMT,89,2000
AMT,78,1999
AMT,99,1998
AMTM,53,2025
AMTM,81,2024
AMZN,36,2026
AMZN,37,2025
AMZN,32,2024
AMZN,33,2023
AMZN,34,2022
AMZN,34,2021
AMZN,31,2020
AMZN,32,2019
AMZN,33,2018
AMZN,40,2017
AMZN,29,2016
AMZN,30,2015
AMZN,31,2014
AMZN,30,2013
AMZN,32,2012
AMZN,29,2010
AMZN,29,2009
AMZN,40,2008
AMZN,47,2007
AMZN,48,2006
AMZN,70,2005
AMZN,56,2004
AMZN,50,2003
AMZN,64,1999
AN,43,2026
AN,45,2025
AN,47,2024
AN,48,2023
AN,48,2022
AN,47,2021
AN,49,2020
AN,53,2019
AN,45,2018
AN,40,2017
AN,41,2016
AN,42,2015
AN,44,2014
AN,46,2013
AN,44,2012
AN,46,2011
AN,48,2010
AN,48,2009
AN,59,2008
AN,59,2007
AN,62,2006
AN,55,2005
AN,69,2004
AN,59,2003
AN,89,2001
AN,90,2000
AN,58,1997
AN,88,1996
ANET,45,2026
ANET,50,2025
ANET,43,2024
ANET,44,2023
ANET,46,2022
ANET,50,2021
ANET,45,2020
ANET,46,2019
ANET,47,2018
ANET,48,2017
ANET,56,2016
ANF,58,2025
ANF,58,2024
ANF,58,2023
ANF,58,2022
ANF,58,2021
ANF,59,2020
ANF,58,2019
ANF,58,2018
ANF,58,2017
ANF,58,2016
ANF,58,2015
ANF,58,2014
ANF,59,2013
ANF,59,2012
ANF,59,2011
ANF,58,2010
ANF,55,2009
ANF,55,2008
ANF,55,2007
ANF,69,2006
ANF,75,2005
ANF,75,2003
ANF,74,2002
ANF,89,2000
ANF,88,1998
AON,44,2026
AON,49,2025
AON,48,2023
AON,49,2022
AON,50,2021
AON,45,2020
AON,50,2019
AON,51,2018
AON,54,2017
AON,53,2016
AON,54,2015
AON,49,2014
AON,53,2013
AON,55,2012
AON,56,2011
AON,57,2010
AON,61,2009
AON,59,2008
AON,60,2007
AON,68,2006
AON,74,2005
AON,71,2004
AON,85,2003
AON,86,2001
AON,84,2000
AON,88,1999
AON,90,1998
AON,85,1997
AOS,41,2026
AOS,42,2025
AOS,44,2024
AOS,45,2023
AOS,42,2022
AOS,43,2021
AOS,55,2020
AOS,46,2019
AOS,47,2018
AOS,48,2017
AOS,48,2016
AOS,49,2015
AOS,51,2014
AOS,58,2013
AOS,58,2012
AOS,55,2011
AOS,57,2010
AOS,56,2009
AOS,51,2008
AOS,47,2007
AOS,55,2006
AOS,49,2005
AOS,72,2004
AOS,51,2003
AOS,63,2000
AOS,83,1999
AOS,86,1997
AOS,86,1996
AOS,82,1994
APA,57,2026
APA,59,2025
APA,53,2024
APA,54,2023
APA,53,2022
APD,51,2025
APD,52,2024
APD,47,2023
APD,53,2022
APD,49,2021
APD,50,2020
APD,57,2019
APD,51,2018
APD,47,2017
APD,52,2016
APD,55,2015
APD,55,2014
APD,57,2013
APD,51,2012
APD,53,2011
APD,54,2010
APD,56,2009
APD,57,2008
APD,59,2007
APD,74,2006
APD,53,2005
APD,74,2004
APD,73,2003
APD,74,2002
APD,75,2001
APH,42,2026
APH,38,2025
APH,38,2024
APH,39,2023
APH,40,2022
APH,41,2021
APH,43,2020
APH,44,2019
APH,52,2018
APH,48,2017
APH,50,2016
APH,51,2015
APH,52,2014
APH,55,2012
APH,59,2011
APH,54,2010
APH,54,2009
APH,57,2008
APH,52,2007
APH,74,2005
APH,40,2004
APH,87,2002
APH,89,2001
APH,89,2000
APO,56,2026
APO,55,2025
APO,58,2024
APO,60,2023
APP,50,2026
APP,58,2025
APP,57,2024
APP,59,2023
APP,70,2022
APTV,37,2026
APTV,38,2025
APTV,39,2023
APTV,38,2022
APTV,39,2021
APTV,34,2020
APTV,35,2019
APTV,0,2018
APTV,37,2017
APTV,39,2016
APTV,40,2015
APTV,41,2014
APTV,42,2013
APTV,48,2012
ARE,26,2026
ARE,27,2025
ARE,29,2024
ARE,30,2023
ARE,31,2022
ARE,32,2021
ARE,35,2020
ARE,36,2019
ARE,30,2018
ARE,31,2017
ARE,34,2016
ARE,54,2015
ARE,59,2014
ARE,57,2013
ARE,52,2012
ARE,60,2011
ARE,60,2010
ARE,48,2009
ARE,60,2008
ARE,60,2007
ARE,75,2006
ARE,75,2005
ARE,75,2004
ARE,90,2003
ARE,88,2002
ARE,89,2000
ARE,74,1999
ARE,90,1998
ARES,56,2026
ARES,58,2025
ARES,58,2024
ARES,55,2023
ARES,59,2022
ARES,56,2021
ARES,59,2020
ARES,57,2019
ARES,60,2018
ARES,58,2017
ARES,60,2016
ARES,79,2015
ATI,54,2026
ATI,54,2025
ATI,54,2024
ATI,55,2023
ATI,56,2022
ATI,57,2021
ATI,56,2020
ATI,59,2019
ATI,51,2018
ATI,55,2017
ATI,57,2016
ATI,57,2015
ATI,58,2014
ATI,59,2013
ATI,58,2012
ATI,59,2011
ATI,56,2010
ATI,54,2009
ATI,57,2008
ATI,58,2007
ATI,60,2006
ATI,59,2005
ATI,75,2004
ATI,83,2003
ATI,86,1997
ATO,45,2025
ATO,49,2024
ATO,45,2023
ATO,45,2022
ATO,43,2021
ATO,44,2020
ATO,43,2019
ATO,44,2018
ATO,44,2017
ATO,45,2016
ATO,37,2015
ATO,37,2014
ATO,44,2013
ATO,44,2012
ATO,53,2011
ATO,43,2010
ATO,47,2009
ATO,50,2008
ATO,60,2007
ATO,53,2006
ATO,49,2005
ATO,50,2004
ATO,52,2003
ATO,53,2002
ATO,83,1997
ATO,76,1994
AVB,58,2026
AVB,58,2025
AVB,54,2024
AVB,55,2023
AVB,56,2022
AVB,56,2021
AVB,52,2020
AVB,54,2018
AVB,55,2017
AVB,56,2016
AVB,50,2015
AVB,60,2014
AVB,53,2013
AVB,58,2012
AVB,54,2011
AVB,60,2010
AVB,61,2009
AVB,60,2008
AVB,73,2006
AVB,74,2005
AVB,65,2004
AVB,85,2002
AVB,90,1999
AVGO,46,2025
AVGO,47,2024
AVGO,46,2023
AVGO,47,2022
AVGO,47,2021
AVGO,47,2020
AVGO,47,2019
AVGO,47,2018
AVY,56,2026
AVY,60,2025
AVY,53,2024
AVY,53,2023
AVY,53,2022
AVY,53,2021
AVY,60,2020
AVY,60,2019
AVY,53,2018
AVY,54,2017
AVY,53,2016
AVY,53,2015
AVY,60,2014
AVY,60,2013
AVY,55,2012
AVY,55,2011
AVY,55,2010
AVY,60,2009
AVY,60,2008
AVY,60,2007
AVY,74,2006
AVY,75,2005
AVY,75,2004
AVY,90,2003
AVY,89,2000
AVY,88,1999
AVY,89,1998
AVY,90,1997
AVY,90,1996
AVY,89,1995
AVY,76,1994
AWK,49,2026
AWK,50,2025
AWK,45,2024
AWK,46,2023
AWK,47,2022
AWK,55,2021
AWK,49,2020
AWK,50,2019
AWK,51,2018
AWK,52,2017
AWK,56,2016
AWK,55,2015
AWK,58,2014
AWK,60,2013
AWK,59,2012
AWK,57,2011
AWK,58,2009
AXON,55,2026
AXON,58,2024
AXON,59,2023
AXON,55,2022
AXON,56,2021
AXON,58,2020
AXON,58,2019
AXON,60,2018
AXON,65,2017
AXON,64,2016
AXON,70,2015
AXON,69,2014
AXON,67,2013
AXON,73,2011
AXON,74,2010
AXON,75,2009
AXON,60,2008
AXON,74,2007
AXON,75,2006
AXON,64,2004
AXP,37,2026
AXP,38,2025
AXP,40,2024
AXP,41,2023
AXP,42,2022
AXP,43,2021
AXP,44,2020
AXP,44,2019
AXP,47,2018
AXP,48,2017
AXP,50,2016
AXP,55,2015
AXP,56,2014
AXP,53,2013
AXP,57,2011
AXP,57,2010
AXP,58,2009
AXP,59,2008
AXP,60,2007
AXP,65,2006
AXP,69,2005
AXP,72,2004
AXP,85,2003
AXP,89,2001
AXP,89,2000
AXP,89,1999
AXP,89,1996
AYI,57,2025
AYI,58,2024
AYI,56,2023
AYI,56,2022
AYI,57,2021
AYI,53,2020
AYI,59,2019
AYI,55,2018
AYI,56,2017
AYI,57,2016
AYI,57,2015
AYI,59,2014
AYI,59,2013
AYI,56,2012
AYI,58,2011
AYI,59,2010
AYI,60,2009
AYI,57,2008
AYI,60,2007
AYI,63,2006
AYI,62,2005
AYI,59,2004
AYI,61,2003
AYI,73,2002
AZO,58,2025
AZO,58,2024
AZO,59,2023
AZO,58,2022
AZO,58,2021
AZO,58,2020
AZO,58,2019
AZO,60,2018
AZO,60,2017
AZO,58,2016
AZO,58,2015
AZO,58,2014
AZO,58,2013
AZO,58,2012
AZO,58,2011
AZO,58,2010
AZO,58,2008
AZO,58,2007
AZO,60,2006
AZO,60,2004
AZO,61,2003
AZO,60,2002
AZO,68,1997
AZO,88,1996
BA,30,2026
BA,34,2025
BA,31,2024
BA,27,2023
BA,31,2022
BA,32,2021
BA,31,2020
BA,39,2019
BA,43,2018
BA,41,2016
BA,43,2015
BA,45,2014
BA,42,2013
BA,40,2012
BA,40,2011
BA,39,2010
BA,40,2009
BA,46,2008
BA,47,2007
BA,59,2006
BA,59,2005
BA,58,2003
BA,67,2002
BA,68,2001
BA,68,2000
BA,64,1999
BA,63,1998
BA,69,1997
BA,73,1996
BA,68,1995
BA,76,1994
BAC,56,2026
BAC,56,2025
BAC,51,2024
BAC,53,2023
BAC,53,2022
BAC,55,2021
BAC,50,2020
BAC,57,2019
BAC,53,2018
BAC,54,2017
BAC,55,2016
BAC,56,2015
BAC,56,2014
BAC,59,2013
BAC,54,2012
BAC,56,2011
BAC,57,2010
BAC,58,2009
BAC,59,2008
BAC,59,2007
BAC,75,2006
BAC,60,2005
BAC,61,2004
BAC,62,2003
BAC,86,2002
BAC,78,2001
BAC,80,2000
BAC,72,1998
BAC,87,1997
BAC,89,1996
BAC,89,1994
BALL,50,2026
BALL,51,2025
BALL,51,2024
BALL,52,2023
BALL,47,2022
BALL,48,2021
BALL,50,2020
BALL,53,2019
BALL,60,2018
BALL,61,2017
BALL,47,2016
BALL,51,2015
BALL,55,2014
BALL,53,2013
BALL,53,2012
BALL,59,2011
BALL,56,2010
BALL,56,2009
BALL,56,2008
BALL,53,2007
BALL,0,2006
BALL,54,2005
BALL,72,2004
BALL,86,2003
BALL,87,2002
BALL,89,2001
BALL,90,2000
BALL,88,1999
BALL,90,1997
BALL,92,1996
BALL,88,1994
BAX,43,2026
BAX,52,2025
BAX,39,2024
BAX,40,2023
BAX,54,2022
BAX,42,2021
BAX,77,2020
BAX,52,2019
BAX,54,2018
BAX,54,2017
BAX,57,2016
BAX,57,2015
BAX,52,2014
BAX,52,2013
BAX,54,2012
BAX,54,2011
BAX,54,2010
BAX,50,2009
BAX,57,2008
BAX,59,2007
BAX,66,2006
BAX,75,2005
BAX,71,2003
BAX,72,2002
BAX,78,1999
BAX,79,1998
BAX,78,1997
BAX,82,1996
BAX,83,1995
BAX,80,1994
BBBY,55,2026
BBBY,56,2025
BBBY,56,2022
BBBY,57,2021
BBBY,73,2020
BBBY,77,2019
BBBY,74,2018
BBBY,62,2017
BBBY,68,2016
BBBY,70,2015
BBBY,58,2014
BBBY,52,2013
BBBY,62,2012
BBBY,59,2011
BBBY,90,2010
BBBY,75,2006
BBBY,55,2004
BBBY,52,2003
BBWI,41,2025
BBWI,48,2024
BBWI,48,2023
BBWI,48,2022
BBWI,48,2021
BBWI,55,2020
BBWI,48,2019
BBWI,48,2018
BBWI,48,2017
BBWI,48,2016
BBWI,48,2015
BBWI,48,2014
BBWI,48,2013
BBWI,55,2012
BBWI,48,2011
BBWI,55,2010
BBWI,55,2009
BBWI,55,2008
BBWI,59,2007
BBWI,62,2006
BBWI,69,2005
BBWI,74,2004
BBWI,76,2003
BBWI,79,2002
BBWI,80,2001
BBWI,86,2000
BBWI,88,1998
BBWI,88,1997
BBWI,89,1996
BBWI,89,1995
BBY,46,2025
BBY,41,2024
BBY,48,2023
BBY,48,2022
BBY,48,2021
BBY,51,2020
BBY,54,2019
BBY,58,2018
BBY,55,2017
BBY,53,2016
BBY,59,2015
BBY,55,2014
BBY,59,2012
BBY,58,2011
BBY,60,2010
BBY,60,2009
BBY,60,2008
BBY,60,2007
BBY,74,2006
BBY,73,2005
BBY,60,2004
BBY,89,2003
BBY,89,2002
BBY,90,2001
BBY,88,2000
BBY,89,1998
BBY,58,1997
BBY,83,1994
BC,44,2026
BC,45,2025
BC,47,2024
BC,47,2023
BC,47,2021
BC,50,2019
BC,51,2018
BC,48,2017
BC,48,2016
BC,51,2015
BC,45,2014
BC,52,2013
BC,54,2012
BC,49,2011
BC,54,2010
BC,55,2009
BC,53,2008
BC,54,2007
BC,59,2006
BC,63,2005
BC,63,2004
BC,70,2003
BC,68,2001
BC,83,1999
BC,87,1997
BC,88,1996
BC,82,1995
BC,88,1994
BDX,56,2025
BDX,58,2024
BDX,52,2023
BDX,53,2022
BDX,55,2021
BDX,56,2020
BDX,58,2019
BDX,52,2018
BDX,53,2017
BDX,54,2016
BDX,56,2015
BDX,57,2014
BDX,58,2013
BDX,52,2012
BDX,54,2011
BDX,55,2010
BDX,57,2008
BDX,61,2006
BDX,70,2005
BDX,74,2004
BDX,84,2003
BDX,81,2002
BDX,82,2001
BDX,71,1999
BDX,77,1998
BDX,77,1997
BDX,88,1995
BDX,88,1994
BEAM,55,2026
BEAM,56,2025
BEAM,58,2024
BEAM,59,2023
BEAM,59,2022
BEAM,74,2021
BEAM,90,2020
BEN,41,2025
BEN,43,2024
BEN,44,2023
BEN,45,2022
BEN,50,2021
BEN,51,2020
BEN,43,2019
BEN,40,2018
BEN,44,2017
BEN,45,2016
BEN,43,2015
BEN,43,2014
BEN,43,2013
BEN,45,2012
BEN,46,2011
BEN,47,2010
BEN,55,2009
BEN,56,2008
BEN,59,2007
BEN,81,2006
BEN,75,2004
BEN,80,2003
BEN,79,2002
BEN,87,2001
BEN,68,2000
BEN,82,1999
BEN,83,1997
BEN,88,1996
BEN,90,1995
BEN,90,1994
BEN,98,1994
BF-B,44,2025
BF-B,45,2024
BF-B,47,2023
BF-B,48,2022
BF-B,52,2021
BF-B,44,2019
BF-B,44,2018
BF-B,45,2017
BF-B,46,2016
BF-B,49,2015
BF-B,50,2014
BF-B,58,2013
BF-B,58,2012
BF-B,58,2011
BF-B,56,2010
BF-B,57,2009
BF-B,58,2008
BF-B,59,2007
BF-B,60,2006
BF-B,61,2005
BF-B,63,2004
BF-B,85,2003
BF-B,87,2002
BF-B,88,2001
BF-B,86,2000
BF-B,82,1999
BF-B,83,1997
BF-B,64,1996
BF-B,79,1995
BF-B,80,1994
BG,50,2026
BG,51,2025
BG,53,2024
BHF,55,2026
BHF,59,2025
BHF,53,2024
BHF,54,2023
BHF,55,2022
BHF,55,2021
BHF,57,2020
BHF,57,2019
BHF,75,2018
BIIB,37,2026
BIIB,43,2025
BIIB,44,2024
BIIB,46,2023
BIIB,34,2022
BIIB,34,2021
BIIB,37,2020
BIIB,37,2019
BIIB,32,2018
BIIB,33,2017
BIIB,34,2016
BIIB,35,2015
BIIB,37,2014
BIIB,36,2013
BIIB,34,2012
BIIB,35,2011
BIIB,40,2010
BIIB,37,2009
BIIB,52,2007
BIIB,62,2006
BIIB,90,2005
BIIB,70,2004
BIIB,91,2002
BIIB,92,2001
BIIB,90,2000
BIO,44,2026
BIO,45,2025
BIO,47,2024
BIO,48,2023
BIO,42,2022
BIO,44,2021
BIO,62,2020
BIO,89,2019
BIO,60,2017
BIO,60,2016
BIO,61,2015
BIO,76,2014
BIO,77,2013
BIO,60,2012
BIO,59,2011
BIO,57,2010
BIO,58,2009
BIO,60,2008
BIO,60,2007
BIO,62,2006
BIO,62,2005
BIO,75,2004
BIO,85,2003
BIO,87,2002
BIO,87,2001
BIO,89,2000
BIO,84,1999
BIO,85,1998
BIO,86,1997
BK,56,2026
BK,58,2025
BK,59,2024
BK,58,2023
BK,56,2022
BK,56,2021
BK,58,2020
BK,58,2019
BK,59,2018
BK,59,2017
BK,57,2016
BK,58,2015
BK,59,2014
BK,59,2012
BK,59,2011
BK,58,2009
BK,59,2008
BKNG,49,2026
BKNG,51,2025
BKNG,53,2024
BKNG,54,2023
BKNG,54,2022
BKNG,55,2021
BKNG,57,2020
BKNG,58,2019
BKNG,58,2018
BKNG,58,2017
BKNG,48,2016
BKNG,50,2015
BKNG,51,2014
BKNG,58,2012
BKNG,56,2011
BKNG,50,2010
BKNG,51,2009
BKNG,63,2008
BKNG,60,2007
BKNG,66,2006
BKNG,74,2005
BKNG,89,2001
BKR,36,2026
BKR,35,2025
BKR,36,2024
BKR,45,2023
BKR,42,2022
BKR,56,2021
BKR,44,2020
BKR,50,2019
BKR,54,2018
BLDR,48,2026
BLDR,51,2025
BLDR,53,2024
BLDR,59,2023
BLDR,60,2022
BLDR,52,2020
BLDR,60,2019
BLDR,60,2018
BLDR,60,2017
BLDR,71,2016
BLDR,62,2015
BLDR,59,2014
BLDR,60,2013
BLDR,62,2012
BLDR,62,2011
BLDR,63,2010
BLDR,59,2009
BLDR,65,2008
BLDR,71,2007
BLDR,72,2006
BLK,56,2026
BLK,56,2025
BMY,42,2026
BMY,43,2025
BMY,44,2024
BMY,45,2023
BMY,40,2022
BMY,41,2021
BMY,55,2020
BMY,56,2019
BMY,44,2018
BMY,52,2017
BMY,43,2016
BMY,44,2015
BMY,46,2013
BMY,48,2012
BMY,49,2011
BMY,50,2010
BMY,51,2009
BMY,53,2008
BMY,57,2007
BMY,72,2006
BMY,62,2005
BMY,87,2003
BMY,92,2001
BMY,90,2000
BMY,89,1999
BMY,90,1998
BMY,90,1997
BMY,88,1996
BMY,88,1995
BMY,90,1994
BR,36,2025
BR,37,2024
BR,39,2023
BR,43,2022
BR,43,2021
BR,42,2020
BR,37,2019
BR,38,2018
BR,41,2017
BR,40,2016
BR,38,2015
BR,38,2014
BR,43,2011
BR,42,2009
BR,45,2008
BR,54,2007
BRK-B,55,2025
BRK-B,57,2024
BRK-B,58,2023
BRK-B,59,2022
BRK-B,60,2021
BRK-B,55,2020
BRK-B,56,2019
BRK-B,57,2018
BRK-B,56,2017
BRK-B,58,2016
BRK-B,59,2015
BRK-B,62,2014
BRK-B,60,2013
BRK-B,58,2012
BRK-B,59,2011
BRK-B,60,2010
BRK-B,61,2009
BRK-B,60,2008
BRK-B,60,2007
BRK-B,70,2006
BRK-B,74,2005
BRK-B,72,2004
BRK-B,86,2003
BRK-B,88,2002
BRK-B,89,2001
BRK-B,89,2000
BRK-B,89,1999
BRO,42,2026
BRO,43,2025
BRO,53,2024
BRO,58,2023
BRO,53,2022
BRO,54,2021
BRO,55,2020
BRO,57,2019
BRO,59,2018
BRO,55,2017
BRO,59,2015
BRO,59,2014
BRO,60,2013
BRO,60,2012
BRO,60,2011
BRO,60,2010
BRO,61,2009
BRO,60,2007
BRO,75,2006
BRO,75,2005
BRO,75,2004
BRO,46,2002
BRO,75,2000
BRO,74,1999
BRO,83,1998
BRO,80,1997
BRO,80,1996
BRO,90,1995
BSX,48,2026
BSX,49,2025
BSX,54,2023
BSX,54,2022
BSX,54,2021
BSX,56,2020
BSX,50,2019
BSX,51,2018
BSX,55,2016
BSX,56,2015
BSX,57,2014
BSX,48,2012
BSX,48,2011
BSX,56,2010
BSX,58,2009
BSX,58,2008
BSX,60,2007
BSX,60,2006
BSX,75,2005
BSX,75,2004
BSX,90,2003
BSX,86,2002
BSX,92,2001
BSX,90,1997
BTU,50,2026
BTU,51,2025
BTU,54,2024
BTU,55,2023
BTU,49,2022
BTU,54,2021
BTU,52,2020
BTU,58,2019
BTU,57,2018
BTU,56,2015
BTU,52,2014
BTU,56,2013
BTU,58,2012
BTU,59,2011
BTU,55,2010
BTU,58,2009
BTU,59,2008
BTU,75,2005
BTU,64,2004
BTU,66,2003
BWA,42,2026
BWA,37,2025
BWA,39,2024
BWA,40,2023
BWA,46,2022
BWA,53,2021
BWA,44,2020
BWA,50,2019
BWA,40,2017
BWA,43,2015
BWA,44,2014
BWA,45,2013
BWA,45,2012
BWA,41,2011
BWA,42,2010
BWA,43,2009
BWA,45,2008
BWA,47,2007
BWA,48,2006
BWA,74,2005
BWA,72,2004
BWA,80,2003
BWA,84,2002
BX,58,2026
BX,59,2025
BX,54,2024
BX,55,2023
BX,56,2022
BX,57,2021
BX,59,2020
BX,60,2019
BX,60,2018
BX,55,2017
BX,57,2016
BX,58,2015
BX,59,2014
BX,60,2013
BX,59,2012
BX,56,2011
BX,57,2010
BX,61,2009
BX,71,2008
BXP,58,2026
BXP,58,2025
BXP,58,2024
BXP,58,2023
BXP,56,2022
BXP,57,2021
BXP,62,2020
BXP,59,2019
BXP,59,2018
BXP,59,2017
BXP,60,2016
BXP,61,2015
BXP,59,2014
BXP,59,2013
BXP,59,2012
BXP,56,2011
BXP,56,2010
BXP,61,2009
BXP,60,2008
BXP,60,2007
BXP,75,2006
BXP,74,2005
BXP,56,2004
BXP,58,2003
BXP,60,2002
C,51,2026
C,52,2025
C,54,2024
C,55,2023
C,56,2022
C,57,2021
C,52,2020
C,53,2019
C,54,2018
C,55,2017
C,57,2016
C,56,2015
C,62,2014
C,60,2013
C,55,2012
C,56,2011
C,57,2010
C,58,2009
C,53,2008
C,54,2007
C,54,2006
C,59,2005
C,61,2004
C,62,2003
CAG,46,2025
CAG,46,2024
CAG,46,2023
CAG,53,2022
CAG,54,2021
CAG,54,2020
CAG,54,2019
CAG,54,2018
CAG,54,2017
CAG,47,2016
CAG,47,2015
CAG,52,2014
CAG,54,2013
CAG,54,2012
CAG,51,2011
CAG,53,2010
CAG,54,2009
CAG,59,2008
CAG,59,2007
CAG,61,2006
CAG,75,2003
CAG,89,2002
CAG,89,1998
CAG,89,1997
CAG,92,1996
CAG,88,1995
CAG,89,1994
CAH,43,2025
CAH,45,2024
CAH,46,2023
CAH,42,2022
CAH,47,2021
CAH,44,2020
CAH,51,2019
CAH,53,2018
CAH,41,2017
CAH,43,2016
CAH,44,2015
CAH,44,2014
CAH,51,2013
CAH,53,2012
CAH,57,2011
CAH,58,2009
CAH,57,2008
CAH,63,2006
CAH,118,2004
CAH,91,2003
CAH,92,2002
CAH,68,2000
CAH,64,1999
CAH,57,1996
CAH,83,1995
CAH,64,1994
CARR,36,2026
CARR,42,2025
CARR,37,2024
CARR,38,2023
CARR,39,2022
CARR,40,2021
CAT,44,2026
CAT,45,2025
CAT,47,2024
CAT,46,2023
CAT,47,2022
CAT,48,2021
CAT,50,2020
CAT,45,2019
CAT,46,2018
CAT,46,2017
CAT,47,2016
CAT,48,2015
CAT,49,2014
CAT,50,2013
CAT,52,2012
CAT,53,2011
CAT,50,2010
CAT,51,2009
CAT,53,2008
CAT,54,2007
CAT,0,2006
CAT,2,2005
CAT,61,1994
CB,58,2026
CB,58,2025
CB,54,2024
CB,55,2023
CB,55,2022
CB,56,2021
CB,58,2020
CB,59,2019
CB,54,2018
CB,59,2017
CB,57,2016
CB,58,2015
CB,59,2014
CB,59,2013
CB,55,2012
CB,56,2011
CB,56,2010
CB,59,2007
CB,75,2006
CB,86,2003
CB,77,2002
CB,88,2001
CB,89,2000
CB,85,1997
CB,81,1996
CBOE,51,2026
CBOE,52,2025
CBOE,47,2024
CBOE,48,2023
CBOE,49,2022
CBOE,50,2021
CBOE,52,2020
CBOE,53,2019
CBOE,53,2018
CBOE,52,2017
CBOE,49,2016
CBOE,51,2015
CBOE,52,2014
CBOE,59,2012
CBOE,75,2011
CBRE,43,2026
CBRE,45,2025
CBRE,51,2024
CBRE,55,2023
CBRE,59,2022
CBRE,55,2021
CBRE,62,2020
CBRE,60,2019
CBRE,60,2018
CBRE,60,2017
CBRE,60,2016
CBRE,61,2015
CBRE,60,2013
CBRE,60,2012
CBRE,60,2011
CBRE,60,2010
CBRE,61,2009
CBRE,60,2008
CBRE,60,2007
CBRE,74,2006
CBRE,74,2005
CBRE,84,2003
CBRE,86,2002
CCI,54,2026
CCI,73,2025
CCI,54,2024
CCI,55,2023
CCI,53,2022
CCI,53,2021
CCI,70,2020
CCI,56,2019
CCI,57,2018
CCI,53,2017
CCI,53,2016
CCI,50,2015
CCI,55,2014
CCI,43,2013
CCI,44,2012
CCI,47,2010
CCI,57,2008
CCI,83,2006
CCI,88,2005
CCI,70,2004
CCI,85,2003
CCI,90,2000
CCI,76,1999
CCK,58,2026
CCK,62,2025
CCK,58,2024
CCK,58,2023
CCK,59,2022
CCK,57,2021
CCK,59,2020
CCK,59,2019
CCK,57,2018
CCK,55,2017
CCK,60,2016
CCK,61,2015
CCK,62,2014
CCK,60,2013
CCK,60,2012
CCK,59,2011
CCK,60,2010
CCK,58,2009
CCK,59,2007
CCK,75,2006
CCK,70,2005
CCK,71,2004
CCL,58,2026
CCL,58,2025
CCL,57,2024
CCL,58,2023
CCL,58,2022
CCL,57,2021
CCL,59,2019
CCL,60,2018
CCL,61,2017
CCL,60,2016
CCL,60,2015
CCL,60,2014
CCL,60,2013
CCL,61,2012
CCL,62,2011
CCL,60,2010
CCL,60,2009
CCL,60,2008
CCL,71,2006
CCL,76,2005
CCL,87,2004
CCL,90,2002
CCL,90,2001
CCL,90,2000
CCL,87,1999
CCL,89,1998
CCL,90,1997
CCL,57,1996
CDNS,49,2026
CDNS,51,2025
CDNS,44,2024
CDNS,44,2023
CDNS,52,2022
CDNS,58,2020
CDNS,60,2019
CDNS,52,2018
CDNS,41,2017
CDNS,47,2016
CDNS,54,2014
CDNS,54,2013
CDNS,55,2012
CDNS,54,2011
CDNS,55,2010
CDNS,58,2009
CDNS,59,2008
CDNS,55,2007
CDNS,69,2006
CDNS,74,2005
CDNS,90,2004
CDNS,76,2003
CDNS,73,2002
CDNS,89,2001
CDNS,88,1998
CDNS,83,1997
CDNS,89,1996
CDNS,168,1994
CDW,51,2026
CDW,52,2025
CDW,57,2024
CDW,55,2023
CDW,59,2022
CDW,57,2021
CDW,59,2020
CDW,58,2019
CDW,59,2018
CDW,59,2017
CDW,55,2016
CDW,57,2015
CDW,64,2014
CDW,69,2012
CDW,63,2011
CE,55,2026
CE,52,2025
CE,54,2024
CE,55,2023
CE,41,2022
CE,42,2021
CE,37,2020
CE,38,2019
CE,40,2018
CE,41,2017
CE,36,2016
CE,37,2015
CE,38,2014
CE,39,2013
CE,42,2011
CE,43,2010
CE,44,2009
CE,60,2008
CE,52,2007
CE,90,2006
CE,90,2005
CEG,55,2026
CEG,49,2025
CEG,58,2024
CEG,47,2023
CEG,56,2022
CF,56,2026
CF,51,2025
CF,53,2024
CF,54,2023
CF,55,2022
CF,55,2021
CF,55,2020
CF,53,2019
CF,53,2018
CF,54,2017
CF,56,2016
CF,57,2015
CF,58,2014
CF,58,2013
CF,58,2012
CF,56,2011
CF,56,2010
CF,57,2009
CF,58,2008
CF,59,2007
CF,79,2006
CFG,43,2026
CFG,44,2025
CFG,47,2024
CFG,48,2023
CFG,54,2022
CFG,54,2021
CFG,55,2020
CFG,52,2019
CFG,55,2017
CFG,57,2016
CFG,62,2015
CHD,43,2026
CHD,44,2025
CHD,46,2024
CHD,47,2023
CHD,48,2022
CHD,49,2021
CHD,49,2020
CHD,52,2019
CHD,54,2018
CHD,55,2017
CHD,50,2016
CHD,51,2015
CHD,52,2014
CHD,53,2013
CHD,55,2012
CHD,55,2011
CHD,55,2010
CHD,55,2009
CHD,58,2008
CHD,57,2007
CHD,72,2006
CHD,75,2004
CHD,86,2003
CHD,87,2002
CHD,68,2001
CHD,90,2000
CHD,90,1999
CHD,90,1998
CHD,86,1997
CHD,89,1996
CHD,88,1995
CHRW,44,2026
CHRW,45,2025
CHRW,47,2024
CHRW,48,2023
CHRW,54,2022
CHRW,50,2021
CHRW,50,2020
CHRW,56,2019
CHRW,59,2018
CHRW,60,2017
CHRW,60,2016
CHRW,61,2015
CHRW,62,2014
CHRW,60,2013
CHRW,60,2012
CHRW,60,2011
CHRW,60,2010
CHRW,58,2009
CHRW,60,2008
CHRW,60,2007
CHRW,75,2006
CHRW,74,2005
CHRW,75,2004
CHRW,76,2003
CHRW,74,2002
CHRW,89,2001
CHRW,84,2000
CHRW,85,1999
CHRW,84,1998
CHTR,30,2026
CHTR,31,2025
CHTR,33,2024
CHTR,27,2023
CHTR,28,2022
CHTR,29,2021
CHTR,31,2020
CHTR,31,2019
CHTR,33,2018
CHTR,47,2017
CHTR,41,2016
CHTR,55,2015
CHTR,52,2014
CHTR,53,2013
CHTR,58,2012
CHTR,60,2011
CHTR,57,2010
CHTR,58,2008
CHTR,59,2007
CHTR,59,2006
CHTR,62,2005
CHTR,75,2004
CHTR,105,2003
CHTR,65,2001
CHTR,90,2000
CI,57,2026
CI,58,2025
CI,60,2024
CI,54,2023
CI,55,2022
CI,56,2021
CI,58,2020
CI,59,2019
CIEN,41,2025
CIEN,48,2024
CIEN,48,2023
CIEN,48,2022
CIEN,48,2021
CIEN,48,2020
CIEN,50,2019
CIEN,51,2018
CIEN,52,2017
CIEN,51,2016
CIEN,51,2015
CIEN,48,2014
CIEN,50,2013
CIEN,51,2012
CIEN,52,2011
CIEN,52,2010
CIEN,52,2009
CIEN,53,2008
CIEN,57,2007
CIEN,71,2007
CIEN,73,2006
CIEN,39,2004
CIEN,41,2003
CIEN,42,2002
CIEN,38,2000
CIEN,40,1999
CIEN,40,1997
CINF,54,2026
CINF,55,2025
CINF,57,2024
CINF,54,2023
CINF,55,2022
CINF,56,2021
CINF,56,2020
CINF,53,2019
CINF,54,2018
CINF,55,2017
CINF,57,2016
CINF,58,2015
CINF,58,2014
CINF,58,2013
CINF,60,2012
CINF,56,2011
CINF,57,2010
CINF,58,2009
CINF,60,2008
CINF,59,2007
CINF,70,2005
CINF,71,2004
CINF,73,2003
CINF,86,2002
CINF,81,2001
CINF,83,2000
CINF,85,1999
CINF,82,1998
CINF,86,1997
CINF,82,1996
CINF,89,1995
CINF,89,1994
CL,54,2026
CL,44,2025
CL,46,2024
CL,47,2023
CL,48,2022
CL,49,2021
CL,52,2020
CL,52,2019
CL,54,2017
CL,49,2016
CL,50,2015
CL,51,2014
CL,52,2013
CL,54,2012
CL,55,2011
CL,56,2010
CL,58,2009
CL,59,2008
CL,54,2007
CL,55,2006
CL,56,2005
CL,72,2004
CL,83,2003
CL,79,2002
CL,77,1997
CL,85,1996
CL,82,1995
CL,84,1994
CLF,40,2026
CLF,56,2025
CLF,39,2024
CLF,45,2023
CLF,42,2022
CLF,57,2021
CLF,51,2020
CLF,39,2019
CLF,40,2017
CLF,55,2016
CLF,56,2015
CLF,43,2013
CLF,47,2012
CLF,48,2011
CLF,49,2010
CLF,57,2009
CLF,60,2008
CLF,145,2007
CLF,52,2006
CLF,53,2005
CLF,44,2004
CLF,36,2003
CLF,84,1998
CLF,87,1994
CLX,39,2025
CLX,39,2024
CLX,41,2023
CLX,41,2022
CLX,41,2021
CLX,44,2020
CLX,45,2019
CLX,45,2018
CLX,46,2017
CLX,52,2015
CLX,56,2014
CLX,54,2013
CLX,55,2012
CLX,56,2011
CLX,57,2010
CLX,56,2009
CLX,50,2008
CLX,55,2007
CLX,56,2006
CLX,62,2005
CLX,58,2004
CLX,81,2003
CLX,88,2002
CLX,90,2001
CLX,88,2000
CLX,90,1999
CLX,90,1998
CLX,87,1997
CLX,88,1996
CMCSA,34,2026
CMCSA,31,2025
CMCSA,31,2024
CMCSA,34,2023
CMCSA,33,2022
CMCSA,34,2021
CMCSA,30,2020
CMCSA,31,2019
CMCSA,31,2018
CMCSA,34,2017
CMCSA,36,2016
CMCSA,58,2015
CMCSA,43,2014
CMCSA,51,2013
CMCSA,54,2012
CMCSA,56,2011
CMCSA,54,2010
CMCSA,51,2009
CMCSA,51,2008
CMCSA,57,2007
CMCSA,53,2006
CMCSA,54,2005
CMCSA,72,2004
CMCSA,79,2003
CME,57,2026
CME,58,2025
CME,59,2024
CME,58,2023
CME,56,2022
CME,57,2021
CME,59,2020
CME,59,2019
CME,59,2018
CME,58,2017
CME,57,2016
CME,57,2015
CME,59,2014
CME,59,2013
CME,58,2012
CME,59,2011
CME,57,2010
CME,61,2009
CME,58,2008
CME,59,2007
CME,65,2006
CME,69,2005
CME,71,2004
CME,80,2003
CMG,35,2026
CMG,36,2025
CMG,38,2024
CMG,40,2023
CMG,42,2022
CMG,41,2021
CMG,36,2020
CMG,39,2019
CMG,39,2018
CMG,38,2017
CMG,36,2016
CMG,35,2015
CMG,36,2014
CMG,39,2013
CMG,41,2012
CMG,48,2011
CMG,50,2010
CMG,50,2009
CMG,57,2008
CMG,54,2007
CMG,76,2006
CMI,41,2026
CMI,42,2025
CMI,43,2024
CMI,45,2023
CMI,39,2022
CMI,41,2021
CMI,42,2020
CMI,42,2019
CMI,45,2018
CMI,44,2017
CMI,43,2016
CMI,48,2015
CMI,49,2014
CMI,51,2013
CMI,52,2012
CMI,55,2011
CMI,56,2010
CMI,58,2009
CMI,57,2008
CMI,58,2007
CMI,216,2003
CMI,59,2002
CMI,72,2001
CMI,77,2000
CMI,63,1998
CMI,63,1997
CMI,65,1996
CMI,69,1995
CMI,69,1994
CMS,41,2026
CMS,42,2025
CMS,39,2024
CMS,40,2023
CMS,41,2022
CMS,42,2021
CMS,37,2020
CMS,36,2019
CMS,45,2018
CMS,38,2017
CMS,42,2016
CMS,36,2015
CMS,37,2014
CMS,52,2013
CMS,54,2012
CMS,55,2011
CMS,57,2010
CMS,56,2009
CMS,52,2008
CMS,54,2007
CMS,88,2002
CMS,82,2001
CMS,90,2000
CMS,73,1997
CMS,74,1996
CMS,74,1995
CMS,77,1994
CNC,48,2026
CNC,49,2025
CNC,51,2024
CNC,52,2023
CNC,53,2022
CNC,53,2021
CNC,49,2020
CNC,50,2019
CNC,51,2018
CNC,52,2017
CNC,53,2016
CNC,54,2015
CNC,52,2014
CNC,50,2013
CNC,52,2012
CNC,53,2011
CNC,53,2010
CNC,54,2009
CNC,56,2008
CNC,54,2007
CNC,55,2006
CNC,55,2005
CNC,56,2003
CNP,50,2026
CNP,51,2025
CNP,51,2024
CNP,48,2023
CNP,53,2022
CNP,56,2021
CNP,58,2020
CNP,59,2019
CNP,53,2018
CNP,59,2017
CNP,57,2016
CNP,57,2015
CNP,57,2014
CNP,58,2013
CNP,60,2012
CNP,57,2010
CNP,56,2009
CNP,59,2008
CNP,59,2007
CNP,75,2006
CNP,75,2004
CNP,69,2003
CNX,41,2026
CNX,42,2025
CNX,39,2024
CNX,40,2023
CNX,41,2022
CNX,40,2021
CNX,41,2020
CNX,38,2019
CNX,38,2018
CNX,39,2017
CNX,36,2016
CNX,37,2015
CNX,38,2014
CNX,41,2012
CNX,41,2011
CNX,40,2010
CNX,48,2009
CNX,50,2008
CNX,51,2007
CNX,74,2006
CNX,59,2005
CNX,72,2004
COF,50,2026
COF,51,2025
COF,53,2024
COF,55,2023
COF,56,2022
COF,56,2021
COF,51,2020
COF,51,2019
COF,52,2018
COF,54,2017
COF,56,2016
COF,55,2015
COF,58,2014
COF,59,2013
COF,59,2012
COF,57,2010
COF,57,2009
COF,60,2008
COF,60,2007
COF,65,2004
COF,73,2003
COF,88,2001
COF,85,1999
COF,77,1998
COF,86,1997
COIN,43,2026
COIN,44,2025
COIN,46,2024
COIN,52,2023
COIN,55,2022
COO,35,2025
COO,36,2024
COO,38,2023
COO,39,2022
COO,40,2021
COO,41,2020
COO,50,2019
COO,51,2018
COO,52,2017
COO,52,2016
COO,48,2015
COO,49,2014
COO,50,2013
COO,50,2012
COO,46,2011
COO,47,2010
COO,49,2009
COO,49,2008
COO,56,2007
COO,52,2006
COO,75,2005
COO,89,2004
COO,88,2003
COO,88,1997
COO,87,1995
COP,48,2026
COP,49,2025
COP,46,2024
COP,47,2023
COP,48,2022
COP,47,2021
COP,49,2020
COP,50,2019
COP,51,2018
COP,52,2017
COP,54,2016
COP,55,2015
COP,56,2014
COP,50,2013
COP,52,2012
COP,53,2008
COP,54,2007
COP,58,2006
COP,56,2005
COP,62,2004
COP,85,2003
COR,56,2025
COR,57,2024
COR,52,2023
COR,53,2022
COR,54,2021
COR,50,2020
COR,50,2019
COR,51,2018
COR,52,2017
COR,53,2016
COR,55,2015
COR,56,2014
COR,57,2013
COR,58,2012
COR,53,2011
COR,54,2010
COR,56,2009
COR,56,2008
COR,59,2007
COR,69,2006
COR,70,2005
COR,71,2004
COR,80,2003
COR,85,2002
COST,38,2025
COST,37,2024
COST,37,2023
COST,38,2022
COST,38,2021
COST,37,2020
COST,39,2019
COST,54,2018
COST,45,2017
COST,44,2015
COST,45,2014
COST,45,2013
COST,47,2012
COST,47,2011
COST,47,2010
COST,47,2009
COST,75,2006
COST,74,2005
COST,75,2004
COST,82,2003
COST,82,2002
COST,87,1999
COST,81,1994
COTY,52,2025
COTY,51,2024
COTY,53,2023
COTY,56,2022
COTY,58,2020
COTY,59,2019
COTY,52,2018
COTY,54,2017
COTY,49,2016
COTY,48,2015
COTY,59,2014
COTY,79,2013
CPAY,57,2026
CPAY,58,2025
CPAY,60,2024
CPAY,59,2023
CPAY,57,2021
CPAY,62,2020
CPAY,60,2019
CPAY,60,2018
CPAY,60,2017
CPAY,60,2016
CPAY,61,2015
CPAY,62,2014
CPAY,60,2013
CPAY,60,2012
CPAY,84,2011
CPB,46,2025
CPB,53,2024
CPB,53,2023
CPB,53,2022
CPB,53,2021
CPB,53,2020
CPB,60,2019
CPB,60,2018
CPB,59,2017
CPB,53,2016
CPB,58,2015
CPB,52,2014
CPB,60,2013
CPB,60,2012
CPB,59,2011
CPB,59,2010
CPB,59,2009
CPB,59,2008
CPB,59,2007
CPB,73,2006
CPB,72,2005
CPB,72,2004
CPB,67,2003
CPB,75,2002
CPB,68,1995
CPRI,60,2025
CPRI,60,2024
CPRI,60,2023
CPRI,60,2022
CPRI,60,2021
CPRI,102,2020
CPRI,60,2019
CPRI,60,2018
CPRI,60,2017
CPRI,60,2016
CPRI,60,2015
CPRI,60,2014
CPRI,60,2013
CPRT,57,2025
CPRT,58,2024
CPRT,59,2023
CPRT,58,2022
CPRT,58,2021
CPRT,59,2020
CPRT,61,2019
CPRT,62,2018
CPRT,59,2017
CPRT,59,2016
CPRT,56,2015
CPRT,60,2014
CPRT,62,2012
CPRT,54,2010
CPRT,60,2008
CPRT,62,2007
CPRT,92,2006
CPRT,75,2005
CPRT,75,2004
CPRT,78,2003
CPRT,90,2002
CPRT,89,1997
CPRT,89,1996
CPT,43,2026
CPT,51,2025
CPT,53,2024
CPT,54,2023
CPT,48,2022
CPT,49,2021
CPT,46,2019
CPT,47,2018
CPT,44,2017
CPT,50,2016
CPT,51,2015
CPT,52,2014
CPT,46,2013
CPT,48,2012
CPT,55,2011
CPT,56,2010
CPT,51,2009
CPT,53,2008
CPT,69,2006
CPT,74,2005
CPT,72,2004
CPT,86,2003
CPT,87,2002
CPT,88,2001
CPT,89,2000
CPT,37,1998
CPT,87,1997
CPWR,297,2025
CPWR,88,2024
CPWR,248,2023
CPWR,89,2021
CPWR,79,2020
CPWR,81,2019
CPWR,92,2018
CPWR,93,2017
CPWR,90,2016
CPWR,243,2015
CPWR,608,2015
CPWR,973,2015
CPWR,89,2012
CPWR,103,2011
CPWR,90,2009
CPWR,298,1996
CRH,49,2026
CRH,57,2025
CRL,53,2026
CRL,53,2025
CRL,46,2024
CRL,53,2023
CRL,53,2022
CRL,53,2021
CRL,45,2020
CRL,46,2019
CRL,45,2018
CRL,45,2017
CRL,48,2016
CRL,52,2015
CRL,59,2014
CRL,60,2013
CRL,58,2012
CRL,60,2011
CRL,55,2010
CRL,58,2009
CRL,53,2008
CRL,59,2007
CRL,73,2006
CRL,82,2003
CRL,88,2002
CRL,89,2001
CRL,135,2000
CRM,33,2025
CRM,35,2024
CRM,36,2023
CRM,39,2022
CRM,389,2022
CRM,34,2020
CRM,36,2019
CRM,37,2018
CRM,34,2017
CRM,33,2016
CRM,33,2015
CRM,33,2014
CRM,36,2013
CRM,38,2012
CRM,39,2010
CRM,37,2009
CRM,29,2008
CRM,37,2007
CRM,43,2006
CRM,53,2005
CRWD,38,2025
CRWD,36,2024
CRWD,37,2023
CRWD,44,2022
CRWD,46,2021
CRWD,52,2020
CSCO,39,2025
CSCO,40,2024
CSCO,40,2023
CSCO,40,2022
CSCO,40,2021
CSCO,40,2020
CSCO,40,2019
CSCO,40,2018
CSCO,40,2017
CSCO,40,2016
CSCO,45,2015
CSCO,45,2014
CSCO,45,2013
CSCO,46,2012
CSCO,46,2011
CSCO,52,2010
CSCO,48,2009
CSCO,51,2008
CSCO,52,2007
CSCO,51,2006
CSCO,51,2005
CSCO,51,2004
CSCO,46,2003
CSCO,58,2001
CSCO,62,2000
CSCO,62,1998
CSCO,88,1997
CSCO,89,1996
CSCO,0,1995
CSGP,56,2026
CSGP,50,2025
CSGP,52,2024
CSGP,53,2023
CSGP,54,2022
CSGP,55,2021
CSGP,57,2020
CSGP,59,2019
CSGP,53,2018
CSGP,54,2017
CSGP,56,2016
CSGP,57,2015
CSGP,51,2014
CSGP,59,2013
CSGP,54,2012
CSGP,55,2011
CSGP,54,2009
CSGP,59,2008
CSGP,58,2007
CSGP,66,2006
CSGP,70,2005
CSGP,72,2004
CSGP,89,2000
CSGP,90,1999
CSX,43,2026
CSX,58,2025
CSX,45,2024
CSX,46,2023
CSX,47,2022
CSX,41,2021
CSX,43,2020
CSX,37,2019
CSX,38,2018
CSX,46,2017
CSX,47,2016
CSX,47,2015
CSX,47,2014
CSX,53,2013
CSX,53,2012
CSX,49,2011
CSX,56,2010
CSX,55,2009
CSX,56,2008
CSX,47,2007
CSX,56,2006
CSX,75,2004
CSX,61,2003
CSX,66,2002
CSX,62,2001
CSX,67,2000
CSX,68,1999
CSX,63,1994
CTAS,58,2025
CTAS,55,2024
CTAS,57,2023
CTAS,57,2022
CTAS,58,2021
CTAS,59,2020
CTAS,56,2019
CTAS,57,2018
CTAS,61,2017
CTAS,59,2016
CTAS,60,2015
CTAS,60,2014
CTAS,60,2013
CTAS,60,2012
CTAS,59,2011
CTAS,60,2009
CTAS,60,2008
CTAS,60,2007
CTAS,72,2006
CTAS,76,2005
CTAS,77,2004
CTAS,90,2003
CTAS,87,2002
CTAS,90,2001
CTAS,89,2000
CTAS,88,1999
CTAS,89,1998
CTAS,88,1997
CTAS,90,1994
CTRA,58,2026
CTRA,56,2025
CTRA,54,2024
CTRA,58,2023
CTRA,60,2022
CTRA,57,2021
CTRA,56,2020
CTRA,57,2019
CTRA,58,2017
CTRA,53,2016
CTRA,58,2015
CTRA,59,2014
CTRA,59,2013
CTRA,59,2012
CTRA,59,2011
CTRA,57,2010
CTRA,58,2009
CTRA,58,2008
CTRA,59,2007
CTRA,65,2006
CTRA,61,2005
CTRA,52,2003
CTRA,88,1994
CTSH,43,2026
CTSH,43,2025
CTSH,45,2024
CTSH,46,2023
CTSH,47,2022
CTSH,43,2021
CTSH,45,2020
CTSH,50,2019
CTSH,58,2018
CTSH,60,2017
CTSH,56,2016
CTSH,58,2015
CTSH,56,2014
CTSH,57,2013
CTSH,58,2012
CTSH,54,2011
CTSH,56,2010
CTSH,61,2009
CTSH,59,2008
CTSH,47,2007
CTSH,74,2006
CTSH,75,2005
CTSH,72,2004
CTSH,73,2003
CTSH,70,2002
CTSH,74,2001
CTSH,67,2000
CTSH,78,1999
CTVA,43,2026
CTVA,45,2025
CTVA,39,2024
CTVA,40,2023
CTVA,41,2022
CTVA,42,2021
CTVA,45,2020
CVNA,49,2026
CVNA,50,2025
CVNA,53,2024
CVNA,54,2023
CVNA,55,2022
CVNA,56,2021
CVNA,57,2020
CVNA,58,2019
CVNA,65,2018
CVS,41,2026
CVS,43,2025
CVS,38,2024
CVS,39,2023
CVS,40,2022
CVS,47,2021
CVS,49,2020
CVS,59,2019
CVS,45,2018
CVS,40,2017
CVS,40,2016
CVS,41,2015
CVS,42,2014
CVS,46,2013
CVS,48,2012
CVS,49,2011
CVS,57,2010
CVS,58,2009
CVS,60,2008
CVS,59,2007
CVS,73,2006
CVS,74,2005
CVS,69,2004
CVS,80,2003
CVS,79,2001
CVS,90,2000
CVS,89,1996
CVS,88,1995
CVS,90,1994
CVX,55,2026
CVX,52,2025
CVX,57,2024
CVX,54,2023
CVX,55,2022
CVX,56,2021
CVX,52,2020
CVX,53,2019
CVX,53,2018
CVX,54,2017
CVX,56,2016
CVX,51,2015
CVX,52,2014
CVX,53,2013
CVX,54,2012
CVX,55,2011
CVX,56,2010
CVX,57,2009
CVX,59,2007
CVX,60,2006
CVX,62,2005
CVX,69,2004
CVX,76,2003
CVX,87,2001
CVX,90,2000
CVX,90,1999
CVX,87,1996
CVX,89,1995
CVX,89,1994
CZR,48,2026
CZR,56,2025
CZR,51,2024
CZR,53,2023
CZR,55,2022
CZR,58,2021
CZR,60,2019
CZR,58,2018
CZR,72,2017
CZR,75,2015
D,54,2026
D,58,2025
D,54,2024
D,52,2023
D,55,2022
D,56,2021
D,59,2020
D,59,2019
D,58,2018
D,59,2017
D,57,2016
D,58,2015
D,58,2014
D,59,2013
D,59,2012
D,59,2011
D,57,2010
D,57,2009
D,59,2008
D,59,2007
D,59,2005
D,58,2004
D,79,2003
D,70,2002
DAL,41,2026
DAL,42,2025
DAL,43,2024
DAL,41,2023
DAL,42,2022
DAL,43,2021
DAL,43,2020
DAL,46,2019
DAL,54,2018
DAL,36,2016
DAL,41,2015
DAL,43,2013
DAL,41,2012
DAL,55,2010
DAL,61,2009
DAL,46,2008
DAL,72,2004
DAL,86,2003
DAL,90,1998
DAL,91,1997
DAL,92,1996
DAL,90,1995
DAL,89,1994
DASH,49,2026
DASH,45,2025
DASH,51,2024
DASH,55,2023
DASH,60,2022
DASH,64,2021
DD,48,2026
DD,45,2025
DD,46,2024
DD,46,2023
DD,42,2022
DD,43,2021
DD,45,2020
DD,42,2019
DD,46,2018
DDOG,49,2026
DDOG,51,2025
DDOG,54,2024
DDOG,55,2023
DDOG,56,2022
DDOG,60,2021
DDOG,56,2020
DE,46,2025
DE,46,2024
DE,47,2023
DE,46,2022
DE,46,2021
DE,46,2020
DE,46,2019
DE,50,2018
DE,50,2017
DE,49,2016
DE,49,2014
DE,46,2013
DE,47,2012
DE,49,2011
DE,47,2010
DE,47,2009
DE,48,2008
DE,50,2007
DE,49,2006
DE,50,2005
DE,51,2004
DE,52,2003
DE,49,2002
DECK,53,2025
DECK,54,2024
DECK,56,2023
DECK,57,2022
DECK,58,2021
DECK,62,2020
DECK,60,2019
DECK,60,2018
DECK,61,2016
DECK,62,2015
DECK,62,2014
DECK,60,2013
DECK,60,2012
DECK,60,2011
DECK,61,2009
DECK,60,2008
DECK,68,2006
DECK,75,2005
DECK,90,2003
DECK,88,2002
DECK,89,2001
DECK,90,2000
DECK,90,1999
DECK,90,1998
DELL,53,2025
DELL,52,2024
DELL,55,2023
DELL,55,2022
DELL,56,2021
DELL,56,2020
DELL,56,2019
DELL,55,2018
DELL,56,2017
DG,49,2025
DG,52,2024
DG,49,2023
DG,49,2022
DG,49,2021
DG,48,2020
DG,49,2019
DG,49,2018
DG,49,2017
DG,53,2016
DG,49,2015
DG,48,2014
DG,52,2013
DG,48,2012
DG,53,2011
DG,61,2010
DG,53,2009
DG,56,2008
DG,55,2007
DG,46,2006
DG,74,2005
DG,46,2004
DG,47,2003
DG,92,2002
DG,346,2002
DG,87,1999
DG,80,1998
DG,87,1997
DG,89,1996
DGX,57,2026
DGX,51,2025
DGX,53,2024
DGX,52,2023
DGX,59,2022
DGX,53,2021
DGX,51,2020
DGX,52,2019
DGX,54,2018
DGX,53,2017
DGX,57,2016
DGX,55,2015
DGX,49,2014
DGX,58,2013
DGX,47,2012
DGX,47,2011
DGX,48,2010
DGX,48,2009
DGX,53,2008
DGX,60,2007
DGX,59,2006
DGX,69,2005
DGX,58,2004
DGX,59,2003
DGX,92,2001
DGX,79,1998
DGX,78,1997
DHI,50,2025
DHI,50,2024
DHI,48,2023
DHI,49,2022
DHI,49,2021
DHI,50,2020
DHI,56,2019
DHI,47,2018
DHI,46,2017
DHI,49,2016
DHI,49,2015
DHI,48,2014
DHI,57,2013
DHI,47,2012
DHI,48,2011
DHI,48,2010
DHI,51,2009
DHI,57,2008
DHI,58,2007
DHI,72,2006
DHI,75,2005
DHI,71,2004
DHI,73,2003
DHI,74,2002
DHI,51,2001
DHI,74,2000
DHI,71,1999
DHI,71,1998
DHI,69,1997
DHI,81,1996
DHR,55,2026
DHR,51,2025
DHR,52,2024
DHR,53,2023
DHR,54,2022
DHR,56,2021
DHR,52,2020
DHR,52,2019
DHR,51,2018
DHR,52,2017
DHR,54,2016
DHR,55,2015
DHR,52,2014
DHR,53,2013
DHR,55,2012
DHR,55,2011
DHR,55,2010
DHR,56,2009
DHR,51,2008
DHR,60,2007
DHR,74,2006
DHR,66,2005
DHR,69,2004
DHR,87,2003
DHR,78,1999
DHR,76,1998
DHR,82,1994
DIS,47,2025
DIS,47,2024
DIS,53,2021
DIS,53,2020
DIS,53,2019
DLR,44,2026
DLR,56,2025
DLR,54,2024
DLR,56,2023
DLR,56,2022
DLR,60,2021
DLR,62,2020
DLR,56,2019
DLR,60,2018
DLR,60,2017
DLR,61,2015
DLR,59,2013
DLR,59,2012
DLR,57,2010
DLR,61,2009
DLR,60,2008
DLR,60,2007
DLR,75,2006
DLR,90,2005
DLTR,53,2025
DLTR,46,2024
DLTR,41,2023
DLTR,45,2022
DLTR,45,2021
DLTR,48,2020
DLTR,53,2019
DLTR,59,2017
DLTR,58,2016
DLTR,41,2015
DLTR,41,2014
DLTR,41,2013
DLTR,47,2011
DLTR,54,2009
DLTR,59,2008
DLTR,59,2007
DLTR,74,2006
DLTR,75,2005
DLTR,104,2004
DLTR,86,2003
DLTR,73,2002
DLTR,89,2001
DLTR,77,2000
DLTR,84,1999
DLTR,89,1998
DLTR,87,1997
DOC,34,2026
DOC,35,2025
DOC,40,2024
DOC,39,2023
DOC,40,2022
DOC,41,2021
DOC,44,2020
DOC,45,2019
DOC,44,2018
DOC,44,2017
DOC,40,2016
DOC,41,2015
DOC,42,2014
DOC,45,2012
DOC,46,2011
DOC,43,2010
DOC,58,2009
DOC,44,2007
DOC,45,2006
DOC,74,2005
DOC,75,2004
DOC,51,2003
DOC,68,2001
DOC,90,2000
DOC,88,1999
DOC,37,1996
DOC,88,1995
DOC,87,1994
DOV,44,2026
DOV,45,2025
DOV,40,2024
DOV,41,2023
DOV,42,2022
DOV,43,2021
DOV,45,2020
DOV,46,2019
DOV,41,2017
DOV,43,2016
DOV,44,2015
DOV,45,2014
DOV,46,2013
DOV,41,2012
DOV,42,2011
DOV,50,2010
DOV,51,2009
DOV,59,2008
DOV,59,2007
DOV,66,2006
DOV,73,2005
DOV,58,2004
DOV,70,2003
DOV,60,2002
DOV,90,1997
DOW,34,2026
DOW,35,2025
DOW,31,2024
DOW,32,2023
DOW,35,2022
DOW,36,2021
DOW,38,2020
DPZ,57,2026
DPZ,57,2025
DPZ,57,2024
DPZ,53,2023
DPZ,58,2022
DPZ,53,2021
DPZ,53,2020
DPZ,53,2019
DPZ,51,2018
DPZ,58,2017
DPZ,53,2016
DPZ,58,2015
DPZ,58,2014
DPZ,60,2013
DPZ,58,2012
DPZ,58,2011
DPZ,58,2010
DPZ,58,2009
DPZ,54,2007
DPZ,61,2006
DPZ,74,2005
DRI,54,2025
DRI,54,2024
DRI,54,2023
DRI,54,2022
DRI,54,2021
DRI,54,2020
DRI,54,2019
DRI,54,2018
DRI,57,2016
DRI,54,2015
DRI,54,2014
DRI,54,2013
DRI,54,2012
DRI,54,2011
DRI,54,2010
DRI,53,2008
DRI,53,2007
DRI,61,2006
DRI,61,2005
DRI,89,2003
DRI,85,2002
DRI,81,2001
DRI,85,1999
DTE,48,2026
DTE,44,2025
DTE,39,2024
DTE,54,2023
DTE,41,2022
DTE,50,2021
DTE,36,2020
DTE,38,2019
DTE,47,2018
DTE,40,2017
DTE,41,2016
DTE,44,2015
DTE,45,2014
DTE,51,2013
DTE,47,2012
DTE,49,2011
DTE,54,2010
DTE,67,2008
DTE,60,2007
DTE,67,2006
DTE,63,2004
DTE,83,2003
DTE,55,1998
DUK,57,2026
DUK,58,2025
DUK,54,2024
DUK,58,2023
DUK,55,2022
DUK,56,2021
DUK,51,2020
DUK,59,2019
DUK,55,2017
DUK,58,2015
DUK,59,2014
DUK,60,2013
DUK,59,2012
DUK,56,2011
DUK,57,2010
DUK,58,2009
DUK,60,2008
DV,57,2026
DV,58,2025
DV,59,2024
DV,60,2023
DV,67,2022
DVA,42,2026
DVA,44,2025
DVA,45,2024
DVA,53,2023
DVA,42,2022
DVA,43,2021
DVA,52,2020
DVA,53,2019
DVA,54,2018
DVA,55,2017
DVA,57,2015
DVA,52,2014
DVA,60,2013
DVA,55,2012
DVA,56,2010
DVA,58,2009
DVA,60,2008
DVA,59,2007
DVA,65,2006
DVA,62,2005
DVA,58,2004
DVA,59,2003
DVN,49,2026
DVN,50,2025
DVN,59,2024
DVN,46,2023
DVN,47,2022
DVN,48,2021
DVN,50,2020
DVN,51,2019
DVN,52,2018
DVN,46,2017
DVN,48,2016
DVN,51,2015
DVN,59,2014
DVN,52,2013
DVN,55,2012
DVN,56,2011
DVN,58,2009
DVN,59,2007
DVN,62,2006
DVN,67,2005
DVN,65,2004
DVN,66,2003
DXC,45,2025
DXC,47,2024
DXC,49,2023
DXC,56,2022
DXC,57,2021
DXC,62,2020
DXC,74,2019
DXC,59,2018
DXCM,43,2026
DXCM,45,2025
DXCM,39,2024
DXCM,40,2023
DXCM,45,2022
DXCM,42,2021
DXCM,44,2020
DXCM,52,2019
DXCM,58,2018
DXCM,59,2017
DXCM,54,2016
DXCM,56,2015
DXCM,51,2014
DXCM,52,2013
DXCM,62,2011
DXCM,68,2010
DXCM,64,2009
DXCM,71,2008
DXCM,58,2007
DXCM,58,2006
DYN,58,2025
DYN,65,2024
DYN,61,2023
DYN,69,2022
DYN,63,2021
EA,43,2025
EA,52,2024
EA,54,2023
EA,55,2022
EA,56,2021
EA,50,2020
EA,54,2019
EA,53,2018
EA,54,2017
EA,56,2016
EA,51,2015
EA,52,2013
EA,55,2012
EA,54,2011
EA,58,2010
EA,52,2009
EA,53,2008
EA,60,2007
EA,71,2006
EA,68,2005
EA,65,2004
EA,71,2003
EA,89,2002
EA,90,2001
EA,90,1999
EA,87,1998
EA,84,1997
EA,92,1996
EBAY,50,2026
EBAY,35,2021
EBAY,30,2019
EBAY,36,2018
EBAY,37,2017
EBAY,36,2015
EBAY,31,2014
EBAY,31,2013
EBAY,30,2012
EBAY,28,2011
EBAY,48,2010
EBAY,50,2009
EBAY,59,2008
EBAY,59,2007
EBAY,54,2006
EBAY,59,2005
EBAY,65,2004
EBAY,90,2003
EBAY,84,2002
EBAY,87,2001
ECL,54,2026
ECL,52,2025
ECL,54,2024
ECL,55,2023
ECL,56,2022
ECL,57,2021
ECL,59,2020
ECL,60,2019
ECL,54,2018
ECL,55,2017
ECL,57,2016
ECL,58,2015
ECL,59,2014
ECL,59,2012
ECL,56,2011
ECL,57,2010
ECL,58,2009
ECL,56,2008
ECL,59,2007
ECL,59,2006
ECL,62,2005
ECL,65,2004
ECL,66,2003
ED,50,2026
ED,51,2025
ED,46,2024
ED,47,2023
ED,48,2022
ED,49,2021
ED,51,2020
ED,52,2019
ED,46,2018
ED,47,2017
ED,49,2016
ED,50,2015
ED,51,2014
ED,52,2013
ED,52,2012
ED,53,2011
ED,53,2010
ED,54,2009
ED,53,2008
ED,52,2007
ED,53,2006
ED,56,2005
ED,55,2004
ED,58,2003
ED,86,2002
ED,92,2001
ED,86,1998
EFX,50,2026
EFX,51,2025
EFX,53,2024
EFX,54,2023
EFX,55,2022
EFX,56,2021
EFX,51,2020
EFX,52,2019
EFX,60,2018
EFX,53,2017
EFX,55,2016
EFX,56,2015
EFX,59,2014
EFX,53,2013
EFX,54,2012
EFX,54,2010
EFX,57,2009
EFX,58,2008
EFX,58,2007
EFX,61,2006
EFX,71,2004
EFX,71,2002
EFX,90,1997
EFX,89,1995
EG,57,2026
EG,58,2025
EG,59,2024
EG,55,2023
EG,59,2022
EG,60,2021
EG,62,2020
EG,60,2019
EG,60,2018
EG,60,2017
EG,60,2016
EG,61,2015
EG,62,2014
EG,60,2013
EG,60,2012
EG,60,2011
EG,60,2010
EG,60,2008
EG,59,2007
EG,68,2006
EG,74,2005
EG,76,2003
EG,78,2002
EIX,49,2026
EIX,58,2025
EIX,53,2024
EIX,54,2023
EIX,55,2022
EIX,56,2021
EIX,58,2020
EIX,59,2019
EIX,53,2018
EIX,52,2017
EIX,54,2016
EIX,55,2015
EIX,56,2014
EIX,57,2013
EIX,60,2012
EIX,59,2011
EIX,60,2010
EIX,61,2009
EIX,58,2008
EIX,59,2007
EIX,66,2006
EIX,75,2005
EIX,75,2004
EIX,90,2003
EIX,88,2002
EIX,107,2001
EIX,89,2000
EIX,83,1999
EIX,87,1996
EIX,88,1995
EIX,80,1994
EL,51,2025
EL,50,2024
EL,49,2023
EL,55,2022
EL,58,2021
EL,59,2020
EL,54,2019
EL,55,2018
EL,56,2017
EL,55,2016
EL,51,2015
EL,51,2014
EL,54,2013
EL,48,2012
EL,53,2011
EL,51,2010
EL,50,2009
EL,52,2008
EL,59,2007
EL,56,2006
EL,64,2005
EL,77,2003
EL,79,2002
EL,79,2001
EL,80,2000
EL,75,1999
EL,73,1998
ELV,37,2026
ELV,51,2025
ELV,52,2024
ELV,46,2023
ELV,47,2022
ELV,49,2021
ELV,50,2020
ELV,51,2019
ELV,52,2018
ELV,53,2017
ELV,50,2016
ELV,55,2015
ELV,51,2014
ELV,53,2013
ELV,53,2012
ELV,48,2011
ELV,49,2010
ELV,50,2009
ELV,52,2008
ELV,57,2007
ELV,54,2006
ELV,73,2005
ELV,58,2004
ELV,66,2003
EME,57,2026
EME,57,2025
EME,59,2024
EME,54,2023
EME,55,2022
EME,56,2021
EME,58,2020
EME,52,2019
EME,53,2018
EME,54,2017
EME,56,2016
EME,57,2015
EME,56,2014
EME,57,2013
EME,58,2012
EME,56,2011
EME,56,2010
EME,57,2009
EME,52,2008
EME,53,2007
EME,54,2006
EME,68,2005
EME,57,2004
EME,62,1997
EMN,44,2026
EMN,45,2025
EMN,45,2024
EMN,46,2023
EMN,55,2022
EMN,53,2021
EMN,57,2020
EMN,58,2019
EMN,60,2018
EMN,58,2017
EMN,56,2016
EMN,58,2015
EMN,59,2014
EMN,59,2013
EMN,53,2012
EMN,54,2011
EMN,56,2009
EMN,60,2008
EMN,60,2007
EMN,72,2006
EMN,73,2005
EMN,65,2004
EMN,70,2003
EMR,41,2025
EMR,43,2024
EMR,44,2023
EMR,45,2022
EMR,46,2021
EMR,47,2020
EMR,49,2019
EMR,50,2018
EMR,51,2017
EMR,47,2016
EMR,49,2015
EMR,50,2014
EMR,50,2013
EMR,51,2012
EMR,53,2011
EMR,54,2010
EMR,54,2009
EMR,55,2008
EMR,50,2007
EMR,51,2006
EMR,53,2005
EMR,49,2004
EMR,0,2003
EMR,84,2002
EMR,82,2001
EMR,81,1999
EMR,84,1998
EMR,80,1997
EMR,80,1996
EMR,82,1995
EMR,83,1994
ENPH,45,2026
ENPH,39,2025
ENPH,40,2024
ENPH,42,2023
ENPH,42,2022
ENPH,43,2021
ENPH,52,2020
ENPH,74,2019
ENPH,92,2018
ENPH,75,2017
ENPH,61,2016
ENPH,62,2015
ENPH,64,2013
EOG,55,2026
EOG,58,2025
EOG,53,2024
EOG,54,2023
EOG,55,2022
EOG,56,2021
EOG,58,2020
EOG,57,2019
EOG,58,2018
EOG,58,2017
EOG,56,2016
EOG,49,2015
EOG,55,2014
EOG,53,2013
EOG,56,2012
EOG,55,2011
EOG,56,2010
EOG,56,2009
EOG,59,2008
EOG,59,2007
EOG,53,2006
EOG,56,2005
EOG,71,2004
EOG,72,2003
EOG,79,2002
EOG,82,2001
EOG,82,1994
EP,86,2025
EP,88,2024
EP,90,2023
EP,90,2022
EP,90,2021
EP,90,2020
EP,91,2019
EP,92,2018
EP,90,2017
EP,86,2015
EP,62,2014
EP,67,2013
EP,81,2012
EP,89,2010
EP,90,2009
EPAM,57,2026
EPAM,58,2025
EPAM,53,2024
EPAM,54,2023
EPAM,56,2022
EPAM,56,2021
EPAM,59,2020
EPAM,56,2019
EPAM,58,2018
EPAM,59,2017
EPAM,53,2016
EPAM,61,2015
EPAM,69,2014
EPAM,70,2013
EPAM,90,2012
EQIX,42,2026
EQIX,43,2025
EQIX,47,2024
EQIX,49,2022
EQIX,50,2021
EQIX,52,2020
EQIX,53,2019
EQIX,57,2018
EQIX,58,2017
EQIX,57,2016
EQIX,61,2015
EQIX,59,2014
EQIX,57,2013
EQIX,55,2012
EQIX,56,2011
EQIX,53,2010
EQIX,57,2009
EQIX,58,2008
EQIX,59,2007
EQIX,75,2006
EQIX,69,2005
EQIX,65,2004
EQIX,86,2001
EQR,44,2026
EQR,44,2025
EQR,46,2024
EQR,47,2023
EQR,48,2022
EQR,49,2021
EQR,51,2020
EQR,52,2019
EQR,53,2018
EQR,54,2017
EQR,56,2016
EQR,57,2015
EQR,58,2014
EQR,52,2013
EQR,55,2012
EQR,55,2011
EQR,56,2010
EQR,57,2009
EQR,58,2008
EQR,59,2007
EQR,67,2006
EQR,73,2005
EQR,72,2004
EQR,73,2003
EQR,66,2002
EQR,51,2001
EQR,74,2000
EQR,78,1999
EQR,80,1997
EQT,49,2026
EQT,50,2025
EQT,45,2024
EQT,47,2023
EQT,41,2022
EQT,48,2021
EQT,58,2020
EQT,46,2018
EQT,40,2017
EQT,42,2016
EQT,43,2015
EQT,51,2014
EQT,52,2013
EQT,47,2012
EQT,55,2011
EQT,49,2010
EQT,51,2009
EQT,53,2008
EQT,54,2007
EQT,55,2006
EQT,56,2005
EQT,61,2004
EQT,123,2003
EQT,78,2002
EQT,74,2001
EQT,82,1998
EQT,83,1997
EQT,81,1995
EQT,83,1994
ERIE,54,2026
ERIE,58,2025
ERIE,57,2024
ERIE,60,2023
ERIE,55,2022
ERIE,56,2021
ERIE,58,2020
ERIE,52,2019
ERIE,53,2018
ERIE,54,2017
ERIE,56,2016
ERIE,57,2015
ERIE,58,2014
ERIE,57,2013
ERIE,58,2012
ERIE,55,2011
ERIE,56,2010
ERIE,57,2009
ERIE,58,2008
ERIE,57,2007
ERIE,53,2006
ERIE,55,2005
ERIE,68,2004
ERIE,86,2003
ERIE,83,2000
ERIE,85,1998
ERIE,80,1997
ES,48,2026
ES,45,2025
ES,45,2024
ES,46,2023
ES,47,2022
ES,48,2021
ES,57,2020
ES,57,2019
ES,54,2018
ES,53,2017
ES,57,2016
ES,56,2015
ES,56,2014
ES,58,2013
ES,55,2012
ES,56,2011
ES,57,2010
ES,58,2009
ES,60,2008
ES,59,2007
ES,69,2006
ES,75,2005
ES,72,2004
ES,80,2003
ES,81,2002
ES,87,2001
ES,87,2000
ES,82,1999
ES,86,1995
ESS,51,2026
ESS,52,2025
ESS,54,2024
ESS,54,2023
ESS,56,2022
ESS,50,2021
ESS,51,2020
ESS,52,2019
ESS,53,2018
ESS,55,2017
ESS,57,2016
ESS,61,2015
ESS,57,2014
ESS,54,2013
ESS,56,2011
ESS,57,2010
ESS,58,2009
ESS,60,2008
ESS,60,2007
ESS,0,2006
ESS,90,2005
ESS,75,2004
ESS,90,2003
ESS,88,2002
ESS,89,2001
ESS,90,1998
ETN,57,2026
ETN,58,2025
ETN,60,2024
ETN,54,2023
ETN,54,2022
ETN,55,2021
ETN,57,2020
ETN,58,2019
ETN,59,2018
ETN,53,2017
ETN,55,2016
ETN,57,2015
ETN,57,2014
ETN,59,2013
ETR,50,2026
ETR,49,2025
ETR,54,2024
ETR,55,2023
ETR,56,2022
ETR,57,2021
ETR,52,2020
ETR,57,2019
ETR,57,2018
ETR,55,2017
ETR,57,2016
ETR,57,2015
ETR,58,2014
ETR,58,2013
ETR,59,2012
ETR,59,2011
ETR,61,2009
ETR,60,2008
ETR,60,2007
ETR,69,2006
ETR,70,2005
ETR,70,2004
ETR,77,2003
ETR,75,2000
ETR,71,1999
ETR,69,1998
ETR,69,1997
ETR,71,1996
ETSY,50,2026
ETSY,50,2025
ETSY,52,2024
ETSY,54,2023
ETSY,55,2022
ETSY,56,2021
ETSY,58,2020
ETSY,59,2019
ETSY,59,2018
ETSY,59,2017
ETSY,61,2016
EVRG,49,2026
EVRG,57,2025
EVRG,59,2024
EVRG,54,2023
EVRG,55,2022
EVRG,57,2021
EVRG,62,2020
EVRG,52,2019
EW,56,2026
EW,59,2025
EW,43,2024
EW,44,2023
EW,45,2022
EW,43,2021
EW,45,2020
EW,46,2019
EW,47,2018
EW,48,2017
EW,50,2016
EW,51,2015
EW,59,2014
EW,59,2013
EW,58,2012
EW,59,2011
EW,57,2010
EW,58,2009
EW,59,2008
EW,59,2007
EW,68,2006
EW,66,2005
EW,72,2004
EW,86,2001
EXC,43,2026
EXC,43,2025
EXC,52,2024
EXC,45,2023
EXC,56,2022
EXC,55,2021
EXC,42,2020
EXC,39,2019
EXC,40,2018
EXC,44,2017
EXC,41,2016
EXC,44,2015
EXC,45,2014
EXC,52,2013
EXC,40,2012
EXC,41,2011
EXC,36,2010
EXC,38,2008
EXC,44,2007
EXC,46,2006
EXC,54,2005
EXC,51,2004
EXE,49,2026
EXE,57,2025
EXE,52,2024
EXE,53,2023
EXE,55,2022
EXE,58,2019
EXE,53,2018
EXE,62,2017
EXE,56,2016
EXE,58,2015
EXE,58,2014
EXE,60,2011
EXE,61,2009
EXE,60,2008
EXE,60,2007
EXE,73,2006
EXE,68,2005
EXE,75,2004
EXE,87,2002
EXE,90,2000
EXPD,56,2026
EXPD,52,2025
EXPD,54,2024
EXPD,60,2023
EXPD,74,2022
EXPD,50,2021
EXPD,52,2020
EXPD,53,2019
EXPD,54,2018
EXPD,54,2017
EXPD,56,2016
EXPD,57,2015
EXPD,58,2014
EXPD,58,2013
EXPD,59,2012
EXPD,59,2011
EXPD,57,2010
EXPD,58,2009
EXPD,59,2008
EXPD,60,2007
EXPD,75,2006
EXPD,75,2005
EXPD,75,2004
EXPD,86,2003
EXPD,91,2002
EXPD,92,2001
EXPD,92,1996
EXPE,43,2026
EXPE,37,2025
EXPE,39,2024
EXPE,40,2023
EXPE,41,2022
EXPE,42,2021
EXPE,40,2017
EXPE,36,2015
EXPE,37,2014
EXPE,36,2013
EXPE,41,2012
EXPE,42,2010
EXPE,50,2009
EXPE,53,2008
EXPE,59,2007
EXPE,90,2006
EXR,51,2026
EXR,59,2025
EXR,60,2024
EXR,59,2023
EXR,59,2022
EXR,57,2021
EXR,56,2020
EXR,57,2019
EXR,60,2018
EXR,58,2017
EXR,60,2016
EXR,61,2015
EXR,62,2014
EXR,59,2013
EXR,60,2012
EXR,56,2011
EXR,57,2010
EXR,58,2009
EXR,60,2008
EXR,72,2006
EXR,74,2005
F,42,2026
F,37,2025
F,38,2024
F,34,2023
F,34,2022
F,35,2021
F,36,2020
F,52,2019
F,49,2014
F,50,2013
F,52,2012
F,59,2011
F,56,2010
F,57,2009
F,58,2008
F,59,2007
F,69,2005
F,72,2004
F,73,2003
F,87,2002
F,81,2001
F,76,2000
F,76,1999
F,75,1995
F,80,1994
FANG,56,2026
FANG,57,2025
FANG,53,2024
FANG,54,2023
FANG,55,2022
FANG,56,2021
FANG,57,2020
FANG,46,2018
FANG,46,2017
FANG,50,2016
FANG,51,2015
FANG,50,2014
FAST,36,2026
FAST,37,2025
FAST,37,2024
FAST,38,2023
FAST,39,2021
FAST,37,2020
FAST,37,2019
FAST,36,2018
FAST,37,2017
FAST,36,2016
FAST,36,2015
FAST,37,2014
FAST,38,2013
FAST,40,2012
FAST,40,2010
FAST,51,2009
FAST,52,2008
FAST,54,2007
FAST,54,2006
FAST,60,2005
FAST,56,2004
FAST,57,2003
FAST,63,2002
FAST,64,2001
FAST,74,1999
FAST,75,1998
FCX,44,2026
FCX,45,2025
FCX,46,2024
FCX,46,2023
FCX,47,2021
FCX,45,2020
FCX,46,2019
FCX,51,2018
FCX,55,2017
FCX,57,2016
FCX,58,2014
FCX,58,2012
FCX,56,2011
FCX,57,2010
FCX,57,2009
FCX,60,2008
FCX,75,2005
FCX,70,2004
FCX,86,2003
FCX,78,1999
FCX,90,1994
FDS,52,2025
FDS,59,2024
FDS,57,2023
FDS,51,2022
FDS,52,2021
FDS,59,2020
FDS,60,2019
FDS,60,2018
FDS,60,2017
FDS,61,2016
FDS,60,2015
FDS,60,2014
FDS,60,2013
FDS,60,2012
FDS,61,2011
FDS,59,2010
FDS,60,2009
FDS,60,2008
FDS,60,2007
FDS,74,2006
FDS,75,2005
FDS,71,2004
FDS,86,2003
FDS,81,2001
FDS,83,2000
FDS,84,1999
FDS,86,1998
FDS,87,1997
FDS,87,1996
FDX,51,2025
FDX,45,2024
FDX,47,2023
FDX,48,2022
FDX,49,2021
FDX,50,2020
FDX,46,2018
FDX,47,2017
FDX,48,2016
FDX,44,2015
FDX,44,2014
FDX,45,2013
FDX,46,2012
FDX,42,2011
FDX,45,2010
FDX,45,2009
FDX,46,2008
FDX,43,2007
FDX,44,2005
FDX,47,2003
FDX,77,1999
FDX,75,1998
FE,49,2026
FE,58,2025
FE,44,2024
FE,44,2023
FE,47,2022
FE,49,2021
FE,51,2018
FE,52,2017
FE,47,2016
FE,48,2015
FE,58,2014
FE,56,2013
FE,59,2012
FE,47,2011
FE,50,2010
FE,56,2009
FE,59,2008
FE,61,2006
FE,91,2002
FE,88,1999
FFIV,56,2025
FFIV,49,2024
FFIV,45,2023
FFIV,46,2022
FFIV,47,2021
FFIV,50,2020
FFIV,46,2019
FFIV,52,2018
FFIV,34,2017
FFIV,35,2016
FFIV,37,2015
FFIV,56,2014
FFIV,53,2013
FFIV,52,2012
FFIV,53,2011
FFIV,54,2010
FFIV,51,2009
FFIV,52,2008
FFIV,50,2007
FFIV,75,2006
FFIV,68,2004
FFIV,80,2002
FFIV,89,2001
FFIV,89,1999
FHN,57,2026
FHN,58,2025
FHN,53,2024
FHN,60,2023
FHN,56,2021
FHN,58,2020
FHN,58,2019
FHN,59,2018
FHN,58,2017
FHN,56,2016
FHN,55,2015
FHN,58,2014
FHN,58,2013
FHN,59,2012
FHN,56,2011
FHN,57,2010
FHN,57,2009
FHN,58,2008
FHN,59,2007
FHN,67,2006
FHN,73,2005
FHN,70,2004
FHN,78,2003
FHN,87,2001
FHN,82,1999
FHN,86,1997
FHN,85,1996
FICO,38,2025
FICO,37,2024
FICO,39,2023
FICO,40,2022
FICO,41,2021
FICO,41,2020
FICO,39,2019
FICO,40,2018
FICO,40,2017
FICO,41,2016
FICO,41,2015
FICO,41,2014
FICO,43,2013
FICO,47,2012
FICO,54,2010
FICO,55,2009
FICO,57,2008
FICO,69,2006
FICO,74,2005
FICO,75,2004
FICO,73,2003
FICO,89,2001
FICO,90,2000
FICO,83,1999
FICO,89,1998
FICO,90,1997
FICO,91,1996
FICO,88,1995
FIS,55,2026
FIS,44,2025
FIS,57,2024
FIS,58,2023
FIS,54,2022
FIS,49,2021
FIS,51,2020
FIS,52,2019
FIS,53,2018
FIS,54,2017
FIS,57,2016
FIS,58,2015
FIS,59,2014
FIS,57,2013
FIS,55,2012
FIS,56,2011
FIS,57,2010
FIS,60,2008
FIS,60,2007
FIS,70,2005
FIS,48,2004
FISV,50,2026
FISV,51,2025
FISV,53,2024
FISV,54,2023
FISV,55,2022
FISV,57,2021
FISV,58,2020
FISV,52,2019
FISV,53,2018
FISV,54,2017
FISV,50,2016
FISV,51,2015
FISV,51,2014
FISV,53,2013
FISV,55,2012
FISV,55,2011
FISV,57,2010
FISV,58,2009
FISV,59,2008
FISV,59,2007
FISV,74,2006
FISV,56,2005
FISV,58,2004
FISV,59,2003
FISV,58,2001
FISV,54,1999
FISV,51,1998
FISV,49,1997
FISV,58,1996
FISV,59,1995
FITB,55,2026
FITB,55,2025
FITB,58,2024
FITB,55,2023
FITB,56,2022
FITB,57,2021
FITB,62,2020
FITB,60,2019
FITB,59,2018
FITB,55,2017
FITB,56,2015
FITB,55,2014
FITB,53,2013
FITB,60,2012
FITB,59,2011
FITB,57,2010
FITB,61,2009
FITB,53,2008
FITB,47,2006
FITB,60,2005
FITB,57,2004
FITB,86,2003
FITB,87,2001
FITB,90,2000
FITB,71,1998
FITB,62,1995
FITB,48,1994
FIX,50,2026
FIX,51,2025
FIX,53,2024
FIX,53,2023
FIX,54,2022
FIX,56,2021
FIX,57,2020
FIX,52,2019
FIX,53,2018
FIX,54,2017
FIX,54,2016
FIX,57,2015
FIX,58,2014
FIX,59,2013
FIX,60,2012
FIX,60,2011
FIX,60,2010
FIX,57,2009
FIX,58,2008
FIX,59,2007
FIX,58,2006
FIX,61,2005
FIX,58,2004
FIX,90,2003
FIX,65,2002
FIX,86,2001
FIX,76,2000
FIX,90,1999
FLR,48,2026
FLR,51,2024
FLR,52,2023
FLR,53,2022
FLR,57,2021
FLR,52,2019
FLR,51,2018
FLR,48,2017
FLR,49,2016
FLR,49,2015
FLR,49,2014
FLR,51,2013
FLR,53,2012
FLR,54,2011
FLR,56,2010
FLR,60,2008
FLR,60,2007
FLR,60,2006
FLR,75,2004
FLR,90,2003
FLR,80,2002
FLR,90,2001
FLS,48,2026
FLS,57,2025
FLS,51,2024
FLS,66,2023
FLS,54,2022
FLS,54,2021
FLS,49,2020
FLS,59,2018
FLS,49,2016
FLS,48,2015
FLS,49,2014
FLS,52,2013
FLS,53,2012
FLS,54,2011
FLS,55,2010
FLS,56,2009
FLS,58,2008
FLS,60,2007
FLS,181,2006
FLS,409,2006
FLS,118,2004
FLS,55,1995
FMC,58,2026
FMC,59,2025
FMC,58,2024
FMC,55,2023
FMC,56,2022
FMC,56,2021
FMC,59,2020
FMC,59,2019
FMC,59,2018
FMC,59,2017
FMC,57,2016
FMC,58,2015
FMC,49,2014
FMC,50,2013
FMC,52,2012
FMC,53,2011
FMC,53,2010
FMC,54,2009
FMC,73,2005
FMC,70,2003
FMC,70,2002
FMC,84,1999
FMC,77,1998
FMC,85,1997
FMC,75,1996
FOSL,68,2023
FOSL,68,2022
FOSL,61,2020
FOSL,53,2019
FOSL,62,2018
FOSL,60,2017
FOSL,58,2016
FOSL,48,2015
FOSL,60,2014
FOSL,60,2013
FOSL,60,2012
FOSL,60,2010
FOSL,60,2009
FOSL,60,2008
FOSL,214,2007
FOSL,68,2006
FOSL,75,2005
FOSL,90,2003
FOSL,90,2002
FOSL,90,2001
FOSL,90,2000
FOSL,90,1999
FOSL,90,1998
FOSL,90,1997
FOX,37,2025
FOX,39,2024
FOX,42,2023
FOX,43,2022
FOX,41,2021
FOX,41,2020
FOX,40,2019
FOXA,37,2025
FOXA,39,2024
FOXA,42,2023
FOXA,43,2022
FOXA,41,2021
FOXA,41,2020
FOXA,40,2019
FRT,43,2026
FRT,44,2025
FRT,43,2024
FRT,39,2023
FRT,41,2022
FRT,42,2021
FRT,41,2020
FRT,44,2019
FRT,44,2018
FRT,44,2017
FRT,40,2016
FRT,41,2015
FRT,42,2014
FRT,43,2013
FRT,46,2012
FRT,46,2011
FRT,48,2010
FRT,58,2008
FRT,60,2007
FRT,66,2005
FRT,85,2003
FRT,78,1999
FRT,49,1997
FRT,75,1996
FRT,77,1994
FSLR,55,2026
FSLR,56,2025
FSLR,58,2024
FSLR,59,2023
FSLR,60,2022
FSLR,56,2021
FSLR,52,2020
FSLR,53,2019
FSLR,54,2018
FSLR,53,2017
FSLR,55,2016
FSLR,56,2015
FSLR,56,2014
FSLR,58,2013
FSLR,60,2012
FSLR,57,2011
FSLR,58,2010
FSLR,60,2009
FSLR,54,2008
FSLR,76,2007
FTI,50,2026
FTI,58,2025
FTI,58,2024
FTI,55,2023
FTI,59,2022
FTI,64,2021
FTI,62,2020
FTI,70,2019
FTI,92,2018
FTI,13,2017
FTNT,55,2026
FTNT,52,2025
FTNT,54,2024
FTNT,55,2023
FTNT,56,2022
FTNT,50,2021
FTNT,57,2020
FTNT,58,2019
FTNT,60,2017
FTNT,57,2016
FTNT,59,2015
FTNT,60,2014
FTNT,58,2013
FTNT,64,2010
FTV,56,2026
FTV,56,2025
FTV,58,2024
FTV,59,2023
FTV,59,2022
FTV,57,2021
FTV,58,2020
FTV,58,2019
FTV,58,2018
FTV,58,2017
GD,30,2026
GD,38,2025
GD,39,2024
GD,38,2023
GD,40,2022
GD,40,2021
GD,41,2020
GD,44,2019
GD,43,2018
GD,37,2017
GD,39,2016
GD,40,2015
GD,38,2014
GD,39,2013
GD,48,2012
GD,49,2011
GD,50,2010
GD,51,2009
GD,53,2008
GD,54,2007
GD,62,2006
GD,63,2005
GD,65,2004
GD,80,1997
GDDY,55,2026
GDDY,51,2025
GDDY,60,2024
GDDY,47,2023
GDDY,48,2022
GDDY,50,2021
GDDY,51,2020
GDDY,52,2019
GDDY,58,2018
GDDY,59,2017
GE,29,2026
GE,34,2025
GE,33,2024
GE,41,2023
GE,42,2022
GE,43,2021
GE,55,2020
GE,57,2019
GE,54,2018
GE,55,2017
GE,57,2016
GE,0,2015
GE,58,2014
GE,57,2013
GE,55,2012
GE,56,2011
GE,50,2010
GE,49,2009
GE,51,2008
GE,58,2007
GE,61,2004
GE,66,2003
GE,82,2001
GE,70,1994
GEHC,35,2026
GEHC,44,2025
GEHC,37,2024
GEHC,46,2023
GEN,48,2025
GEN,47,2024
GEN,55,2023
GEN,49,2022
GEN,49,2021
GEN,55,2020
GEN,210,2018
GEN,49,2010
GEN,56,2009
GEN,54,2008
GEN,54,2007
GEN,70,2006
GEN,80,2003
GEN,84,2001
GEN,87,2000
GEN,90,1999
GEN,63,1998
GEN,88,1997
GEV,29,2026
GEV,37,2025
GHC,56,2026
GHC,57,2025
GHC,54,2024
GHC,55,2023
GHC,56,2022
GHC,55,2021
GHC,57,2020
GHC,56,2019
GHC,54,2018
GHC,55,2017
GHC,57,2016
GHC,58,2015
GHC,59,2014
GHC,59,2013
GHC,60,2012
GHC,59,2011
GHC,58,2010
GHC,60,2009
GHC,60,2008
GHC,60,2007
GHC,66,2006
GHC,61,2005
GHC,73,2004
GHC,76,2003
GHC,85,2002
GHC,82,2001
GHC,89,2000
GHC,86,1994
GILD,55,2026
GILD,59,2025
GILD,54,2024
GILD,53,2023
GILD,54,2022
GILD,56,2021
GILD,55,2020
GILD,57,2018
GILD,58,2017
GILD,55,2016
GILD,56,2015
GILD,56,2014
GILD,58,2013
GILD,54,2012
GILD,59,2011
GILD,60,2010
GILD,58,2009
GILD,58,2008
GILD,58,2007
GILD,62,2006
GILD,73,2005
GILD,71,2004
GILD,86,2002
GILD,79,2001
GIS,31,2025
GIS,31,2024
GIS,31,2023
GIS,31,2022
GIS,31,2021
GIS,32,2020
GIS,33,2019
GIS,33,2018
GIS,32,2017
GIS,32,2016
GIS,36,2015
GIS,39,2014
GIS,38,2013
GIS,37,2012
GIS,40,2011
GIS,40,2010
GIS,43,2009
GIS,47,2008
GIS,60,2007
GIS,60,2005
GIS,60,2004
GIS,72,2003
GIS,80,1995
GIS,86,1994
GL,56,2026
GL,57,2025
GL,59,2024
GL,54,2023
GL,55,2022
GL,56,2021
GL,58,2020
GL,59,2019
GL,58,2018
GL,58,2017
GL,57,2016
GL,58,2015
GL,59,2014
GL,59,2013
GL,59,2011
GL,57,2010
GL,58,2009
GL,60,2008
GL,60,2007
GL,65,2006
GL,74,2005
GL,75,2004
GL,83,2003
GL,81,2002
GL,85,2001
GL,83,2000
GL,71,1999
GL,84,1997
GL,86,1996
GL,83,1995
GLW,43,2026
GLW,44,2025
GLW,43,2024
GLW,44,2023
GLW,45,2022
GLW,43,2021
GLW,45,2020
GLW,43,2019
GLW,46,2018
GLW,37,2017
GLW,43,2016
GLW,44,2015
GLW,44,2013
GLW,44,2012
GLW,41,2011
GLW,41,2010
GLW,55,2009
GLW,45,2008
GLW,58,2007
GLW,53,2005
GLW,61,2004
GLW,51,2003
GLW,55,1999
GLW,71,1997
GLW,67,1996
GLW,78,1995
GLW,75,1994
GM,27,2026
GM,28,2025
GM,30,2024
GM,31,2023
GM,33,2022
GM,41,2021
GM,36,2020
GM,37,2019
GM,37,2018
GM,38,2017
GM,34,2016
GM,35,2015
GM,37,2014
GM,46,2013
GM,58,2012
GM,60,2011
GM,97,2010
GME,52,2025
GME,59,2023
GME,47,2022
GME,52,2021
GME,55,2020
GME,59,2019
GME,58,2018
GME,58,2017
GME,58,2015
GME,60,2014
GME,60,2013
GME,59,2012
GME,60,2011
GME,59,2010
GME,60,2009
GME,60,2008
GME,60,2007
GME,65,2006
GNRC,49,2026
GNRC,50,2025
GNRC,52,2024
GNRC,53,2023
GNRC,53,2022
GNRC,54,2021
GNRC,56,2020
GNRC,57,2019
GNRC,57,2018
GNRC,55,2017
GNRC,57,2016
GNRC,58,2015
GNRC,62,2014
GNRC,72,2013
GNRC,69,2012
GNRC,66,2011
GNRC,89,2010
GNW,58,2026
GNW,59,2025
GNW,60,2024
GNW,59,2023
GNW,59,2022
GNW,57,2021
GNW,57,2016
GNW,61,2015
GNW,62,2014
GNW,59,2013
GNW,58,2012
GNW,56,2011
GNW,57,2010
GNW,61,2009
GNW,59,2008
GNW,59,2007
GNW,58,2006
GNW,60,2005
GOOG,36,2026
GOOG,36,2025
GOOG,31,2024
GOOG,34,2023
GOOG,33,2022
GOOG,34,2021
GOOG,35,2020
GOOG,37,2018
GOOG,33,2017
GOOGL,36,2026
GOOGL,36,2025
GOOGL,31,2024
GOOGL,34,2023
GOOGL,33,2022
GOOGL,34,2021
GOOGL,35,2020
GOOGL,37,2018
GOOGL,33,2017
GPC,51,2026
GPC,52,2025
GPC,53,2024
GPC,54,2023
GPC,48,2022
GPC,50,2021
GPC,52,2020
GPC,56,2019
GPC,58,2018
GPC,58,2017
GPC,57,2016
GPC,57,2015
GPC,58,2014
GPC,57,2013
GPC,58,2012
GPC,56,2011
GPC,57,2010
GPC,58,2009
GPC,60,2008
GPC,59,2007
GPC,62,2006
GPC,66,2005
GPC,68,2004
GPC,80,2003
GPC,66,2002
GPC,71,2001
GPC,70,2000
GPC,69,1999
GPC,79,1996
GPC,81,1995
GPC,83,1994
GPN,51,2026
GPN,45,2025
GPN,45,2024
GPN,48,2023
GPN,49,2022
GPN,50,2021
GPN,52,2020
GPN,52,2019
GPN,53,2018
GPN,58,2016
GPN,60,2015
GPN,59,2014
GPN,55,2013
GPN,55,2011
GPN,58,2010
GPN,58,2009
GPN,60,2008
GPN,60,2007
GPN,65,2006
GPN,76,2005
GPN,71,2004
GPN,87,2003
GPN,89,2002
GRMN,53,2026
GRMN,53,2025
GRMN,53,2023
GRMN,53,2022
GRMN,53,2021
GRMN,53,2020
GRMN,53,2019
GRMN,53,2018
GRMN,53,2017
GRMN,53,2016
GRMN,53,2015
GRMN,53,2014
GRMN,60,2013
GRMN,60,2012
GRMN,60,2011
GRMN,60,2010
GRMN,60,2009
GRMN,59,2008
GRMN,60,2007
GRMN,66,2006
GRMN,74,2005
GRMN,74,2004
GRMN,87,2003
GS,56,2026
GS,58,2025
GS,54,2023
GS,55,2022
GS,50,2021
GS,51,2020
GS,56,2019
GS,54,2018
GS,55,2017
GS,51,2015
GS,58,2014
GS,59,2013
GS,59,2012
GS,59,2011
GS,57,2010
GS,59,2008
GS,74,2007
GS,74,2006
GS,73,2005
GS,88,2004
GS,90,2003
GS,80,2000
GT,41,2026
GT,45,2025
GT,44,2024
GT,44,2023
GT,45,2022
GT,40,2021
GT,42,2020
GT,39,2019
GT,39,2018
GT,39,2017
GT,40,2016
GT,48,2015
GT,44,2014
GT,43,2013
GT,45,2012
GT,41,2011
GT,49,2010
GT,49,2009
GT,45,2008
GT,47,2007
GT,48,2006
GT,75,2005
GT,140,2004
GT,93,2003
GT,70,2002
GT,85,1999
GT,84,1997
GT,80,1996
GT,86,1995
GWW,50,2026
GWW,51,2025
GWW,53,2024
GWW,52,2023
GWW,54,2022
GWW,55,2021
GWW,51,2020
GWW,59,2019
GWW,57,2018
GWW,59,2017
GWW,60,2016
GWW,58,2015
GWW,58,2014
GWW,58,2013
GWW,58,2012
GWW,59,2011
GWW,56,2010
GWW,57,2009
GWW,58,2008
GWW,58,2007
GWW,63,2006
GWW,59,2005
GWW,70,2004
GWW,79,2003
GWW,85,1999
GWW,85,1996
GWW,86,1995
GWW,87,1994
HAL,37,2026
HAL,43,2025
HAL,37,2024
HAL,38,2023
HAL,35,2022
HAL,36,2021
HAL,42,2020
HAL,44,2019
HAL,40,2018
HAL,38,2017
HAL,36,2016
HAL,55,2015
HAL,38,2014
HAL,42,2013
HAL,47,2012
HAL,48,2011
HAL,48,2010
HAL,49,2009
HAL,53,2008
HAL,59,2007
HAL,69,2006
HAL,60,2005
HAL,86,2001
HAL,74,2000
HAL,87,1997
HAL,71,1996
HAL,83,1995
HAL,70,1994
HAS,59,2026
HAS,60,2025
HAS,59,2024
HAS,59,2023
HAS,59,2022
HAS,59,2021
HAS,60,2020
HAS,58,2019
HAS,57,2018
HAS,59,2017
HAS,59,2016
HAS,60,2015
HAS,59,2014
HAS,59,2013
HAS,59,2012
HAS,59,2011
HAS,59,2010
HAS,59,2009
HAS,59,2008
HAS,59,2007
HAS,59,2006
HAS,73,2005
HAS,75,2004
HAS,89,2003
HAS,89,1995
HAS,92,1994
HBAN,44,2026
HBAN,45,2025
HBAN,47,2024
HBAN,48,2023
HBAN,49,2022
HBAN,57,2021
HBAN,45,2020
HBAN,46,2019
HBAN,47,2018
HBAN,53,2017
HBAN,48,2016
HBAN,44,2015
HBAN,45,2014
HBAN,46,2013
HBAN,48,2012
HBAN,49,2011
HBAN,49,2010
HBAN,54,2009
HBAN,57,2008
HBAN,53,2007
HBAN,62,2005
HBAN,65,2004
HBAN,66,2002
HBAN,67,2001
HBAN,53,2000
HBAN,53,1996
HCA,41,2026
HCA,44,2025
HCA,47,2024
HCA,48,2023
HCA,49,2022
HCA,50,2021
HCA,51,2020
HCA,52,2019
HCA,54,2018
HCA,53,2017
HCA,57,2016
HCA,57,2015
HCA,57,2014
HCA,58,2013
HCA,55,2012
HCA,48,2011
HCA,60,2010
HCA,63,2009
HCA,88,2008
HCA,86,2007
HCA,73,2006
HCA,70,2005
HCA,72,2004
HCA,87,2003
HCA,89,2001
HCA,90,1998
HCA,92,1996
HD,46,2025
HD,45,2024
HD,45,2023
HD,52,2022
HD,52,2021
HD,52,2020
HD,53,2019
HD,53,2018
HD,53,2017
HD,53,2016
HD,53,2015
HD,53,2014
HD,53,2013
HD,53,2012
HD,53,2011
HD,53,2010
HD,60,2009
HD,60,2008
HD,60,2007
HD,59,2006
HD,71,2005
HD,71,2004
HD,75,2003
HD,75,2002
HD,85,2001
HD,82,2000
HD,81,1998
HD,79,1997
HD,71,1996
HD,82,1994
HIG,51,2026
HIG,52,2025
HIG,54,2024
HIG,55,2023
HIG,49,2022
HIG,50,2021
HIG,52,2020
HIG,53,2019
HIG,54,2018
HIG,55,2017
HIG,57,2016
HIG,58,2015
HIG,59,2014
HIG,60,2013
HIG,55,2012
HIG,54,2010
HIG,42,2009
HIG,53,2008
HIG,54,2007
HIG,55,2006
HIG,59,2005
HIG,58,2004
HIG,62,2003
HIG,79,2002
HIG,84,2000
HIG,85,1999
HIG,86,1998
HIG,87,1997
HII,36,2026
HII,37,2025
HII,32,2024
HII,40,2023
HII,41,2022
HII,42,2021
HII,44,2020
HII,45,2019
HII,46,2018
HII,47,2017
HII,49,2016
HII,58,2014
HII,58,2013
HII,89,2012
HLT,42,2026
HLT,37,2025
HLT,38,2024
HLT,40,2023
HLT,47,2022
HLT,48,2021
HLT,42,2020
HLT,44,2019
HLT,45,2018
HLT,46,2017
HLT,57,2016
HLT,49,2015
HLT,58,2014
HOG,57,2026
HOG,57,2025
HOG,54,2024
HOG,55,2023
HOG,56,2022
HOG,54,2021
HOG,50,2020
HOG,59,2019
HOG,52,2018
HOG,52,2017
HOG,49,2016
HOG,50,2015
HOG,51,2014
HOG,53,2013
HOG,54,2012
HOG,55,2011
HOG,48,2009
HOG,53,2008
HOG,58,2007
HOG,62,2006
HOG,70,2005
HOG,72,2004
HOG,87,2003
HOG,90,1997
HOG,92,1996
HOG,89,1994
HOLX,60,2024
HOLX,52,2023
HOLX,52,2022
HOLX,52,2021
HOLX,52,2020
HOLX,60,2019
HOLX,52,2018
HOLX,52,2017
HOLX,54,2016
HOLX,54,2015
HOLX,54,2014
HOLX,59,2013
HOLX,60,2012
HOLX,60,2011
HOLX,60,2010
HOLX,59,2009
HOLX,60,2008
HOLX,59,2007
HOLX,75,2006
HOLX,73,2005
HOLX,74,2004
HOLX,87,2003
HOLX,87,2002
HOLX,88,1998
HOLX,90,1996
HOLX,87,1995
HON,48,2026
HON,45,2025
HON,47,2024
HON,41,2023
HON,42,2022
HON,43,2021
HON,45,2020
HON,39,2019
HON,40,2018
HON,41,2017
HON,43,2016
HON,44,2015
HON,45,2014
HON,46,2013
HON,48,2012
HON,42,2011
HON,43,2010
HON,44,2009
HON,46,2008
HON,47,2007
HON,60,2006
HON,56,2005
HON,64,2004
HON,65,2003
HON,79,2002
HON,89,2001
HON,57,1998
HON,58,1996
HON,61,1995
HOOD,49,2025
HOOD,58,2024
HOOD,58,2023
HOOD,55,2022
HP,52,2025
HP,44,2024
HP,39,2023
HP,47,2022
HP,49,2021
HP,51,2020
HP,46,2019
HP,47,2018
HP,53,2017
HP,54,2016
HP,56,2015
HP,57,2014
HP,52,2012
HP,54,2011
HP,55,2010
HP,56,2009
HP,57,2008
HP,59,2007
HP,74,2006
HP,84,2003
HP,84,2002
HP,89,1999
HP,89,1998
HP,84,1997
HP,88,1996
HP,83,1995
HP,83,1994
HPE,48,2025
HPE,49,2024
HPE,52,2023
HPE,38,2022
HPE,40,2021
HPE,40,2020
HPE,42,2019
HPE,42,2018
HPE,45,2017
HPE,45,2016
HPE,47,2015
HPQ,40,2025
HPQ,43,2024
HPQ,46,2023
HPQ,39,2021
HPQ,40,2020
HPQ,43,2018
HPQ,45,2016
HPQ,46,2015
HPQ,48,2014
HPQ,58,2013
HPQ,57,2012
HPQ,44,2011
HPQ,45,2010
HPQ,48,2008
HPQ,48,2007
HPQ,52,2006
HPQ,50,2005
HPQ,75,2005
HPQ,78,2004
HPQ,82,2003
HPQ,86,2001
HPQ,88,2000
HPQ,76,1999
HPQ,90,1996
HPQ,88,1995
HPQ,89,1994
HRB,46,2025
HRB,46,2024
HRB,48,2023
HRB,47,2022
HRB,46,2021
HRB,47,2020
HRB,45,2019
HRB,46,2018
HRB,47,2017
HRB,48,2016
HRB,48,2015
HRB,50,2014
HRB,57,2013
HRB,57,2012
HRB,54,2011
HRB,59,2010
HRB,60,2009
HRB,61,2008
HRB,60,2007
HRB,61,2006
HRB,63,2004
HRB,76,2003
HRB,90,2002
HRB,90,1999
HRB,90,1998
HRB,90,1994
HRL,40,2025
HRL,39,2024
HRL,38,2023
HRL,37,2022
HRL,40,2021
HRL,40,2020
HRL,40,2019
HRL,40,2018
HRL,52,2017
HRL,52,2016
HRL,52,2015
HRL,52,2014
HRL,52,2013
HRL,52,2012
HRL,52,2011
HRL,51,2010
HRL,52,2009
HRL,58,2008
HRL,60,2007
HRL,75,2007
HRL,75,2006
HRL,75,2005
HRL,90,2004
HRL,90,2002
HRL,90,2000
HRL,90,1999
HRL,89,1998
HRL,90,1997
HRL,0,1996
HRL,0,1995
HSIC,59,2026
HSIC,59,2025
HSIC,60,2024
HSIC,52,2023
HSIC,52,2022
HSIC,53,2021
HSIC,54,2020
HSIC,53,2019
HSIC,0,2018
HSIC,52,2017
HSIC,46,2016
HSIC,46,2015
HSIC,45,2014
HSIC,46,2013
HSIC,46,2012
HSIC,59,2011
HSIC,59,2010
HSIC,59,2009
HSIC,59,2008
HSIC,60,2007
HSIC,69,2006
HSIC,73,2004
HSIC,86,2003
HSIC,80,2002
HSIC,88,2001
HSIC,90,2000
HSIC,80,1999
HSIC,90,1997
HST,56,2026
HST,57,2025
HST,59,2024
HST,53,2023
HST,55,2022
HST,56,2021
HST,56,2020
HST,57,2019
HST,58,2018
HST,55,2017
HST,53,2016
HST,55,2015
HST,57,2014
HST,56,2013
HST,53,2012
HST,55,2011
HST,60,2010
HST,58,2009
HST,57,2008
HST,58,2007
HST,69,2006
HST,60,2005
HST,62,2004
HST,90,2003
HST,88,2002
HST,76,2000
HST,85,1999
HSY,48,2026
HSY,49,2025
HSY,51,2024
HSY,48,2023
HSY,49,2022
HSY,48,2021
HSY,51,2020
HSY,53,2019
HSY,58,2018
HSY,52,2017
HSY,57,2016
HSY,51,2015
HSY,52,2014
HSY,53,2013
HSY,49,2011
HSY,50,2010
HSY,51,2009
HSY,50,2008
HSY,54,2007
HSY,59,2006
HSY,66,2005
HSY,72,2004
HSY,0,2003
HSY,74,2001
HSY,73,2000
HSY,74,1999
HSY,75,1998
HSY,76,1997
HSY,73,1996
HSY,69,1995
HSY,70,1994
HUBB,43,2026
HUBB,44,2025
HUBB,39,2024
HUBB,40,2023
HUBB,42,2022
HUBB,42,2021
HUBB,45,2020
HUBB,46,2019
HUBB,46,2018
HUBB,47,2017
HUBB,49,2016
HUBB,50,2015
HUBB,49,2014
HUBB,44,2013
HUBB,46,2012
HUBB,47,2011
HUBB,50,2010
HUBB,51,2009
HUBB,56,2008
HUBB,58,2007
HUBB,67,2006
HUBB,68,2005
HUBB,65,2004
HUBB,83,2003
HUBB,79,2002
HUBB,83,1999
HUBB,84,1994
HUM,50,2026
HUM,51,2025
HUM,46,2024
HUM,47,2023
HUM,48,2022
HUM,49,2021
HUM,51,2020
HUM,52,2019
HUM,47,2018
HUM,48,2017
HUM,49,2016
HUM,49,2015
HUM,50,2014
HUM,55,2012
HUM,48,2011
HUM,50,2010
HUM,51,2009
HUM,56,2008
HUM,54,2007
HUM,62,2006
HUM,60,2005
HUM,65,2004
HUM,90,2000
HUM,90,1998
HUM,87,1997
HUM,88,1994
HWM,43,2026
HWM,44,2025
HWM,44,2024
HWM,45,2023
HWM,45,2022
HWM,47,2021
HWM,57,2020
HWM,52,2019
HWM,54,2018
HWM,59,2017
HWM,50,2016
HWM,50,2015
HWM,44,2014
HWM,48,2011
HWM,49,2010
HWM,44,2009
HWM,46,2008
HWM,46,2007
HWM,48,2006
HWM,49,2005
HWM,58,2004
HWM,59,2003
HWM,64,2002
HWM,71,1999
HWM,81,1995
HWM,70,1994
IBKR,58,2026
IBKR,57,2024
IBKR,55,2023
IBKR,56,2022
IBKR,60,2021
IBKR,59,2020
IBKR,59,2019
IBKR,60,2018
IBKR,59,2017
IBKR,60,2016
IBKR,61,2015
IBKR,67,2013
IBKR,59,2011
IBKR,57,2010
IBKR,61,2009
IBKR,87,2008
IBM,55,2026
IBM,56,2025
IBM,57,2024
IBM,59,2023
IBM,53,2022
IBM,54,2021
IBM,56,2020
IBM,57,2019
IBM,58,2018
IBM,59,2017
IBM,54,2016
IBM,55,2015
IBM,56,2014
IBM,57,2013
IBM,59,2012
IBM,53,2011
IBM,54,2010
IBM,55,2009
IBM,57,2008
IBM,58,2007
IBM,59,2006
IBM,55,2005
IBM,68,2004
IBM,69,2003
IBM,72,2001
IBM,88,1999
IBM,86,1997
IBM,87,1995
IBM,87,1994
ICE,36,2026
ICE,34,2022
ICE,35,2021
ICE,37,2020
ICE,38,2019
ICE,38,2018
ICE,38,2017
ICE,35,2016
ICE,36,2015
ICE,45,2014
IDXX,51,2026
IDXX,52,2025
IDXX,53,2024
IDXX,47,2023
IDXX,47,2022
IDXX,43,2021
IDXX,45,2020
IDXX,46,2019
IDXX,47,2018
IDXX,48,2017
IDXX,47,2016
IDXX,48,2015
IDXX,49,2014
IDXX,50,2013
IDXX,48,2012
IDXX,53,2011
IDXX,50,2010
IDXX,51,2009
IDXX,58,2008
IDXX,60,2007
IDXX,69,2006
IDXX,74,2005
IDXX,63,2004
IDXX,79,2003
IDXX,80,2002
IDXX,88,2001
IDXX,89,2000
IEX,50,2026
IEX,51,2025
IEX,53,2024
IEX,54,2023
IEX,55,2022
IEX,56,2021
IEX,52,2020
IEX,59,2019
IEX,53,2018
IEX,54,2017
IEX,50,2016
IEX,54,2015
IEX,44,2014
IEX,52,2013
IEX,55,2012
IEX,56,2011
IEX,60,2010
IEX,58,2009
IEX,60,2008
IEX,65,2006
IEX,59,2005
IEX,65,2004
IEX,79,1995
IFF,58,2026
IFF,59,2025
IFF,59,2024
IFF,58,2023
IFF,59,2022
IFF,53,2021
IFF,63,2020
IFF,57,2019
IFF,58,2018
IFF,59,2017
IFF,61,2016
IFF,61,2015
IFF,56,2014
IFF,57,2013
IFF,59,2012
IFF,55,2011
IFF,56,2010
IFF,57,2009
IFF,58,2008
IFF,54,2007
IFF,72,2006
IFF,73,2005
IFF,71,2004
IFF,84,2003
IFF,86,2002
IFF,89,2001
IFF,90,2000
IFF,89,1999
IFF,90,1998
IFF,90,1997
IFF,88,1996
IFF,89,1995
ILMN,46,2026
ILMN,45,2025
ILMN,47,2024
ILMN,47,2023
ILMN,47,2022
ILMN,45,2021
ILMN,44,2020
ILMN,44,2019
ILMN,44,2018
ILMN,43,2017
ILMN,59,2016
ILMN,51,2014
ILMN,47,2013
ILMN,54,2012
ILMN,57,2011
ILMN,54,2010
ILMN,60,2009
ILMN,58,2008
ILMN,59,2007
ILMN,64,2006
ILMN,75,2004
ILMN,88,2003
ILMN,88,2001
INCY,41,2026
INCY,41,2025
INCY,38,2023
INCY,39,2022
INCY,40,2021
INCY,44,2020
INCY,45,2019
INCY,46,2018
INCY,48,2015
INCY,52,2014
INCY,52,2013
INCY,53,2012
INCY,54,2011
INCY,64,2010
INCY,62,2009
INCY,66,2008
INCY,59,2007
INCY,62,2006
INCY,70,2005
INCY,75,2004
INCY,87,2003
INCY,91,2002
INCY,82,2000
INCY,84,1999
INCY,89,1998
INTC,26,2026
INTC,34,2025
INTC,26,2024
INTC,26,2023
INTC,32,2022
INTC,27,2021
INTC,26,2020
INTC,34,2019
INTC,48,2018
INTC,48,2017
INTC,48,2016
INTC,48,2015
INTC,48,2014
INTC,52,2013
INTC,54,2012
INTC,55,2011
INTC,58,2010
INTC,55,2009
INTC,53,2008
INTC,55,2007
INTC,55,2006
INTC,55,2005
INTC,73,2003
INTC,74,2002
INTC,73,2001
INTC,89,2000
INTC,90,1999
INTC,90,1998
INTC,90,1997
INTC,90,1996
INTC,87,1995
INTC,90,1994
INTU,34,2025
INTU,35,2024
INTU,32,2023
INTU,33,2022
INTU,39,2021
INTU,31,2020
INTU,30,2019
INTU,31,2018
INTU,32,2017
INTU,32,2016
INTU,32,2015
INTU,43,2014
INTU,44,2013
INTU,44,2012
INTU,45,2011
INTU,47,2010
INTU,46,2009
INTU,43,2008
INTU,45,2007
INTU,46,2006
INTU,57,2005
INTU,55,2004
INTU,50,2003
INTU,56,2002
INTU,67,1998
INTU,85,1996
INVH,50,2026
INVH,58,2025
INVH,52,2024
INVH,53,2023
INVH,53,2022
INVH,50,2021
INVH,50,2020
INVH,59,2019
INVH,88,2018
INVH,89,2017
IP,58,2026
IP,52,2025
IP,47,2024
IP,48,2023
IP,49,2022
IP,50,2021
IP,50,2020
IP,51,2019
IP,53,2018
IP,53,2017
IP,56,2016
IP,57,2015
IP,58,2014
IP,57,2013
IP,58,2012
IP,56,2011
IP,57,2009
IP,60,2008
IP,59,2007
IP,69,2005
IP,72,2004
IP,59,2003
IP,90,1999
IP,87,1997
IP,90,1994
IPGP,54,2026
IPGP,51,2025
IPGP,58,2023
IPGP,53,2022
IPGP,53,2021
IPGP,55,2020
IPGP,58,2019
IPGP,58,2018
IPGP,58,2017
IPGP,57,2016
IPGP,61,2015
IPGP,59,2014
IPGP,59,2013
IPGP,58,2012
IPGP,74,2011
IPGP,74,2010
IPGP,70,2009
IPGP,73,2008
IPGP,88,2007
IQV,48,2026
IQV,44,2025
IQV,46,2024
IQV,46,2023
IQV,47,2022
IQV,43,2021
IQV,49,2020
IQV,50,2019
IQV,47,2018
IQV,47,2017
IQV,42,2016
IQV,43,2015
IR,48,2026
IR,50,2025
IR,54,2024
IR,52,2023
IR,56,2022
IR,57,2021
IR,57,2020
IR,58,2019
IR,47,2018
IRM,43,2026
IRM,45,2025
IRM,53,2024
IRM,54,2023
IRM,55,2022
IRM,55,2021
IRM,44,2020
IRM,45,2019
IRM,47,2018
IRM,54,2017
IRM,57,2016
IRM,58,2015
IRM,59,2014
IRM,60,2013
IRM,59,2012
IRM,60,2011
IRM,57,2010
IRM,61,2009
IRM,60,2008
IRM,60,2007
IRM,75,2006
IRM,75,2005
IRM,71,2004
IRM,80,2002
IRM,82,2001
IRM,90,1998
IRM,70,1997
ISRG,34,2026
ISRG,31,2025
ISRG,31,2024
ISRG,41,2023
ISRG,34,2022
ISRG,41,2021
ISRG,38,2020
ISRG,35,2019
ISRG,33,2018
ISRG,34,2017
ISRG,33,2016
ISRG,37,2015
ISRG,34,2014
ISRG,35,2013
ISRG,35,2012
ISRG,32,2011
ISRG,29,2010
ISRG,37,2009
ISRG,45,2008
ISRG,46,2007
ISRG,74,2006
ISRG,75,2005
ISRG,72,2004
ISRG,91,2002
IT,43,2026
IT,44,2025
IT,46,2024
IT,47,2023
IT,54,2022
IT,55,2021
IT,50,2020
IT,53,2019
IT,53,2018
IT,55,2016
IT,58,2015
IT,57,2014
IT,53,2013
IT,54,2012
IT,46,2011
IT,50,2010
IT,51,2009
IT,59,2008
IT,60,2007
IT,72,2006
IT,75,2005
IT,72,2004
IT,89,2001
IT,83,1999
IT,85,1998
IT,73,1997
IT,78,1996
ITT,40,2026
ITT,41,2025
ITT,43,2024
ITT,46,2023
ITT,47,2022
ITT,50,2021
ITT,52,2020
ITT,53,2019
ITT,47,2018
ITT,48,2017
ITT,51,2016
ITT,51,2015
ITT,52,2014
ITT,60,2012
ITT,55,2011
ITT,58,2010
ITT,56,2009
ITT,59,2008
ITT,59,2007
ITT,69,2006
ITT,71,2004
ITT,86,2003
ITT,88,1999
ITT,84,1994
ITW,44,2026
ITW,45,2025
ITW,40,2024
ITW,41,2023
ITW,42,2022
ITW,43,2021
ITW,45,2020
ITW,46,2019
ITW,46,2018
ITW,41,2017
ITW,42,2016
ITW,44,2015
ITW,45,2014
ITW,50,2013
ITW,48,2012
ITW,59,2011
ITW,57,2010
ITW,58,2009
ITW,59,2008
ITW,55,2006
ITW,69,2004
ITW,89,1999
ITW,90,1998
ITW,86,1997
ITW,88,1995
ITW,89,1994
IVZ,55,2026
IVZ,56,2025
IVZ,52,2024
IVZ,53,2023
IVZ,49,2022
IVZ,50,2021
IVZ,62,2020
IVZ,53,2019
IVZ,54,2018
IVZ,54,2017
IVZ,50,2016
IVZ,51,2015
IVZ,52,2014
IVZ,53,2013
IVZ,56,2011
IVZ,57,2010
IVZ,58,2009
IVZ,60,2008
J,55,2025
J,59,2024
J,53,2023
J,52,2022
J,53,2021
J,53,2020
J,59,2019
J,54,2018
J,53,2017
J,53,2016
J,52,2015
J,56,2014
J,56,2013
J,53,2012
J,52,2011
J,53,2010
J,49,2009
J,57,2008
J,59,2007
J,68,2006
J,74,2005
J,74,2004
J,90,2003
J,88,2002
J,88,2000
J,89,1998
J,88,1996
J,89,1994
JBHT,55,2026
JBHT,52,2025
JBHT,54,2024
JBHT,55,2023
JBHT,56,2022
JBHT,53,2021
JBHT,62,2020
JBHT,53,2019
JBHT,54,2018
JBHT,54,2017
JBHT,54,2016
JBHT,55,2015
JBHT,52,2014
JBHT,53,2013
JBHT,55,2012
JBHT,56,2011
JBHT,57,2010
JBHT,58,2009
JBHT,60,2008
JBHT,59,2007
JBHT,69,2006
JBHT,70,2005
JBHT,64,2004
JBHT,70,2003
JBHT,71,2001
JBHT,62,2000
JBHT,62,1999
JBHT,69,1998
JBHT,57,1997
JBHT,92,1996
JBHT,90,1994
JBL,47,2025
JBL,58,2024
JBL,50,2023
JBL,55,2022
JBL,52,2021
JBL,52,2020
JBL,52,2019
JBL,49,2018
JBL,49,2017
JBL,50,2016
JBL,46,2015
JBL,51,2014
JBL,58,2013
JBL,55,2012
JBL,57,2011
JBL,51,2010
JBL,52,2009
JBL,59,2008
JBL,55,2007
JBL,257,2007
JBL,58,2005
JBL,66,2004
JBL,73,2003
JBL,86,2002
JBL,89,2001
JBL,89,2000
JBL,98,1998
JBL,92,1997
JCI,45,2025
JCI,50,2024
JCI,75,2023
JCI,46,2022
JCI,46,2021
JCI,47,2020
JCI,52,2019
JCI,51,2018
JCI,52,2017
JCI,54,2016
JCI,49,2015
JCI,48,2014
JCI,48,2013
JCI,49,2012
JCI,47,2011
JCI,49,2010
JCI,52,2009
JCI,54,2008
JCI,60,2007
JCI,70,2005
JCI,75,2004
JCI,78,2003
JCI,87,1997
JEF,59,2026
JEF,59,2025
JEF,57,2024
JEF,58,2023
JEF,59,2022
JEF,59,2021
JEF,57,2018
JEF,58,2017
JEF,58,2015
JEF,59,2014
JEF,56,2013
JEF,58,2012
JEF,56,2011
JEF,57,2010
JEF,65,2002
JEF,77,1999
JEF,88,1996
JEF,83,1995
JKHY,56,2025
JKHY,57,2024
JKHY,55,2023
JKHY,56,2022
JKHY,56,2021
JKHY,56,2020
JKHY,57,2019
JKHY,55,2018
JKHY,56,2017
JKHY,60,2016
JKHY,73,2015
JKHY,58,2013
JKHY,58,2012
JKHY,58,2010
JKHY,59,2009
JKHY,59,2008
JKHY,61,2007
JKHY,74,2006
JKHY,75,2005
JKHY,61,2004
JKHY,84,2003
JKHY,88,2002
JKHY,87,2001
JKHY,89,2000
JKHY,86,1999
JKHY,87,1998
JKHY,88,1996
JKHY,90,1995
JNJ,45,2026
JNJ,46,2025
JNJ,47,2024
JNJ,46,2023
JNJ,46,2022
JNJ,50,2021
JNJ,51,2020
JNJ,52,2019
JNJ,52,2018
JNJ,57,2017
JNJ,52,2016
JNJ,58,2015
JNJ,54,2014
JNJ,53,2013
JNJ,53,2012
JNJ,54,2011
JNJ,57,2010
JNJ,54,2009
JNJ,58,2008
JNJ,52,2007
JNJ,72,2006
JNJ,72,2005
JNJ,74,2004
JPM,44,2026
JPM,45,2025
JPM,47,2024
JPM,52,2023
JPM,53,2022
JPM,54,2021
JPM,56,2020
JPM,57,2019
JPM,58,2018
JPM,59,2017
JPM,54,2016
JPM,55,2015
JPM,50,2014
JPM,59,2013
JPM,60,2012
JPM,59,2011
JPM,55,2010
JPM,61,2009
JPM,60,2008
JPM,60,2007
JPM,84,1997
JPM,84,1994
KBH,54,2026
KBH,55,2025
KBH,50,2024
KBH,51,2023
KBH,52,2022
KBH,53,2021
KBH,55,2020
KBH,55,2019
KBH,57,2018
KBH,58,2017
KBH,53,2016
KBH,53,2015
KBH,55,2014
KBH,49,2013
KBH,61,2012
KBH,62,2011
KBH,60,2010
KBH,60,2009
KBH,60,2008
KBH,75,2007
KBH,72,2006
KBH,76,2005
KBH,92,2004
KBH,90,2003
KBH,90,2000
KBH,88,1999
KBH,89,1998
KBH,90,1997
KBH,85,1996
KBH,90,1995
KDP,55,2026
KDP,56,2025
KDP,53,2024
KDP,54,2023
KDP,55,2022
KDP,56,2021
KDP,58,2020
KDP,59,2019
KDP,45,2017
KDP,54,2016
KDP,50,2015
KDP,51,2014
KDP,51,2013
KDP,53,2012
KDP,53,2011
KDP,58,2010
KDP,85,2009
KEY,54,2026
KEY,52,2025
KEY,53,2024
KEY,53,2023
KEY,53,2022
KEY,53,2021
KEY,57,2020
KEY,56,2019
KEY,57,2018
KEY,59,2017
KEY,55,2016
KEY,61,2015
KEY,57,2014
KEY,57,2013
KEY,58,2012
KEY,55,2011
KEY,58,2009
KEY,59,2008
KEY,59,2007
KEY,59,2006
KEY,59,2005
KEY,72,2004
KEY,80,2003
KEY,87,2002
KEY,81,2001
KEY,82,2000
KEY,88,1996
KEY,90,1994
KEYS,47,2025
KEYS,47,2024
KEYS,45,2023
KEYS,45,2022
KEYS,47,2021
KEYS,47,2020
KEYS,48,2019
KEYS,48,2018
KEYS,50,2017
KEYS,49,2016
KEYS,52,2014
KHC,47,2026
KHC,47,2025
KHC,47,2024
KHC,47,2023
KHC,54,2022
KHC,53,2021
KHC,48,2020
KHC,160,2019
KHC,48,2018
KHC,54,2017
KHC,60,2016
KIM,51,2026
KIM,52,2025
KIM,54,2024
KIM,55,2023
KIM,59,2022
KIM,54,2021
KIM,56,2020
KIM,46,2019
KIM,54,2018
KIM,56,2017
KIM,57,2016
KIM,58,2015
KIM,57,2014
KIM,58,2013
KIM,58,2012
KIM,59,2011
KIM,58,2009
KIM,59,2008
KIM,59,2007
KIM,66,2006
KIM,66,2005
KIM,70,2004
KIM,86,2003
KIM,75,2001
KKR,58,2026
KKR,59,2025
KKR,60,2024
KKR,58,2023
KKR,59,2022
KKR,50,2021
KKR,45,2020
KKR,46,2019
KKR,54,2018
KKR,55,2017
KKR,57,2016
KKR,58,2015
KKR,55,2014
KKR,53,2013
KKR,56,2012
KKR,66,2011
KLAC,39,2025
KLAC,36,2024
KLAC,35,2023
KLAC,36,2022
KLAC,37,2021
KLAC,38,2020
KLAC,47,2019
KLAC,37,2018
KLAC,35,2017
KLAC,36,2016
KLAC,38,2015
KLAC,39,2014
KLAC,39,2013
KLAC,37,2012
KLAC,36,2011
KLAC,36,2010
KLAC,37,2009
KLAC,38,2008
KLAC,48,2007
KLAC,213,2007
KLAC,64,2005
KLAC,61,2004
KLAC,82,2002
KLAC,83,2001
KLAC,90,2000
KLAC,90,1999
KLAC,91,1997
KLAC,89,1996
KLAC,89,1995
KLAC,90,1994
KMB,43,2026
KMB,44,2025
KMB,39,2024
KMB,40,2023
KMB,41,2022
KMB,42,2021
KMB,44,2020
KMB,38,2019
KMB,39,2018
KMB,39,2017
KMB,42,2016
KMB,49,2015
KMB,45,2014
KMB,53,2013
KMB,60,2012
KMB,54,2011
KMB,55,2010
KMB,58,2009
KMB,53,2008
KMB,53,2007
KMB,54,2006
KMB,55,2005
KMB,57,2004
KMB,73,2003
KMB,77,2002
KMB,82,2001
KMB,84,2000
KMB,85,1998
KMB,80,1997
KMB,86,1996
KMB,83,1995
KMB,83,1994
KMI,44,2026
KMI,44,2025
KMI,51,2024
KMI,39,2023
KMI,38,2022
KMI,36,2021
KMI,43,2020
KMI,39,2019
KMI,40,2018
KMI,41,2017
KMI,47,2016
KMI,54,2015
KMI,52,2014
KMI,60,2013
KMI,1,2012
KMI,61,2011
KMX,42,2025
KMX,46,2024
KMX,44,2023
KMX,45,2022
KMX,51,2021
KMX,52,2020
KMX,50,2019
KMX,55,2018
KMX,52,2017
KMX,53,2016
KMX,55,2015
KMX,57,2013
KMX,56,2012
KMX,57,2010
KMX,15,2009
KMX,56,2008
KMX,58,2007
KMX,73,2006
KMX,74,2005
KMX,75,2004
KMX,90,2003
KO,51,2026
KO,51,2025
KO,51,2024
KO,52,2023
KO,53,2022
KO,56,2021
KO,55,2020
KO,52,2019
KO,54,2018
KO,55,2017
KO,56,2016
KO,56,2015
KO,58,2014
KO,58,2013
KO,54,2012
KO,59,2011
KO,57,2010
KO,57,2009
KO,59,2008
KO,52,2007
KO,59,2006
KO,63,2005
KO,58,2004
KO,85,2003
KO,66,2001
KO,69,2000
KO,88,1999
KO,68,1998
KO,73,1994
KR,59,2025
KR,59,2024
KR,59,2023
KR,59,2022
KR,59,2021
KR,60,2020
KR,59,2019
KR,59,2017
KR,59,2016
KR,59,2014
KR,59,2013
KR,59,2012
KR,59,2011
KR,59,2010
KR,59,2009
KR,59,2008
KR,60,2007
KR,69,2006
KSS,47,2025
KSS,47,2024
KSS,47,2023
KSS,47,2022
KSS,47,2021
KSS,46,2020
KSS,48,2019
KSS,48,2018
KSS,48,2017
KSS,48,2016
KSS,48,2015
KSS,48,2014
KSS,48,2013
KSS,413,2012
KSS,48,2010
KSS,48,2009
KSS,48,2008
KSS,48,2007
KSS,48,2006
KSS,48,2005
KSS,48,2004
KSS,48,2003
KSS,72,2002
KSS,79,1999
KVUE,54,2026
KVUE,57,2025
KVUE,61,2024
L,41,2026
L,42,2025
L,37,2024
L,38,2023
L,39,2022
L,40,2021
L,42,2020
L,44,2019
L,46,2018
L,47,2017
L,50,2016
L,55,2015
L,55,2014
L,53,2013
L,53,2012
L,54,2011
L,55,2010
L,56,2009
L,58,2008
L,0,2007
L,69,2006
L,86,2003
L,67,2002
L,86,1995
L,84,1994
LDOS,46,2026
LDOS,39,2025
LDOS,46,2024
LDOS,46,2023
LDOS,46,2022
LDOS,53,2021
LDOS,46,2020
LDOS,53,2019
LDOS,56,2018
LDOS,56,2017
LDOS,54,2015
LDOS,55,2014
LDOS,54,2013
LDOS,56,2012
LDOS,53,2011
LDOS,59,2010
LDOS,58,2009
LDOS,71,2007
LDOS,90,2006
LEG,57,2026
LEG,57,2025
LEG,58,2024
LEG,55,2023
LEG,53,2022
LEG,55,2021
LEG,51,2020
LEG,58,2019
LEG,53,2018
LEG,53,2017
LEG,56,2016
LEG,57,2015
LEG,57,2014
LEG,59,2013
LEG,55,2012
LEG,55,2011
LEG,56,2010
LEG,56,2009
LEG,57,2008
LEG,58,2007
LEG,60,2006
LEG,59,2005
LEG,71,2004
LEG,77,2003
LEG,89,2000
LEG,86,1997
LEG,88,1996
LEG,88,1994
LEN,59,2026
LEN,54,2025
LEN,57,2023
LEN,59,2022
LEN,53,2021
LEN,58,2020
LEN,59,2019
LEN,55,2018
LEN,51,2017
LEN,53,2016
LEN,54,2015
LEN,58,2014
LEN,61,2012
LEN,62,2011
LEN,60,2010
LEN,58,2009
LEN,60,2008
LEN,70,2007
LEN,375,2006
LEN,92,2004
LEN,90,2003
LEN,90,2002
LEN,90,2000
LH,55,2026
LH,56,2025
LH,57,2024
LH,59,2023
LH,56,2022
LH,56,2021
LH,59,2019
LH,58,2018
LH,58,2017
LH,57,2015
LH,56,2014
LH,57,2013
LH,55,2010
LH,0,2009
LH,0,2008
LH,58,2007
LH,0,2006
LH,0,2005
LH,0,2004
LH,87,2003
LH,77,2002
LH,68,2001
LH,77,2000
LHX,41,2026
LHX,42,2025
LHX,49,2024
LHX,56,2023
LHX,56,2022
LHX,59,2021
LHX,55,2019
LHX,59,2018
LHX,60,2017
LHX,59,2016
LHX,59,2015
LHX,59,2014
LHX,59,2013
LHX,59,2012
LHX,59,2011
LHX,59,2010
LHX,59,2009
LHX,59,2008
LHX,59,2007
LHX,68,2006
LHX,63,2005
LHX,61,2004
LHX,62,2003
LHX,67,2002
LHX,61,2000
LHX,70,1995
LHX,85,1994
LII,48,2026
LII,42,2025
LII,44,2024
LII,52,2023
LII,46,2022
LII,47,2021
LII,49,2020
LII,50,2019
LII,47,2018
LII,52,2017
LII,47,2016
LII,48,2015
LII,44,2014
LII,46,2013
LII,47,2012
LII,49,2011
LII,49,2010
LII,57,2009
LII,59,2008
LII,58,2007
LII,75,2006
LII,74,2005
LII,295,2004
LII,86,2003
LII,91,2002
LIN,56,2026
LIN,57,2025
LIN,59,2024
LIN,59,2023
LIN,59,2022
LIN,60,2021
LIN,62,2020
LIN,77,2019
LIN,82,2018
LKQ,50,2026
LKQ,51,2025
LKQ,53,2024
LKQ,54,2023
LKQ,56,2022
LKQ,57,2021
LKQ,58,2020
LKQ,60,2019
LKQ,59,2018
LKQ,58,2017
LKQ,56,2016
LKQ,61,2015
LKQ,60,2013
LKQ,58,2012
LKQ,56,2011
LKQ,57,2010
LKQ,58,2009
LKQ,60,2008
LKQ,59,2007
LKQ,67,2006
LKQ,84,2004
LLY,43,2026
LLY,50,2025
LLY,52,2024
LLY,53,2023
LLY,54,2022
LLY,48,2021
LLY,50,2020
LLY,50,2019
LLY,51,2018
LLY,52,2017
LLY,50,2016
LLY,50,2015
LLY,50,2014
LLY,52,2013
LLY,55,2012
LLY,53,2011
LLY,53,2010
LLY,58,2009
LLY,59,2007
LLY,60,2006
LLY,67,2005
LLY,75,2004
LLY,79,2003
LLY,87,2001
LLY,90,2000
LLY,85,1999
LLY,83,1998
LLY,85,1996
LLY,84,1994
LMT,29,2026
LMT,28,2025
LMT,23,2024
LMT,26,2023
LMT,25,2022
LMT,28,2021
LMT,38,2020
LMT,39,2019
LMT,40,2017
LMT,55,2016
LMT,40,2015
LMT,45,2014
LMT,59,2013
LMT,54,2012
LMT,55,2011
LMT,56,2010
LMT,57,2009
LMT,59,2008
LMT,57,2007
LMT,59,2006
LMT,59,2005
LMT,66,2004
LMT,65,2003
LMT,66,2002
LMT,68,2001
LMT,69,2000
LMT,81,1999
LMT,78,1998
LMT,73,1997
LNC,50,2026
LNC,52,2025
LNC,53,2024
LNC,48,2022
LNC,49,2021
LNC,51,2020
LNC,51,2019
LNC,53,2018
LNC,54,2017
LNC,56,2016
LNC,57,2015
LNC,56,2014
LNC,60,2013
LNC,54,2012
LNC,56,2011
LNC,58,2009
LNC,60,2008
LNC,60,2007
LNC,73,2006
LNC,70,2005
LNC,77,2003
LNC,77,2002
LNC,71,2001
LNC,70,2000
LNC,70,1999
LNC,77,1998
LNC,72,1997
LNC,89,1994
LNT,51,2026
LNT,52,2025
LNT,47,2024
LNT,55,2023
LNT,49,2022
LNT,50,2021
LNT,52,2020
LNT,53,2019
LNT,54,2018
LNT,55,2017
LNT,55,2016
LNT,56,2015
LNT,56,2014
LNT,57,2013
LNT,58,2012
LNT,59,2011
LNT,57,2010
LNT,58,2009
LNT,59,2008
LNT,60,2007
LNT,61,2006
LNT,63,2005
LNT,71,2004
LNT,85,2003
LNT,89,2000
LOW,52,2025
LOW,52,2024
LOW,52,2023
LOW,52,2022
LOW,52,2021
LOW,52,2020
LOW,59,2019
LOW,59,2018
LOW,60,2017
LOW,59,2016
LOW,60,2015
LOW,59,2014
LOW,59,2013
LOW,60,2011
LOW,60,2009
LOW,60,2008
LOW,60,2007
LOW,75,2005
LOW,74,2003
LOW,84,2002
LOW,87,1998
LOW,84,1997
LOW,89,1996
LOW,87,1995
LOW,92,1994
LRCX,43,2025
LRCX,60,2024
LRCX,51,2023
LRCX,59,2022
LRCX,51,2021
LRCX,51,2020
LRCX,51,2019
LRCX,51,2018
LRCX,51,2017
LRCX,51,2016
LRCX,46,2015
LRCX,58,2014
LRCX,58,2013
LRCX,59,2012
LRCX,54,2011
LRCX,54,2010
LRCX,60,2009
LRCX,60,2008
LRCX,281,2008
LRCX,52,2006
LRCX,53,2005
LRCX,75,2004
LRCX,88,2003
LRCX,74,2002
LRCX,85,1996
LRCX,88,1995
LULU,53,2025
LULU,53,2024
LULU,58,2023
LULU,58,2022
LULU,58,2021
LULU,53,2020
LULU,52,2019
LULU,58,2018
LULU,59,2017
LULU,59,2016
LULU,53,2015
LULU,53,2014
LULU,46,2013
LULU,53,2012
LULU,46,2011
LULU,53,2010
LULU,54,2009
LULU,65,2008
LUMN,51,2026
LUMN,51,2025
LUMN,53,2024
LUMN,54,2023
LUMN,55,2022
LUMN,56,2021
LUMN,59,2020
LUMN,70,2019
LUMN,60,2018
LUMN,54,2017
LUMN,55,2016
LUMN,55,2015
LUMN,58,2014
LUMN,60,2013
LUMN,59,2012
LUMN,60,2010
LUMN,58,2009
LUMN,60,2008
LUMN,60,2007
LUMN,0,2006
LUMN,75,2005
LUMN,72,2004
LUMN,86,2003
LUMN,74,2002
LUMN,81,2001
LUMN,75,2000
LUMN,75,1999
LUMN,76,1997
LUMN,79,1995
LUMN,76,1994
LUV,38,2025
LUV,37,2024
LUV,37,2023
LUV,35,2022
LUV,39,2021
LUV,34,2020
LUV,36,2019
LUV,38,2018
LUV,38,2017
LUV,34,2016
LUV,35,2014
LUV,38,2013
LUV,40,2012
LUV,39,2011
LUV,29,2010
LUV,31,2009
LUV,35,2008
LUV,32,2006
LUV,35,2005
LUV,29,2004
LUV,36,2003
LUV,35,2002
LUV,26,2001
LUV,88,2000
LUV,85,1999
LUV,88,1996
LVS,37,2026
LVS,38,2025
LVS,38,2024
LVS,34,2023
LVS,35,2022
LVS,36,2021
LVS,38,2020
LVS,53,2019
LVS,54,2018
LVS,55,2017
LVS,57,2016
LVS,58,2015
LVS,59,2014
LVS,60,2013
LVS,60,2012
LVS,58,2010
LVS,59,2009
LVS,60,2008
LVS,59,2007
LVS,61,2006
LVS,91,2005
LW,59,2025
LW,59,2024
LW,58,2023
LW,59,2022
LW,58,2021
LW,58,2020
LW,60,2019
LW,59,2018
LW,58,2017
LYB,51,2026
LYB,58,2025
LYB,53,2024
LYB,54,2023
LYB,55,2022
LYB,56,2021
LYB,51,2020
LYB,52,2019
LYB,53,2018
LYB,48,2017
LYB,47,2016
LYB,48,2015
LYB,51,2014
LYB,43,2013
LYB,60,2012
LYB,77,2011
LYV,50,2026
LYV,51,2025
LYV,53,2024
LYV,54,2023
LYV,54,2022
LYV,60,2021
LYV,57,2013
LYV,55,2012
LYV,59,2011
LYV,80,2006
M,48,2025
M,48,2024
M,55,2023
M,55,2022
M,58,2021
M,58,2020
M,60,2019
M,60,2018
M,60,2017
M,60,2016
M,60,2015
M,60,2014
M,60,2013
M,60,2012
M,60,2011
M,60,2010
M,60,2009
M,59,2008
M,60,2007
M,58,2005
M,75,2004
M,73,2003
M,74,2001
M,81,2000
M,81,1999
M,75,1998
M,75,1997
M,74,1996
M,82,1995
MA,42,2026
MA,43,2025
MA,44,2024
MA,45,2023
MA,42,2022
MA,43,2021
MA,45,2020
MA,44,2019
MA,45,2018
MA,46,2017
MA,43,2016
MA,44,2015
MA,45,2014
MA,45,2013
MA,47,2012
MA,50,2009
MA,52,2008
MA,59,2007
MA,75,2006
MA,61,2005
MA,64,2004
MA,66,2003
MAA,37,2026
MAA,38,2025
MAA,40,2024
MAA,45,2023
MAA,48,2022
MAA,49,2021
MAA,51,2020
MAA,52,2019
MAA,54,2018
MAA,55,2017
MAA,57,2016
MAA,56,2015
MAA,52,2014
MAA,53,2013
MAA,55,2012
MAA,55,2011
MAA,56,2010
MAA,56,2009
MAA,58,2008
MAA,59,2007
MAA,60,2006
MAA,72,2004
MAA,90,2003
MAA,90,1997
MAC,51,2026
MAC,59,2025
MAC,57,2024
MAC,55,2023
MAC,56,2022
MAC,55,2021
MAC,56,2020
MAC,56,2019
MAC,55,2017
MAC,54,2016
MAC,52,2014
MAC,53,2013
MAC,55,2012
MAC,56,2011
MAC,57,2010
MAC,58,2009
MAC,58,2007
MAC,68,2006
MAC,84,2005
MAC,72,2004
MAC,86,2003
MAC,84,2002
MAC,88,2001
MAC,81,2000
MAC,89,1999
MAC,85,1998
MAC,84,1997
MAR,41,2026
MAR,42,2025
MAR,44,2024
MAR,45,2023
MAR,46,2022
MAR,58,2020
MAR,60,2019
MAR,46,2018
MAR,52,2017
MAR,49,2016
MAR,50,2015
MAR,51,2014
MAR,54,2013
MAR,48,2012
MAR,49,2011
MAR,42,2010
MAR,41,2009
MAR,49,2008
MAR,54,2007
MAR,54,2006
MAR,54,2005
MAR,52,2004
MAR,42,2003
MAR,84,2002
MAR,70,2000
MAR,63,1998
MAS,41,2026
MAS,42,2025
MAS,39,2024
MAS,40,2023
MAS,39,2022
MAS,40,2021
MAS,42,2020
MAS,38,2019
MAS,39,2018
MAS,40,2017
MAS,43,2016
MAS,44,2015
MAS,45,2014
MAS,46,2013
MAS,52,2012
MAS,49,2011
MAS,47,2010
MAS,48,2009
MAS,53,2008
MAS,58,2007
MAS,61,2006
MAS,75,2005
MAS,58,2004
MAS,73,2003
MAS,88,2001
MAS,85,1999
MAS,86,1998
MAS,84,1994
MAT,54,2026
MAT,56,2025
MAT,75,2024
MAT,53,2023
MAT,59,2022
MAT,56,2021
MAT,58,2018
MAT,54,2017
MAT,56,2016
MAT,56,2015
MAT,57,2014
MAT,57,2013
MAT,54,2012
MAT,55,2011
MAT,55,2010
MAT,57,2009
MAT,57,2008
MAT,57,2007
MAT,58,2006
MAT,67,2005
MAT,72,2004
MAT,83,2003
MAT,87,2002
MAT,70,2000
MAT,77,1998
MAT,76,1997
MAT,82,1996
MAT,81,1995
MAT,84,1994
MBC,47,2026
MBC,52,2025
MBC,58,2024
MBC,75,2023
MBI,57,2026
MBI,58,2025
MBI,59,2024
MBI,59,2023
MBI,59,2022
MBI,60,2021
MBI,58,2020
MBI,60,2018
MBI,60,2017
MBI,60,2016
MBI,61,2015
MBI,62,2014
MBI,58,2013
MBI,60,2012
MBI,60,2011
MBI,60,2010
MBI,61,2009
MBI,60,2008
MBI,59,2007
MBI,67,2006
MBI,71,2004
MBI,90,2003
MBI,88,2002
MBI,89,2001
MBI,89,2000
MBI,89,1999
MBI,89,1998
MBI,87,1997
MBI,89,1996
MBI,90,1995
MCD,55,2026
MCD,56,2025
MCD,53,2024
MCD,55,2023
MCD,55,2022
MCD,54,2021
MCD,57,2020
MCD,53,2019
MCD,54,2018
MCD,60,2017
MCD,56,2016
MCD,55,2015
MCD,55,2014
MCD,56,2013
MCD,55,2012
MCD,56,2011
MCD,57,2010
MCD,56,2009
MCD,56,2008
MCD,57,2007
MCD,58,2006
MCD,63,2005
MCD,65,2004
MCD,71,2003
MCD,88,2000
MCD,90,1999
MCD,89,1998
MCD,87,1997
MCD,88,1996
MCD,88,1995
MCHP,52,2025
MCHP,53,2024
MCHP,55,2023
MCHP,50,2022
MCHP,47,2021
MCHP,51,2020
MCHP,60,2019
MCHP,48,2018
MCHP,60,2017
MCHP,54,2016
MCHP,60,2014
MCHP,60,2013
MCHP,60,2012
MCHP,62,2010
MCHP,59,2009
MCHP,58,2008
MCHP,55,2007
MCHP,61,2006
MCHP,53,2005
MCHP,64,2004
MCHP,66,2003
MCHP,64,2002
MCHP,68,2000
MCHP,57,1998
MCHP,57,1997
MCK,38,2025
MCK,37,2024
MCK,38,2023
MCK,39,2022
MCK,42,2021
MCK,52,2020
MCK,45,2019
MCK,54,2018
MCK,52,2017
MCK,35,2016
MCK,42,2015
MCK,44,2014
MCK,37,2013
MCK,32,2012
MCK,35,2011
MCK,34,2010
MCK,35,2009
MCK,37,2008
MCK,39,2007
MCK,46,2006
MCK,43,2005
MCK,71,2004
MCK,66,2003
MCK,73,2002
MCK,62,2001
MCK,74,2000
MCK,80,1997
MCO,49,2026
MCO,45,2025
MCO,45,2024
MCO,46,2023
MCO,49,2022
MCO,50,2021
MCO,52,2020
MCO,53,2019
MCO,57,2018
MCO,54,2017
MCO,55,2016
MCO,56,2015
MCO,56,2013
MCO,58,2012
MCO,56,2011
MCO,57,2010
MCO,58,2009
MCO,60,2008
MCO,59,2007
MCO,60,2006
MCO,67,2005
MCO,72,2004
MCO,80,2003
MCO,47,1999
MDLZ,35,2026
MDLZ,36,2025
MDLZ,33,2024
MDLZ,34,2023
MDLZ,35,2022
MDLZ,36,2021
MDLZ,38,2020
MDLZ,39,2019
MDLZ,40,2018
MDLZ,55,2017
MDLZ,50,2016
MDLZ,51,2015
MDLZ,62,2014
MDLZ,58,2012
MDLZ,59,2011
MDLZ,56,2010
MDLZ,58,2009
MDLZ,60,2007
MDLZ,69,2006
MDLZ,70,2005
MDLZ,72,2004
MDLZ,84,2003
MDLZ,73,2002
MDT,56,2025
MDT,55,2024
MDT,55,2023
MDT,55,2022
MDT,56,2021
MDT,56,2020
MDT,56,2019
MDT,56,2018
MDT,60,2017
MDT,60,2016
MDT,60,2015
MET,50,2026
MET,51,2025
MET,46,2024
MET,54,2023
MET,48,2022
MET,49,2021
MET,51,2020
MET,52,2019
MET,60,2018
MET,59,2017
MET,55,2016
MET,57,2015
MET,57,2014
MET,57,2013
MET,59,2012
MET,58,2009
MET,59,2008
MET,60,2007
MET,59,2006
MET,66,2005
MET,65,2004
MET,78,2003
META,28,2026
META,29,2025
META,32,2024
META,32,2023
META,33,2022
META,27,2021
META,29,2020
META,31,2019
META,32,2018
META,33,2017
META,31,2014
META,32,2013
MGM,42,2026
MGM,49,2025
MGM,54,2024
MGM,55,2023
MGM,56,2022
MGM,57,2021
MGM,58,2020
MGM,58,2019
MGM,60,2018
MGM,60,2017
MGM,60,2016
MGM,61,2015
MGM,59,2014
MGM,60,2013
MGM,60,2012
MGM,59,2011
MGM,57,2010
MGM,60,2008
MGM,59,2007
MGM,72,2006
MGM,70,2005
MGM,45,2004
MGM,85,2003
MGM,85,1997
MGM,80,1995
MGM,88,1994
MHK,55,2026
MHK,50,2025
MHK,54,2024
MHK,53,2023
MHK,54,2022
MHK,55,2021
MHK,59,2020
MHK,59,2019
MHK,59,2018
MHK,58,2017
MHK,58,2015
MHK,59,2014
MHK,58,2013
MHK,60,2012
MHK,60,2011
MHK,57,2010
MHK,61,2009
MHK,60,2008
MHK,57,2007
MHK,0,2006
MHK,0,2005
MHK,1,2004
MHK,0,2003
MHK,66,1997
MKC,53,2026
MKC,54,2025
MKC,56,2024
MKC,57,2023
MKC,58,2022
MKC,59,2021
MKC,59,2020
MKC,55,2019
MKC,56,2017
MKC,59,2016
MKC,60,2015
MKC,60,2014
MKC,88,2001
MKTX,55,2026
MKTX,55,2025
MKTX,53,2024
MKTX,53,2023
MKTX,54,2022
MKTX,50,2021
MKTX,49,2020
MKTX,52,2017
MKTX,56,2016
MKTX,56,2015
MKTX,55,2014
MKTX,52,2013
MKTX,55,2011
MKTX,57,2010
MKTX,63,2008
MKTX,73,2007
MKTX,73,2006
MLM,50,2026
MLM,52,2025
MLM,54,2024
MLM,55,2023
MLM,53,2022
MLM,50,2021
MLM,52,2020
MLM,54,2018
MLM,55,2017
MLM,54,2016
MLM,55,2015
MLM,55,2014
MLM,53,2013
MLM,60,2012
MLM,56,2011
MLM,57,2010
MLM,48,2009
MLM,56,2008
MLM,59,2007
MLM,58,2006
MLM,56,2005
MLM,75,2004
MLM,86,2003
MMI,57,2026
MMI,58,2025
MMI,58,2023
MMI,60,2022
MMI,60,2021
MMI,62,2020
MMI,60,2019
MMI,75,2018
MMI,75,2017
MMI,75,2016
MMI,68,2015
MMI,80,2014
MMM,34,2026
MMM,36,2025
MMM,38,2024
MMM,39,2023
MMM,40,2022
MMM,35,2021
MMM,37,2020
MMM,38,2019
MMM,39,2018
MMM,40,2017
MMM,42,2016
MMM,43,2015
MMM,44,2014
MMM,45,2013
MMM,47,2012
MMM,47,2011
MMM,47,2010
MMM,45,2009
MMM,46,2008
MMM,55,2007
MMM,52,2006
MMM,55,2005
MMM,62,2004
MMM,69,2003
MMM,49,2000
MMM,43,1999
MMM,70,1997
MNST,57,2026
MNST,59,2025
MNST,60,2024
MNST,60,2023
MNST,59,2022
MNST,60,2021
MNST,59,2020
MNST,59,2019
MNST,60,2018
MNST,60,2016
MNST,62,2014
MNST,60,2013
MNST,60,2012
MNST,60,2011
MNST,60,2010
MNST,61,2009
MNST,60,2008
MNST,157,2007
MNST,74,2006
MNST,90,2004
MNST,90,2003
MNST,88,2002
MNST,89,2001
MNST,90,2000
MNST,90,1999
MNST,90,1998
MNST,90,1997
MO,56,2026
MO,56,2016
MO,47,2012
MO,56,2011
MO,55,2010
MO,58,2009
MO,59,2008
MO,60,2007
MO,69,2006
MO,74,2005
MO,72,2004
MO,86,2003
MO,77,1999
MO,88,1996
MO,69,1995
MO,75,1994
MOH,41,2026
MOH,42,2025
MOH,44,2024
MOH,44,2023
MOH,45,2022
MOH,47,2021
MOH,45,2020
MOH,50,2019
MOH,60,2018
MOH,60,2017
MOH,57,2016
MOH,57,2015
MOH,57,2014
MOH,59,2013
MOH,67,2011
MOH,75,2010
MOH,75,2009
MOH,77,2008
MOH,73,2007
MOH,73,2006
MOH,67,2005
MOH,50,2004
MOS,58,2026
MOS,62,2025
MOS,53,2024
MOS,54,2023
MOS,54,2022
MOS,53,2021
MOS,51,2020
MOS,72,2019
MOS,51,2018
MOS,46,2017
MOS,50,2016
MOS,48,2015
MOS,47,2013
MOS,49,2011
MOS,53,2010
MOS,54,2009
MOS,59,2008
MOS,70,2007
MOS,72,2006
MOS,66,2005
MPC,57,2026
MPC,58,2025
MPC,59,2024
MPC,54,2023
MPC,55,2022
MPC,57,2021
MPC,59,2020
MPC,59,2019
MPC,59,2018
MPC,55,2017
MPC,57,2016
MPC,58,2015
MPC,59,2014
MPC,59,2013
MPC,60,2012
MPWR,58,2026
MPWR,62,2025
MPWR,60,2024
MPWR,55,2023
MPWR,56,2022
MPWR,60,2021
MPWR,59,2020
MPWR,60,2019
MPWR,60,2018
MPWR,60,2017
MPWR,60,2016
MPWR,61,2015
MPWR,69,2014
MPWR,64,2013
MPWR,72,2012
MPWR,63,2011
MPWR,44,2010
MPWR,58,2009
MPWR,75,2007
MPWR,87,2006
MRK,55,2026
MRK,56,2025
MRK,55,2023
MRK,56,2022
MRK,56,2021
MRK,57,2020
MRK,58,2019
MRK,58,2018
MRK,59,2017
MRK,57,2016
MRK,58,2015
MRK,58,2014
MRK,59,2013
MRK,59,2012
MRK,59,2011
MRK,60,2010
MRK,58,2009
MRK,59,2007
MRK,59,2006
MRK,69,2003
MRK,88,2002
MRK,72,2001
MRK,62,2000
MRK,78,1998
MRK,62,1997
MRNA,51,2026
MRNA,52,2025
MRNA,54,2024
MRNA,55,2023
MRNA,56,2022
MRNA,57,2021
MRNA,58,2020
MRSH,40,2026
MRSH,41,2025
MRSH,43,2024
MRSH,44,2023
MRSH,47,2022
MRSH,48,2021
MRSH,51,2020
MRSH,52,2019
MRSH,53,2018
MRSH,55,2017
MRSH,55,2016
MRSH,57,2015
MRSH,58,2014
MRSH,58,2013
MRSH,59,2012
MRSH,56,2011
MRSH,57,2010
MRSH,58,2009
MRSH,60,2008
MRSH,60,2007
MRSH,60,2006
MRSH,67,2005
MRSH,75,2004
MRSH,85,2003
MRSH,88,2002
MRSH,88,2001
MRSH,89,2000
MRSH,90,1999
MRSH,90,1997
MRSH,87,1995
MS,50,2026
MS,52,2025
MS,53,2024
MS,55,2023
MS,55,2022
MS,57,2021
MS,58,2020
MS,57,2019
MS,58,2018
MS,58,2017
MS,54,2016
MS,61,2015
MS,56,2014
MS,57,2013
MS,58,2012
MS,59,2011
MS,57,2010
MS,59,2009
MS,59,2008
MS,74,2007
MS,75,2006
MS,72,2005
MS,81,2003
MS,82,1998
MSCI,37,2026
MSCI,38,2025
MSCI,40,2024
MSCI,41,2023
MSCI,42,2022
MSCI,43,2021
MSCI,49,2020
MSCI,53,2019
MSCI,57,2018
MSCI,55,2017
MSCI,57,2016
MSCI,59,2014
MSCI,60,2013
MSCI,60,2011
MSCI,60,2010
MSCI,60,2009
MSCI,90,2008
MSFT,30,2025
MSFT,30,2024
MSFT,27,2023
MSFT,28,2022
MSFT,29,2021
MSFT,31,2020
MSFT,32,2019
MSFT,34,2018
MSFT,33,2017
MSFT,28,2016
MSFT,31,2015
MSFT,31,2014
MSFT,30,2013
MSFT,26,2012
MSFT,28,2011
MSFT,30,2010
MSFT,30,2009
MSFT,31,2008
MSFT,34,2007
MSFT,56,2006
MSFT,56,2005
MSFT,63,2004
MSFT,66,2003
MSFT,68,2002
MSFT,80,2001
MSFT,90,2000
MSFT,90,1999
MSFT,87,1998
MSFT,91,1997
MSFT,89,1996
MSFT,87,1995
MSFT,89,1994
MSI,43,2026
MSI,45,2025
MSI,46,2024
MSI,47,2023
MSI,47,2022
MSI,43,2021
MSI,44,2020
MSI,46,2019
MSI,47,2018
MSI,52,2017
MSI,53,2016
MSI,44,2015
MSI,44,2014
MSI,43,2013
MSI,46,2012
MSI,49,2011
MSI,47,2010
MSI,57,2009
MSI,59,2008
MSI,59,2007
MSI,63,2005
MSI,72,2004
MSI,88,2002
MSI,89,2001
MSI,82,2000
MSI,79,1998
MSI,82,1996
MTB,49,2026
MTB,50,2025
MTB,52,2024
MTB,53,2023
MTB,47,2022
MTB,53,2021
MTB,50,2020
MTB,51,2019
MTB,53,2018
MTB,53,2017
MTB,50,2016
MTB,51,2015
MTB,52,2014
MTB,53,2013
MTB,54,2012
MTB,53,2011
MTB,50,2010
MTB,54,2009
MTB,52,2008
MTB,54,2007
MTB,59,2006
MTB,56,2005
MTB,57,2004
MTB,58,2003
MTB,59,2002
MTB,68,2001
MTB,56,2000
MTB,78,1999
MTB,75,1998
MTB,77,1997
MTB,75,1996
MTB,83,1995
MTCH,57,2026
MTCH,58,2025
MTCH,54,2024
MTCH,55,2023
MTCH,55,2022
MTCH,56,2021
MTCH,60,2019
MTCH,60,2018
MTCH,59,2017
MTCH,58,2015
MTCH,57,2014
MTCH,60,2013
MTCH,60,2012
MTCH,57,2010
MTCH,60,2007
MTCH,72,2006
MTCH,62,2000
MTCH,104,1997
MTD,37,2026
MTD,38,2025
MTD,40,2024
MTD,41,2023
MTD,42,2022
MTD,39,2021
MTD,38,2020
MTD,39,2019
MTD,39,2018
MTD,33,2017
MTD,35,2016
MTD,37,2015
MTD,38,2014
MTD,39,2013
MTD,44,2012
MTD,47,2011
MTD,40,2010
MTD,44,2009
MTD,46,2008
MTD,47,2007
MTD,52,2006
MTD,56,2005
MTD,75,2004
MTD,73,2003
MTD,63,2002
MTD,0,2001
MTD,0,2000
MTD,0,1999
MU,36,2025
MU,36,2024
MU,36,2023
MU,36,2022
MU,36,2021
MU,46,2020
MU,49,2019
MU,46,2018
MU,56,2017
MU,57,2016
MU,54,2015
MU,60,2014
MU,60,2013
MU,60,2012
MU,54,2011
MU,54,2010
MU,55,2009
MU,19,2008
MU,14,2007
MU,69,2006
MU,64,2005
MU,43,2004
MU,48,2003
MU,47,2002
MU,46,2001
MU,79,2000
MU,60,1998
MU,22,1994
MUR,56,2026
MUR,58,2025
MUR,54,2024
MUR,58,2023
MUR,56,2022
MUR,57,2021
MUR,57,2020
MUR,55,2018
MUR,55,2017
MUR,57,2016
MUR,58,2015
MUR,59,2014
MUR,59,2013
MUR,59,2011
MUR,57,2010
MUR,58,2009
MUR,60,2008
MUR,60,2007
MUR,75,2005
MUR,72,2004
MUR,85,2003
MUR,81,2001
MUR,83,2000
MUR,83,1999
MUR,86,1997
MUR,87,1996
NAVI,57,2026
NAVI,57,2024
NAVI,55,2023
NAVI,56,2022
NAVI,57,2021
NAVI,58,2020
NAVI,56,2019
NAVI,57,2018
NAVI,55,2017
NAVI,56,2016
NAVI,58,2015
NBR,44,2026
NBR,44,2025
NBR,43,2024
NBR,40,2023
NBR,49,2022
NBR,55,2021
NBR,56,2020
NBR,59,2019
NBR,59,2017
NBR,60,2012
NBR,57,2010
NBR,59,2008
NBR,60,2007
NBR,75,2006
NBR,75,2004
NCLH,58,2025
NCLH,59,2024
NCLH,59,2023
NCLH,60,2022
NCLH,57,2021
NCLH,58,2020
NCLH,58,2019
NCLH,58,2018
NCLH,58,2017
NCLH,60,2016
NCLH,58,2015
NCLH,52,2014
NCLH,51,2013
NDAQ,43,2026
NDAQ,52,2025
NDAQ,52,2024
NDAQ,54,2023
NDAQ,54,2022
NDAQ,54,2021
NDAQ,56,2020
NDAQ,53,2019
NDAQ,59,2018
NDAQ,60,2017
NDAQ,57,2016
NDAQ,48,2015
NDAQ,55,2014
NDAQ,52,2013
NDAQ,55,2012
NDAQ,55,2011
NDAQ,49,2010
NDAQ,57,2009
NDAQ,56,2008
NDAQ,59,2007
NDAQ,74,2006
NDAQ,70,2005
NDAQ,75,2004
NDAQ,90,2003
NDSN,47,2025
NDSN,48,2024
NDSN,50,2023
NDSN,49,2022
NDSN,47,2021
NDSN,43,2019
NDSN,44,2018
NDSN,45,2017
NDSN,45,2015
NDSN,45,2014
NDSN,46,2013
NDSN,47,2012
NDSN,46,2011
NDSN,47,2010
NDSN,48,2009
NDSN,49,2008
NDSN,51,2007
NDSN,73,2007
NDSN,75,2006
NDSN,75,2005
NDSN,80,2004
NDSN,85,2003
NDSN,89,2002
NDSN,89,1995
NE,43,2026
NE,50,2025
NE,54,2024
NE,68,2023
NEE,44,2026
NEE,45,2025
NEE,47,2024
NEE,48,2023
NEE,49,2022
NEE,43,2021
NEE,45,2020
NEE,46,2019
NEE,47,2018
NEE,54,2017
NEE,50,2016
NEE,51,2015
NEE,55,2014
NEE,59,2013
NEE,59,2012
NEE,59,2011
NEE,57,2010
NEE,57,2009
NEE,59,2008
NEE,58,2007
NEE,56,2005
NEE,58,2004
NEE,85,2003
NEE,88,2002
NEE,62,2000
NEE,61,1999
NEE,58,1998
NEE,65,1997
NEE,72,1996
NEE,81,1994
NEM,50,2026
NEM,52,2025
NEM,60,2024
NEM,54,2023
NEM,49,2021
NEM,51,2020
NEM,52,2019
NEM,53,2018
NEM,52,2017
NEM,48,2016
NEM,51,2015
NEM,52,2014
NEM,53,2013
NEM,55,2012
NEM,55,2011
NEM,56,2010
NEM,52,2008
NEM,54,2007
NEM,74,2005
NFLX,23,2026
NFLX,27,2025
NFLX,26,2024
NFLX,26,2023
NFLX,27,2022
NFLX,28,2021
NFLX,29,2020
NFLX,27,2017
NFLX,28,2016
NFLX,29,2015
NFLX,32,2014
NFLX,32,2013
NFLX,41,2012
NFLX,49,2011
NFLX,53,2010
NFLX,56,2009
NFLX,59,2008
NFLX,59,2007
NFLX,75,2006
NFLX,74,2005
NFLX,58,2004
NFLX,90,2003
NI,42,2026
NI,43,2025
NI,52,2024
NI,53,2023
NI,54,2022
NI,48,2021
NI,59,2020
NI,51,2019
NI,51,2018
NI,49,2016
NI,49,2015
NI,49,2014
NI,50,2013
NI,55,2012
NI,59,2011
NI,57,2010
NI,58,2009
NI,65,2008
NI,60,2007
NI,69,2006
NI,72,2004
NI,53,2002
NKE,47,2025
NKE,55,2024
NKE,50,2023
NKE,51,2022
NKE,50,2021
NKE,54,2020
NKE,53,2019
NKE,54,2018
NKE,50,2017
NKE,51,2016
NKE,53,2015
NKE,55,2014
NKE,53,2013
NKE,54,2012
NKE,52,2011
NKE,50,2010
NKE,57,2009
NKE,58,2008
NKE,57,2007
NKE,58,2006
NKE,59,2005
NKE,60,2004
NKE,68,2003
NKE,75,2002
NKE,70,2001
NKE,87,1999
NKE,90,1997
NKE,91,1995
NKTR,73,2025
NKTR,65,2024
NKTR,59,2023
NKTR,59,2022
NKTR,57,2021
NKTR,59,2020
NKTR,60,2019
NKTR,60,2018
NKTR,60,2017
NKTR,60,2016
NKTR,58,2014
NKTR,60,2013
NKTR,60,2012
NKTR,60,2011
NKTR,62,2010
NKTR,65,2009
NKTR,60,2008
NKTR,60,2007
NKTR,91,2002
NKTR,88,1999
NKTR,90,1997
NOC,27,2026
NOC,30,2025
NOC,25,2024
NOC,26,2023
NOC,27,2022
NOC,28,2021
NOC,30,2020
NOC,31,2019
NOC,29,2018
NOC,30,2017
NOC,32,2016
NOC,33,2015
NOC,34,2014
NOC,35,2013
NOC,39,2012
NOC,40,2011
NOC,40,2010
NOC,41,2009
NOC,51,2008
NOC,52,2007
NOC,48,2006
NOC,62,2005
NOC,70,2004
NOC,81,2003
NOV,43,2026
NOV,45,2025
NOV,45,2024
NOV,45,2023
NOV,42,2022
NOV,43,2021
NOV,44,2020
NOV,45,2019
NOV,47,2018
NOV,48,2017
NOV,50,2016
NOV,48,2015
NOV,45,2014
NOV,53,2013
NOV,54,2012
NOV,54,2011
NOV,57,2010
NOV,61,2009
NOV,58,2007
NOV,75,2004
NOV,87,2002
NOV,60,2001
NOV,76,2000
NOV,89,1999
NOW,29,2026
NOW,30,2025
NOW,25,2024
NOW,30,2023
NOW,34,2022
NOW,43,2021
NOW,51,2020
NOW,58,2019
NOW,0,2018
NOW,59,2017
NOW,56,2016
NOW,58,2015
NOW,67,2013
NRG,55,2026
NRG,57,2025
NRG,59,2024
NRG,54,2023
NRG,55,2022
NRG,60,2021
NRG,58,2020
NRG,59,2019
NRG,60,2018
NRG,59,2017
NRG,60,2016
NRG,58,2015
NRG,58,2013
NRG,59,2012
NRG,53,2011
NRG,59,2008
NRG,59,2007
NRG,89,2005
NRG,88,2001
NSC,40,2026
NSC,41,2025
NSC,36,2024
NSC,34,2023
NSC,35,2022
NSC,35,2021
NSC,37,2020
NSC,39,2019
NSC,36,2018
NSC,37,2017
NSC,39,2016
NSC,42,2015
NSC,45,2014
NSC,46,2013
NSC,46,2012
NSC,48,2011
NSC,48,2010
NSC,49,2009
NSC,46,2008
NSC,53,2007
NSC,54,2006
NSC,61,2005
NSC,44,2004
NSC,53,2003
NSC,52,2002
NSC,87,1994
NTAP,45,2025
NTAP,45,2024
NTAP,47,2023
NTAP,47,2022
NTAP,52,2021
NTAP,52,2020
NTAP,53,2019
NTAP,53,2018
NTAP,53,2017
NTAP,54,2016
NTAP,49,2015
NTAP,53,2014
NTAP,52,2013
NTAP,53,2012
NTAP,55,2011
NTAP,49,2010
NTAP,53,2009
NTAP,60,2008
NTAP,60,2007
NTAP,73,2006
NTAP,69,2005
NTAP,60,2004
NTAP,61,2003
NTAP,90,2001
NTAP,73,1999
NTAP,89,1997
NTRS,55,2026
NTRS,55,2025
NTRS,58,2024
NTRS,59,2023
NTRS,59,2022
NTRS,54,2021
NTRS,56,2020
NTRS,57,2019
NTRS,58,2018
NTRS,58,2017
NTRS,60,2016
NTRS,57,2015
NTRS,57,2014
NTRS,57,2013
NTRS,55,2012
NTRS,56,2011
NTRS,57,2010
NTRS,58,2009
NTRS,59,2008
NTRS,59,2007
NTRS,72,2006
NTRS,73,2005
NTRS,72,2004
NTRS,69,2003
NTRS,71,2002
NTRS,75,2001
NTRS,74,2000
NTRS,75,1999
NTRS,73,1997
NTRS,74,1994
NUE,56,2026
NUE,58,2025
NUE,58,2024
NUE,60,2023
NUE,59,2022
NUE,57,2021
NUE,59,2020
NUE,59,2019
NUE,59,2018
NUE,59,2017
NUE,57,2016
NUE,58,2015
NUE,59,2014
NUE,59,2013
NUE,59,2012
NUE,59,2011
NUE,56,2010
NUE,57,2009
NUE,58,2008
NUE,59,2007
NUE,67,2005
NUE,72,2004
NUE,84,2003
NUE,81,2002
NUE,87,2001
NUE,83,2000
NUE,89,1996
NUE,82,1995
NUE,83,1994
NVDA,31,2026
NVDA,31,2025
NVDA,24,2024
NVDA,26,2023
NVDA,47,2022
NVDA,26,2021
NVDA,25,2020
NVDA,25,2019
NVDA,31,2018
NVDA,31,2017
NVDA,45,2016
NVDA,45,2015
NVDA,45,2014
NVDA,44,2013
NVDA,44,2012
NVDA,45,2011
NVDA,45,2010
NVDA,47,2009
NVDA,0,2008
NVDA,47,2007
NVDA,51,2005
NVDA,89,2003
NVDA,107,2002
NVR,42,2026
NVR,43,2025
NVR,45,2024
NVR,46,2023
NVR,47,2022
NVR,43,2021
NVR,50,2020
NVR,44,2019
NVR,45,2018
NVR,46,2017
NVR,48,2016
NVR,50,2015
NVR,51,2014
NVR,50,2013
NVR,53,2012
NVR,56,2011
NVR,57,2010
NVR,56,2009
NVR,53,2008
NVR,52,2007
NVR,59,2005
NVR,48,2004
NVR,38,2003
NVR,39,2002
NVR,66,2001
NVR,74,1999
NVR,71,1997
NWL,44,2026
NWL,45,2025
NWL,51,2024
NWL,46,2023
NWL,45,2022
NWL,50,2021
NWL,62,2020
NWL,63,2019
NWL,60,2018
NWL,60,2017
NWL,61,2015
NWL,62,2014
NWL,60,2013
NWL,60,2012
NWL,60,2011
NWL,60,2010
NWL,61,2009
NWL,60,2008
NWL,60,2007
NWL,47,2006
NWL,62,2005
NWL,75,2004
NWL,87,2003
NWL,86,2001
NWL,90,2000
NWL,78,1999
NWL,85,1997
NWL,88,1995
NWS,37,2025
NWS,44,2024
NWS,46,2023
NWS,43,2022
NWS,41,2021
NWS,42,2020
NWS,44,2019
NWS,46,2018
NWS,45,2017
NWS,43,2016
NWS,44,2015
NWS,45,2014
NWS,82,2013
NWSA,37,2025
NWSA,44,2024
NWSA,46,2023
NWSA,43,2022
NWSA,41,2021
NWSA,42,2020
NWSA,44,2019
NWSA,46,2018
NWSA,45,2017
NWSA,43,2016
NWSA,44,2015
NWSA,45,2014
NWSA,82,2013
NXPI,50,2026
NXPI,51,2025
NXPI,53,2024
NXPI,60,2023
NXPI,55,2022
NXPI,56,2021
NXPI,58,2020
NYT,58,2026
NYT,58,2025
NYT,51,2024
NYT,59,2023
NYT,59,2022
NYT,60,2021
NYT,60,2020
NYT,58,2019
NYT,58,2018
NYT,59,2017
NYT,59,2016
NYT,58,2015
NYT,59,2014
NYT,60,2013
NYT,60,2012
NYT,58,2011
NYT,57,2010
NYT,60,2009
NYT,58,2008
NYT,60,2007
NYT,60,2005
NYT,54,2004
NYT,57,2003
NYT,79,2000
NYT,61,1999
NYT,89,1997
NYT,71,1996
NYT,68,1995
NYT,80,1994
O,55,2026
O,56,2025
O,52,2024
O,53,2023
O,54,2022
O,54,2021
O,55,2020
O,53,2018
O,54,2017
O,42,2016
O,49,2015
O,45,2014
O,45,2013
O,44,2012
O,41,2011
O,42,2010
O,43,2009
O,45,2008
O,52,2007
O,54,2006
O,63,2005
O,50,2004
O,63,2003
O,83,1999
O,79,1998
O,85,1997
O,81,1996
ODFL,55,2026
ODFL,56,2025
ODFL,57,2024
ODFL,53,2023
ODFL,54,2022
ODFL,55,2021
ODFL,57,2020
ODFL,58,2019
ODFL,58,2018
ODFL,58,2017
ODFL,60,2016
ODFL,57,2015
ODFL,59,2014
ODFL,59,2013
ODFL,60,2012
ODFL,59,2011
ODFL,60,2010
ODFL,61,2009
ODFL,60,2008
ODFL,60,2007
ODFL,75,2006
ODFL,70,2004
ODFL,85,2003
ODFL,75,2001
ODFL,80,2000
ODFL,85,1999
ODFL,70,1998
ODFL,86,1997
OGN,55,2026
OGN,57,2024
OGN,58,2023
OGN,80,2022
OI,43,2026
OI,43,2025
OI,45,2024
OI,39,2023
OI,40,2022
OI,47,2021
OI,52,2020
OI,45,2019
OI,45,2018
OI,41,2017
OI,41,2015
OI,44,2014
OI,44,2013
OI,40,2012
OI,41,2011
OI,41,2010
OI,48,2009
OI,60,2008
OI,60,2007
OI,75,2006
OI,75,2005
OI,75,2004
OI,86,2003
OI,92,2001
OI,90,2000
OI,89,1998
OI,90,1997
OI,89,1995
OI,89,1994
OKE,55,2026
OKE,56,2025
OKE,58,2024
OKE,59,2023
OKE,60,2022
OKE,54,2021
OKE,56,2020
OKE,57,2019
OKE,58,2018
OKE,59,2017
OKE,54,2016
OKE,56,2015
OKE,56,2014
OKE,57,2013
OKE,52,2012
OKE,0,2011
OKE,55,2009
OKE,58,2008
OKE,69,2006
OKE,67,2005
OKE,63,2004
OKE,66,2003
OKE,85,2001
OMC,51,2026
OMC,35,2025
OMC,38,2024
OMC,39,2023
OMC,40,2022
OMC,49,2021
OMC,42,2020
OMC,43,2019
OMC,46,2018
OMC,40,2017
OMC,40,2016
OMC,41,2015
OMC,43,2014
OMC,50,2013
OMC,48,2012
OMC,50,2010
OMC,58,2009
OMC,53,2008
OMC,58,2007
OMC,55,2006
OMC,74,2005
OMC,75,2004
OMC,86,2003
OMC,87,2002
OMC,86,2001
OMC,87,1996
OMC,88,1995
ON,40,2026
ON,41,2025
ON,36,2024
ON,37,2023
ON,45,2022
ON,47,2021
ON,50,2020
ON,51,2019
ON,52,2018
ON,59,2017
ON,55,2016
ON,58,2015
ON,52,2014
ON,57,2013
ON,53,2012
ON,55,2011
ON,56,2010
ON,58,2009
ON,43,2008
ON,54,2007
ON,53,2006
ON,90,2005
ON,84,2003
ORCL,18,2025
ORCL,20,2024
ORCL,20,2023
ORCL,21,2022
ORCL,21,2021
ORCL,22,2020
ORCL,21,2019
ORCL,22,2018
ORCL,27,2017
ORCL,22,2016
ORCL,25,2015
ORCL,26,2014
ORCL,26,2013
ORCL,26,2012
ORCL,28,2011
ORCL,31,2010
ORCL,29,2009
ORCL,32,2008
ORCL,29,2007
ORCL,51,2006
ORLY,58,2026
ORLY,59,2025
ORLY,59,2024
ORLY,59,2023
ORLY,59,2022
ORLY,57,2021
ORLY,59,2020
ORLY,58,2019
ORLY,59,2018
ORLY,59,2017
ORLY,57,2016
ORLY,58,2015
ORLY,59,2014
ORLY,59,2013
ORLY,59,2012
ORLY,59,2011
ORLY,57,2010
ORLY,59,2009
ORLY,60,2007
ORLY,74,2006
ORLY,74,2005
ORLY,72,2004
ORLY,86,2003
ORLY,88,2002
ORLY,89,2001
ORLY,90,2000
ORLY,84,1999
ORLY,90,1997
OTIS,36,2026
OTIS,35,2025
OTIS,33,2024
OTIS,34,2023
OTIS,35,2022
OTIS,36,2021
OXY,49,2026
OXY,49,2025
OXY,45,2024
OXY,55,2022
OXY,57,2021
OXY,59,2020
OXY,52,2019
OXY,54,2018
OXY,54,2017
OXY,57,2016
OXY,54,2015
OXY,62,2014
OXY,57,2013
OXY,54,2012
OXY,55,2011
OXY,56,2010
OXY,55,2009
OXY,53,2008
OXY,58,2007
OXY,60,2006
OXY,60,2005
OXY,61,2004
OXY,63,2003
OXY,68,2001
PANW,29,2025
PANW,37,2024
PANW,32,2023
PANW,37,2022
PANW,34,2021
PANW,35,2020
PANW,40,2019
PANW,44,2018
PANW,38,2017
PANW,39,2016
PANW,48,2015
PANW,49,2014
PANW,56,2013
PANW,65,2012
PAYC,50,2026
PAYC,51,2025
PAYC,46,2024
PAYC,47,2023
PAYC,48,2022
PAYC,49,2021
PAYC,44,2020
PAYC,45,2019
PAYC,45,2018
PAYC,52,2017
PAYC,53,2016
PAYC,57,2015
PAYX,41,2025
PAYX,41,2024
PAYX,44,2023
PAYX,45,2022
PAYX,46,2021
PAYX,47,2020
PAYX,54,2019
PAYX,50,2018
PAYX,51,2017
PAYX,52,2016
PAYX,51,2015
PAYX,52,2014
PAYX,52,2013
PAYX,50,2012
PAYX,45,2011
PAYX,46,2010
PAYX,50,2009
PAYX,48,2008
PAYX,50,2007
PAYX,52,2005
PAYX,50,2004
PAYX,62,2003
PAYX,52,2002
PAYX,85,2001
PAYX,89,2000
PAYX,88,1999
PAYX,88,1998
PAYX,76,1997
PAYX,75,1996
PAYX,79,1995
PBI,52,2025
PBI,51,2024
PBI,48,2023
PBI,53,2022
PBI,50,2021
PBI,51,2020
PBI,51,2019
PBI,53,2018
PBI,53,2017
PBI,53,2016
PBI,51,2015
PBI,52,2014
PBI,53,2013
PBI,54,2012
PBI,56,2011
PBI,57,2010
PBI,57,2009
PBI,60,2008
PBI,60,2007
PBI,67,2005
PBI,69,2004
PBI,77,2003
PBI,85,2001
PBI,89,1999
PBI,86,1998
PBI,90,1997
PBI,92,1996
PBI,90,1995
PBI,89,1994
PCAR,49,2026
PCAR,50,2025
PCAR,52,2024
PCAR,53,2023
PCAR,54,2022
PCAR,48,2021
PCAR,50,2020
PCAR,52,2019
PCAR,52,2018
PCAR,52,2017
PCAR,47,2016
PCAR,57,2015
PCAR,58,2014
PCAR,58,2013
PCAR,60,2012
PCAR,60,2011
PCAR,57,2010
PCAR,58,2009
PCAR,58,2008
PCAR,57,2007
PCAR,58,2006
PCAR,63,2005
PCAR,72,2004
PCAR,69,2003
PCAR,77,2000
PCAR,84,1998
PCAR,83,1994
PCG,43,2026
PCG,44,2025
PCG,53,2024
PCG,54,2023
PCG,41,2022
PCG,56,2021
PCG,40,2018
PCG,47,2017
PCG,49,2016
PCG,42,2014
PCG,52,2013
PCG,47,2012
PCG,48,2011
PCG,50,2010
PCG,55,2009
PCG,53,2008
PCG,53,2007
PCG,48,2006
PCG,49,2005
PCG,50,2004
PCG,64,2002
PCG,68,2000
PEG,57,2026
PEG,56,2025
PEG,57,2024
PEG,52,2023
PEG,55,2022
PEG,57,2021
PEG,57,2020
PEG,58,2019
PEG,57,2018
PEG,58,2017
PEG,56,2016
PEG,56,2015
PEG,57,2014
PEG,56,2013
PEG,58,2012
PEG,56,2011
PEG,56,2010
PEG,57,2009
PEG,58,2008
PEG,58,2007
PEG,58,2006
PEG,59,2005
PEG,56,2004
PEG,57,2003
PEG,63,2002
PEG,58,1997
PEG,54,1996
PEG,54,1995
PEG,56,1994
PENN,57,2026
PENN,58,2025
PENN,53,2024
PENN,54,2023
PENN,59,2022
PENN,57,2021
PENN,58,2020
PENN,59,2019
PENN,60,2018
PENN,55,2017
PENN,75,2016
PENN,58,2014
PENN,55,2012
PENN,56,2011
PENN,57,2010
PENN,61,2009
PENN,60,2008
PENN,60,2007
PENN,74,2006
PENN,89,2005
PENN,86,2003
PENN,88,2002
PENN,80,2000
PENN,90,1999
PENN,86,1998
PENN,87,1997
PEP,37,2026
PEP,37,2025
PEP,40,2024
PEP,39,2023
PEP,46,2022
PEP,46,2021
PEP,47,2020
PEP,48,2019
PEP,45,2018
PEP,46,2017
PEP,47,2016
PEP,47,2015
PEP,48,2014
PEP,54,2013
PEP,58,2012
PEP,55,2011
PEP,58,2010
PEP,54,2009
PEP,48,2008
PEP,52,2007
PEP,58,2006
PEP,65,2005
PEP,68,2004
PEP,81,2002
PEP,75,2001
PEP,88,1999
PEP,87,1998
PEP,87,1997
PEP,87,1996
PEP,87,1995
PFE,57,2026
PFE,58,2025
PFE,53,2024
PFE,54,2023
PFE,55,2022
PFE,56,2021
PFE,58,2020
PFE,59,2019
PFE,53,2018
PFE,54,2017
PFE,60,2016
PFE,58,2015
PFE,59,2014
PFE,59,2012
PFE,59,2011
PFE,57,2010
PFE,58,2009
PFE,60,2008
PFE,59,2007
PFE,59,2006
PFE,59,2005
PFE,70,2004
PFE,86,2003
PFE,87,2002
PFE,87,2000
PFE,85,1999
PFE,87,1997
PFE,89,1996
PFE,83,1995
PFE,84,1994
PFG,49,2026
PFG,50,2025
PFG,51,2024
PFG,47,2023
PFG,42,2022
PFG,43,2021
PFG,45,2020
PFG,44,2019
PFG,40,2018
PFG,39,2017
PFG,41,2016
PFG,42,2015
PFG,43,2014
PFG,44,2013
PFG,46,2012
PFG,47,2011
PFG,48,2010
PFG,49,2009
PFG,58,2008
PFG,58,2007
PFG,61,2006
PFG,63,2005
PFG,63,2004
PFG,64,2003
PFG,71,2002
PG,35,2025
PG,36,2024
PG,35,2023
PG,36,2022
PG,37,2021
PG,37,2019
PG,38,2018
PG,38,2017
PG,40,2016
PG,38,2015
PG,39,2014
PG,39,2013
PG,39,2012
PG,41,2011
PG,44,2010
PG,45,2009
PG,59,2007
PG,60,2006
PG,60,2005
PG,71,2004
PG,73,2003
PG,74,2002
PG,74,2001
PG,75,2000
PG,77,1999
PG,71,1998
PG,72,1997
PG,73,1996
PG,75,1995
PG,76,1994
PGR,62,2025
PGR,57,2024
PGR,58,2023
PGR,59,2022
PGR,60,2021
PGR,62,2020
PGR,58,2019
PGR,58,2018
PGR,60,2017
PGR,60,2016
PGR,61,2015
PGR,57,2014
PGR,57,2013
PGR,59,2012
PGR,60,2011
PGR,60,2010
PGR,56,2009
PGR,58,2008
PGR,59,2007
PGR,59,2006
PGR,64,2004
PGR,73,2003
PGR,88,2001
PGR,90,2000
PGR,85,1999
PGR,90,1997
PGR,87,1995
PGR,88,1994
PH,53,2025
PH,53,2024
PH,55,2023
PH,55,2022
PH,56,2021
PH,57,2020
PH,54,2019
PH,55,2018
PH,56,2017
PH,57,2016
PH,57,2015
PH,53,2014
PH,60,2013
PH,55,2012
PH,57,2011
PH,57,2010
PH,58,2009
PH,59,2008
PH,68,2006
PH,64,2005
PH,65,2004
PH,60,2003
PH,45,2002
PH,89,2001
PH,92,1996
PH,90,1995
PHM,35,2026
PHM,37,2025
PHM,36,2024
PHM,37,2023
PHM,38,2022
PHM,33,2021
PHM,30,2020
PHM,31,2019
PHM,38,2018
PHM,32,2017
PHM,39,2016
PHM,35,2015
PHM,36,2014
PHM,37,2013
PHM,40,2012
PHM,41,2011
PHM,50,2010
PHM,57,2009
PHM,56,2008
PHM,54,2007
PHM,69,2005
PHM,58,2004
PHM,70,2003
PHM,67,2002
PHM,62,2000
PHM,71,1999
PHM,72,1998
PHM,65,1997
PKG,57,2026
PKG,58,2025
PKG,60,2024
PKG,54,2023
PKG,55,2022
PKG,55,2021
PKG,57,2020
PKG,59,2019
PKG,59,2018
PKG,0,2017
PKG,57,2016
PKG,58,2015
PKG,59,2014
PKG,59,2013
PKG,52,2012
PKG,53,2011
PKG,48,2010
PKG,58,2009
PKG,51,2008
PKG,60,2007
PKG,52,2006
PKG,72,2004
PKG,78,2003
PKG,79,2002
PKG,86,2001
PKG,70,2000
PLD,44,2026
PLD,45,2025
PLD,44,2024
PLD,45,2023
PLD,40,2022
PLD,41,2021
PLD,42,2020
PLD,44,2019
PLD,46,2018
PLD,45,2017
PLD,50,2016
PLD,56,2015
PLD,57,2014
PLD,59,2013
PLD,60,2012
PLD,51,2010
PLD,59,2009
PLD,60,2008
PLD,70,2005
PLD,76,2003
PLD,91,2002
PLD,82,2000
PLD,83,1999
PLD,90,1998
PLTR,48,2026
PLTR,49,2025
PLTR,51,2024
PLTR,52,2023
PLTR,55,2022
PLTR,57,2021
PM,37,2026
PM,37,2025
PM,39,2024
PM,41,2023
PM,42,2022
PM,40,2021
PM,38,2020
PM,38,2019
PM,44,2018
PM,45,2017
PM,48,2016
PM,51,2015
PM,52,2014
PM,53,2013
PM,55,2012
PM,56,2011
PM,57,2010
PM,57,2009
PNC,51,2026
PNC,52,2025
PNC,52,2024
PNC,53,2023
PNC,56,2022
PNC,57,2021
PNC,60,2020
PNC,60,2019
PNC,59,2018
PNC,59,2017
PNC,57,2016
PNC,58,2015
PNC,59,2014
PNC,59,2013
PNC,60,2011
PNC,69,2010
PNC,61,2009
PNC,60,2008
PNC,74,2006
PNC,75,2005
PNC,72,2004
PNC,90,1995
PNC,1,1994
PNR,55,2026
PNR,56,2025
PNR,51,2024
PNR,52,2023
PNR,53,2022
PNR,47,2021
PNR,56,2020
PNR,50,2019
PNR,58,2018
PNR,52,2017
PNR,57,2016
PNR,55,2015
PNR,56,2014
PNR,54,2011
PNR,54,2010
PNR,55,2009
PNR,57,2008
PNR,57,2007
PNR,59,2006
PNR,70,2005
PNR,65,2004
PNR,76,2003
PNR,78,2001
PNR,70,2000
PNR,71,1999
PNR,86,1998
PNR,90,1995
PNR,89,1994
PNW,56,2026
PNW,56,2025
PNW,58,2024
PNW,58,2023
PNW,56,2022
PNW,55,2021
PNW,52,2020
PNW,53,2019
PNW,54,2018
PNW,55,2017
PNW,50,2016
PNW,51,2015
PNW,52,2014
PNW,53,2013
PNW,55,2012
PNW,49,2011
PNW,50,2010
PNW,51,2009
PNW,58,2008
PNW,59,2007
PNW,70,2006
PNW,75,2005
PNW,75,2004
PNW,90,2003
PNW,73,2001
PNW,90,2000
PNW,90,1997
PNW,92,1996
PNW,90,1995
PNW,90,1994
PODD,49,2026
PODD,51,2025
PODD,53,2024
PODD,54,2023
PODD,54,2022
PODD,54,2021
PODD,56,2020
PODD,52,2018
PODD,58,2017
PODD,60,2016
PODD,57,2015
PODD,58,2014
PODD,59,2013
PODD,69,2011
PODD,75,2009
PODD,80,2008
POOL,57,2026
POOL,58,2025
POOL,58,2024
POOL,55,2023
POOL,56,2022
POOL,56,2021
POOL,58,2020
POOL,58,2019
POOL,59,2018
POOL,55,2017
POOL,57,2016
POOL,57,2015
POOL,58,2014
POOL,60,2013
POOL,60,2012
POOL,60,2011
POOL,61,2009
POOL,60,2008
POOL,60,2007
POOL,66,2006
POOL,60,2005
POOL,61,2004
POOL,77,2003
POOL,80,2002
POOL,86,2001
POOL,82,2000
POOL,90,1999
POOL,84,1998
POOL,86,1997
PPG,50,2026
PPG,51,2025
PPG,46,2024
PPG,47,2023
PPG,48,2022
PPG,49,2021
PPG,51,2020
PPG,52,2019
PPG,47,2017
PPG,49,2016
PPG,50,2015
PPG,51,2014
PPG,52,2013
PPG,47,2012
PPG,48,2011
PPG,49,2010
PPG,50,2009
PPG,52,2008
PPG,52,2007
PPG,47,2006
PPG,48,2005
PPG,51,2004
PPG,52,2003
PPG,53,2002
PPG,50,1999
PPG,55,1998
PPG,47,1996
PPG,52,1995
PPG,48,1994
PPL,51,2026
PPL,44,2025
PPL,47,2024
PPL,48,2023
PPL,49,2022
PPL,49,2021
PPL,45,2020
PPL,45,2019
PPL,53,2018
PPL,48,2017
PPL,50,2016
PPL,54,2015
PPL,55,2014
PPL,59,2013
PPL,59,2012
PPL,56,2011
PPL,56,2010
PPL,58,2009
PPL,60,2008
PPL,59,2007
PPL,62,2006
PPL,60,2005
PPL,61,2004
PPL,62,2003
PPL,59,1997
PRGO,57,2026
PRGO,59,2025
PRGO,58,2024
PRGO,59,2023
PRGO,60,2022
PRGO,60,2021
PRGO,58,2020
PRGO,58,2019
PRGO,60,2018
PRGO,142,2017
PRGO,47,2015
PRGO,47,2014
PRU,43,2026
PRU,44,2025
PRU,52,2024
PRU,47,2023
PRU,48,2022
PRU,50,2021
PRU,45,2020
PRU,46,2019
PRU,47,2018
PRU,48,2017
PRU,50,2016
PRU,51,2015
PRU,53,2013
PRU,55,2012
PRU,56,2011
PRU,57,2010
PRU,57,2009
PRU,58,2008
PRU,59,2007
PRU,70,2004
PRU,73,2003
PSA,43,2026
PSA,55,2025
PSA,51,2024
PSA,52,2023
PSA,53,2022
PSA,55,2021
PSA,56,2020
PSA,58,2019
PSA,60,2018
PSA,60,2017
PSA,58,2016
PSA,56,2015
PSA,57,2014
PSA,57,2013
PSA,56,2012
PSA,60,2011
PSA,58,2010
PSA,61,2009
PSA,60,2008
PSKY,56,2026
PSX,51,2026
PSX,52,2025
PSX,52,2024
PSX,53,2023
PSX,49,2022
PSX,55,2021
PSX,52,2020
PSX,53,2019
PSX,54,2018
PSX,48,2017
PSX,50,2016
PSX,51,2015
PSX,52,2014
PSX,53,2013
PTC,52,2025
PTC,45,2024
PTC,48,2023
PTC,46,2022
PTC,51,2021
PTC,51,2020
PTC,47,2019
PTC,46,2018
PTC,60,2017
PTC,49,2016
PTC,54,2015
PTC,57,2014
PTC,53,2013
PTC,47,2012
PTC,53,2011
PTC,54,2010
PTC,55,2009
PTC,57,2008
PTC,60,2007
PTC,75,2006
PTC,75,2005
PTC,75,2004
PTC,85,2003
PTC,120,2003
PTC,85,1996
PTC,89,1995
PVH,58,2025
PVH,58,2024
PVH,58,2023
PVH,59,2022
PVH,59,2021
PVH,59,2020
PVH,54,2019
PVH,54,2018
PVH,54,2017
PVH,54,2016
PVH,59,2015
PVH,60,2014
PVH,59,2013
PVH,59,2012
PVH,59,2011
PVH,59,2010
PVH,59,2009
PVH,60,2008
PVH,60,2007
PVH,74,2005
PVH,74,2004
PVH,78,2003
PVH,82,2002
PVH,81,2001
PVH,80,2000
PVH,87,1999
PVH,87,1997
PVH,89,1996
PVH,92,1995
PVH,89,1994
PWR,50,2026
PWR,51,2025
PWR,53,2024
PWR,54,2023
PWR,56,2022
PWR,57,2021
PWR,59,2020
PWR,59,2019
PWR,59,2018
PWR,60,2017
PWR,60,2016
PWR,61,2015
PWR,62,2014
PWR,60,2012
PWR,60,2011
PWR,60,2010
PWR,61,2009
PWR,60,2008
PWR,59,2007
PWR,61,2006
PWR,75,2005
PWR,75,2004
PWR,91,2002
PWR,92,2001
PWR,90,2000
PWR,90,1999
PYPL,34,2026
PYPL,35,2025
PYPL,39,2024
PYPL,41,2023
PYPL,34,2022
PYPL,36,2021
PYPL,37,2020
PYPL,38,2019
PYPL,38,2018
PYPL,39,2017
PYPL,42,2016
Q,57,2026
QCOM,38,2025
QCOM,38,2024
QCOM,38,2023
QCOM,38,2022
QCOM,38,2021
QCOM,38,2020
QCOM,38,2019
QCOM,38,2018
QCOM,38,2017
QCOM,38,2016
QCOM,38,2015
QCOM,38,2014
QCOM,38,2013
QCOM,38,2012
QCOM,38,2011
QCOM,38,2010
QCOM,39,2008
QCOM,39,2007
QCOM,39,2006
QCOM,38,2005
QCOM,38,2004
QCOM,38,2003
QCOM,58,2002
QCOM,40,2001
QCOM,40,2000
QCOM,57,1998
QCOM,65,1996
QRVO,51,2025
QRVO,51,2024
QRVO,48,2023
QRVO,48,2022
QRVO,51,2021
QRVO,53,2020
QRVO,48,2019
QRVO,51,2018
QRVO,52,2017
QRVO,59,2016
QRVO,60,2015
R,42,2026
R,43,2025
R,51,2024
R,46,2023
R,48,2022
R,50,2021
R,58,2020
R,51,2019
R,47,2018
R,45,2017
R,43,2016
R,44,2015
R,44,2014
R,45,2013
R,45,2011
R,43,2010
R,42,2009
R,43,2008
R,45,2007
R,48,2006
R,55,2005
R,57,2004
R,62,2003
R,84,2002
R,85,2001
R,73,2000
R,85,1999
R,85,1997
R,89,1994
RCL,42,2026
RCL,45,2025
RCL,52,2024
RCL,54,2023
RCL,60,2022
RCL,57,2021
RCL,56,2020
RCL,53,2019
RCL,52,2018
RCL,54,2017
RCL,53,2016
RCL,54,2015
RCL,51,2014
RCL,56,2013
RCL,60,2012
RCL,55,2011
RCL,54,2010
RCL,55,2009
RCL,50,2008
RCL,59,2007
RCL,55,2006
RCL,73,2005
REG,44,2026
REG,45,2025
REG,47,2024
REG,48,2023
REG,48,2022
REG,48,2021
REG,46,2020
REG,52,2019
REG,58,2018
REG,58,2017
REG,49,2016
REG,51,2015
REG,50,2014
REG,60,2013
REG,60,2012
REG,60,2011
REG,58,2007
REG,68,2006
REG,75,2005
REG,72,2004
REG,77,2003
REG,78,2001
REG,77,2000
REG,74,1999
REG,83,1998
REGN,35,2026
REGN,36,2025
REGN,36,2024
REGN,37,2023
REGN,38,2022
REGN,39,2021
REGN,38,2020
REGN,38,2019
REGN,39,2018
REGN,40,2017
REGN,42,2016
REGN,43,2015
REGN,44,2014
REGN,46,2013
REGN,52,2012
REGN,48,2011
REGN,57,2009
REGN,58,2008
REGN,71,2007
REGN,59,2006
REGN,70,2005
REGN,90,2003
REGN,81,2002
REGN,61,2001
REGN,66,2000
REGN,88,1999
REGN,85,1998
RF,55,2026
RF,52,2025
RF,54,2024
RF,55,2023
RF,55,2022
RF,55,2021
RF,52,2020
RF,53,2019
RF,57,2018
RF,47,2016
RF,52,2014
RF,52,2013
RF,55,2012
RF,53,2010
RF,56,2009
RF,57,2008
RF,60,2007
RF,68,2006
RF,73,2005
RHI,44,2026
RHI,44,2025
RHI,51,2024
RHI,41,2023
RHI,45,2022
RHI,43,2021
RHI,45,2020
RHI,46,2019
RHI,51,2018
RHI,44,2017
RHI,48,2016
RHI,44,2015
RHI,45,2014
RHI,64,2013
RHI,48,2012
RHI,48,2011
RHI,50,2010
RHI,51,2008
RHI,54,2007
RHI,65,2006
RHI,54,2005
RHI,68,2004
RHI,85,2003
RIG,54,2026
RIG,49,2025
RIG,51,2024
RIG,53,2023
RIG,54,2022
RIG,57,2021
RIG,49,2020
RIG,50,2019
RIG,52,2018
RIG,65,2017
RIG,56,2016
RIG,57,2014
RIG,60,2013
RIG,55,2010
RIG,57,2009
RJF,56,2025
RJF,57,2024
RJF,52,2023
RJF,53,2022
RJF,54,2021
RJF,55,2020
RJF,57,2019
RJF,52,2018
RJF,52,2017
RJF,53,2016
RJF,56,2015
RJF,56,2014
RJF,57,2013
RJF,52,2012
RJF,54,2011
RJF,55,2010
RJF,59,2008
RJF,60,2007
RJF,75,2006
RJF,75,2005
RJF,75,2004
RJF,88,2003
RJF,87,2002
RJF,84,2000
RJF,89,1999
RJF,90,1998
RJF,89,1997
RJF,87,1996
RJF,91,1995
RL,54,2025
RL,54,2024
RL,54,2023
RL,52,2022
RL,54,2021
RL,60,2020
RL,47,2019
RL,53,2018
RL,47,2017
RL,47,2016
RL,48,2015
RL,47,2014
RL,54,2013
RL,54,2012
RL,54,2011
RL,60,2010
RL,60,2009
RL,60,2008
RL,60,2007
RL,75,2006
RL,90,2005
RL,65,2004
RL,82,2003
RL,87,2002
RL,83,1999
RL,90,1998
RMD,39,2025
RMD,40,2024
RMD,42,2023
RMD,43,2022
RMD,38,2019
RMD,48,2018
RMD,35,2017
RMD,38,2015
RMD,39,2014
RMD,44,2013
RMD,45,2012
RMD,48,2011
RMD,48,2010
RMD,52,2009
RMD,58,2008
RMD,59,2007
RMD,74,2006
RMD,75,2005
RMD,62,2004
RMD,73,2003
RMD,73,2002
RMD,82,2001
RMD,87,2000
RMD,77,1999
RMD,77,1998
RMD,88,1997
ROK,43,2025
ROK,43,2024
ROK,39,2023
ROK,39,2022
ROK,40,2021
ROK,41,2020
ROK,43,2019
ROK,40,2018
ROK,46,2017
ROK,46,2016
ROK,48,2015
ROK,49,2014
ROK,49,2013
ROK,50,2012
ROK,45,2011
ROK,49,2010
ROK,49,2009
ROK,52,2008
ROK,50,2007
ROK,40,2006
ROK,41,2005
ROK,50,2004
ROK,64,2003
ROK,56,2002
ROK,80,1996
ROL,43,2026
ROL,44,2025
ROL,46,2024
ROL,47,2023
ROL,56,2022
ROL,57,2021
ROL,59,2020
ROL,60,2019
ROL,57,2018
ROL,55,2017
ROL,55,2016
ROL,56,2015
ROL,57,2014
ROL,58,2013
ROL,59,2012
ROL,56,2010
ROL,61,2009
ROL,60,2008
ROL,59,2007
ROL,70,2005
ROL,84,1998
ROL,87,1995
ROL,87,1994
ROP,55,2026
ROP,55,2025
ROP,53,2024
ROP,58,2023
ROP,53,2022
ROP,53,2021
ROP,59,2020
ROP,56,2019
ROP,54,2018
ROP,58,2017
ROP,57,2016
ROP,51,2015
ROP,56,2013
ROP,55,2012
ROP,56,2011
ROP,57,2010
ROP,61,2009
ROP,60,2008
ROP,60,2007
ROP,75,2006
ROP,74,2005
ROP,75,2004
ROP,83,2002
ROP,87,2001
ROP,88,2000
ROP,81,1999
ROP,82,1998
ROP,70,1997
ROST,58,2025
ROST,58,2024
ROST,58,2023
ROST,58,2022
ROST,58,2021
ROST,58,2020
ROST,58,2019
ROST,59,2018
ROST,58,2017
ROST,58,2016
ROST,58,2015
ROST,58,2014
ROST,59,2013
ROST,59,2012
ROST,59,2011
ROST,59,2010
ROST,59,2009
ROST,59,2008
ROST,59,2007
ROST,74,2006
ROST,75,2005
ROST,75,2004
ROST,81,2003
ROST,82,2002
ROST,83,2001
ROST,90,2000
ROST,86,1996
ROST,89,1994
RRC,55,2026
RRC,56,2025
RRC,52,2024
RRC,58,2023
RRC,53,2022
RRC,54,2021
RRC,58,2020
RRC,56,2019
RRC,58,2018
RRC,53,2017
RRC,56,2016
RRC,55,2015
RRC,57,2013
RRC,56,2009
RRC,58,2008
RRC,58,2007
RRC,54,2006
RRC,61,2005
RRC,64,2003
RRC,65,2001
RSG,49,2026
RSG,45,2025
RSG,60,2024
RSG,54,2023
RSG,42,2022
RSG,54,2021
RSG,45,2020
RSG,39,2019
RSG,40,2018
RSG,48,2017
RSG,43,2016
RSG,54,2015
RSG,43,2014
RSG,46,2013
RSG,48,2012
RSG,49,2011
RSG,55,2010
RSG,61,2009
RSG,54,2007
RSG,55,2006
RSG,56,2005
RSG,71,2004
RSG,86,2003
RSG,87,2002
RSG,29,1999
RTX,37,2026
RTX,34,2025
RTX,36,2024
RTX,37,2023
RTX,42,2022
RTX,39,2021
RTX,37,2020
RTX,40,2018
RTX,40,2017
RTX,42,2016
RTX,36,2015
RTX,37,2014
RTX,38,2013
RTX,40,2012
RTX,41,2011
RTX,42,2010
RTX,42,2009
RTX,38,2008
RTX,39,2007
RTX,40,2006
RTX,41,2005
RTX,36,2004
RTX,42,2002
RTX,43,2001
RTX,45,2000
RTX,47,1999
RTX,48,1998
RTX,38,1997
RTX,88,1995
RTX,90,1994
RVTY,58,2026
RVTY,58,2025
RVTY,58,2024
RVTY,59,2023
RVTY,60,2022
RVTY,58,2021
RVTY,58,2020
RVTY,58,2019
RVTY,58,2018
RVTY,58,2017
RVTY,58,2016
RVTY,58,2015
RVTY,58,2014
RVTY,58,2013
RVTY,58,2012
RVTY,58,2011
RVTY,57,2010
RVTY,60,2009
RVTY,60,2008
RVTY,60,2007
RVTY,75,2006
RVTY,68,2005
RVTY,75,2004
RVTY,79,2003
RVTY,87,2002
RVTY,86,2000
RVTY,86,1998
RVTY,82,1996
RVTY,92,1995
RVTY,89,1994
S,54,2025
S,56,2024
S,57,2023
S,66,2022
SBAC,58,2026
SBAC,57,2025
SBAC,59,2024
SBAC,59,2023
SBAC,60,2022
SBAC,56,2021
SBAC,55,2020
SBAC,59,2019
SBAC,60,2018
SBAC,60,2017
SBAC,57,2016
SBAC,61,2015
SBAC,57,2014
SBAC,58,2013
SBAC,58,2012
SBAC,56,2011
SBAC,57,2010
SBAC,58,2009
SBAC,58,2008
SBAC,60,2007
SBAC,69,2006
SBAC,75,2005
SBAC,71,2004
SBAC,80,2002
SBAC,92,2001
SBAC,90,2000
SBUX,47,2025
SBUX,52,2024
SBUX,47,2023
SBUX,47,2022
SBUX,47,2021
SBUX,46,2020
SBUX,47,2019
SBUX,47,2018
SBUX,47,2017
SBUX,47,2016
SBUX,46,2015
SBUX,47,2014
SBUX,50,2013
SBUX,47,2012
SBUX,47,2011
SBUX,50,2010
SBUX,54,2009
SBUX,57,2008
SBUX,60,2007
SBUX,75,2005
SBUX,81,2001
SBUX,82,2000
SBUX,81,1999
SBUX,86,1997
SCHW,56,2026
SCHW,57,2025
SCHW,54,2024
SCHW,55,2023
SCHW,55,2022
SCHW,55,2021
SCHW,57,2020
SCHW,53,2019
SCHW,53,2018
SCHW,54,2017
SCHW,55,2016
SCHW,54,2015
SCHW,55,2014
SCHW,53,2013
SCHW,55,2012
SCHW,56,2011
SCHW,56,2010
SCHW,56,2009
SCHW,57,2008
SCHW,57,2007
SCHW,58,2006
SCHW,61,2005
SCHW,71,2004
SCHW,80,2003
SCHW,87,2001
SCHW,88,2000
SCHW,89,1999
SCHW,86,1998
SCHW,87,1997
SCHW,88,1996
SCHW,83,1995
SCHW,89,1994
SEDG,56,2026
SEDG,56,2025
SEDG,57,2024
SEDG,53,2023
SEDG,53,2022
SEDG,58,2020
SEDG,59,2019
SEDG,51,2018
SEDG,51,2015
SEE,57,2025
SEE,58,2024
SEE,52,2023
SEE,53,2022
SEE,56,2021
SEE,62,2020
SEE,50,2019
SEE,52,2018
SEE,46,2017
SEE,53,2016
SEE,58,2015
SEE,59,2014
SEE,60,2013
SEE,60,2012
SEE,56,2011
SEE,60,2010
SEE,61,2009
SEE,60,2008
SEE,60,2007
SEE,74,2006
SEE,80,2005
SEE,72,2004
SEE,87,2000
SEE,89,1999
SHW,50,2026
SHW,51,2025
SHW,51,2024
SHW,53,2023
SHW,48,2022
SHW,50,2021
SHW,52,2020
SHW,53,2019
SHW,54,2018
SHW,53,2017
SHW,55,2016
SHW,56,2015
SHW,58,2014
SHW,59,2013
SHW,54,2012
SHW,54,2011
SHW,55,2010
SHW,55,2009
SHW,59,2008
SHW,59,2007
SHW,66,2006
SHW,69,2005
SHW,71,2004
SHW,72,2003
SHW,73,2002
SHW,72,2001
SHW,69,1999
SHW,70,1998
SHW,74,1995
SHW,74,1994
SIG,46,2025
SIG,47,2024
SIG,47,2023
SIG,47,2022
SIG,48,2021
SIG,54,2020
SIG,60,2019
SIG,58,2018
SIG,47,2017
SIG,54,2016
SIG,54,2015
SIG,54,2014
SIG,54,2013
SIG,54,2012
SIG,60,2011
SIG,59,2010
SJM,49,2025
SJM,49,2024
SJM,51,2023
SJM,47,2022
SJM,48,2021
SJM,50,2020
SJM,48,2019
SJM,49,2018
SJM,50,2017
SJM,52,2016
SJM,56,2015
SJM,54,2014
SJM,52,2013
SJM,56,2012
SJM,59,2011
SJM,55,2010
SJM,57,2009
SJM,58,2008
SJM,57,2007
SJM,61,2006
SJM,73,2005
SJM,74,2004
SJM,87,2002
SJM,85,2001
SJM,85,1998
SJM,86,1995
SJM,76,1994
SLB,23,2026
SLB,22,2025
SLB,24,2024
SLB,25,2023
SLB,26,2022
SLB,27,2021
SLB,22,2020
SLB,23,2019
SLB,24,2018
SLB,25,2017
SLB,27,2016
SLB,29,2015
SLB,31,2014
SLB,31,2013
SLB,32,2012
SLB,35,2011
SLB,36,2010
SLB,42,2009
SLB,44,2008
SLB,47,2007
SLB,54,2006
SLB,62,2005
SLB,63,2004
SLB,58,2003
SLB,90,2000
SLE,90,2022
SLE,78,2021
SLE,80,2020
SLG,48,2026
SLG,54,2024
SLG,47,2023
SLG,49,2022
SLG,57,2021
SLG,59,2020
SLG,57,2019
SLG,54,2018
SLG,52,2017
SLG,57,2016
SLG,54,2015
SLG,56,2014
SLG,58,2013
SLG,59,2011
SLG,47,2010
SLG,58,2008
SLG,59,2007
SLG,74,2006
SLG,75,2004
SLG,85,2003
SLG,74,2002
SLG,76,2000
SLM,50,2026
SLM,51,2025
SLM,53,2024
SLM,54,2023
SLM,55,2022
SLM,56,2021
SLM,59,2020
SLM,59,2019
SLM,54,2018
SLM,55,2017
SLM,57,2016
SLM,57,2015
SLM,50,2014
SLM,57,2013
SLM,58,2012
SLM,57,2010
SLM,396,2009
SLM,60,2008
SLM,60,2007
SLM,68,2006
SLM,75,2005
SLM,75,2004
SLM,86,2003
SLM,87,2002
SLM,88,1999
SLM,89,1998
SMCI,59,2025
SMCI,240,2025
SMCI,56,2023
SMCI,57,2022
SMCI,58,2021
SMCI,60,2020
SMCI,172,2019
SMCI,685,2019
SMCI,57,2016
SMCI,77,2014
SMCI,73,2013
SMCI,75,2012
SMCI,64,2011
SMCI,69,2010
SMCI,62,2009
SMCI,64,2008
SNA,40,2026
SNA,47,2025
SNA,47,2024
SNA,40,2023
SNA,40,2022
SNA,40,2021
SNA,47,2020
SNA,47,2019
SNA,47,2018
SNA,40,2017
SNA,40,2016
SNA,40,2015
SNA,48,2014
SNA,47,2013
SNA,47,2012
SNA,47,2011
SNA,47,2010
SNA,46,2009
SNA,52,2008
SNA,52,2007
SNA,52,2006
SNA,24,2005
SNA,76,2004
SNA,64,2003
SNA,89,1997
SNA,89,1996
SNA,86,1995
SNA,76,1994
SNDK,54,2025
SNPS,50,2025
SNPS,49,2024
SNPS,42,2023
SNPS,42,2022
SNPS,43,2021
SNPS,45,2020
SNPS,50,2019
SNPS,45,2018
SNPS,43,2017
SNPS,40,2016
SNPS,44,2015
SNPS,43,2014
SNPS,50,2013
SNPS,50,2012
SNPS,46,2011
SNPS,48,2009
SNPS,50,2008
SNPS,73,2006
SNPS,90,2004
SNPS,84,1999
SNPS,84,1998
SNPS,81,1996
SO,49,2026
SO,50,2025
SO,45,2024
SO,46,2023
SO,47,2022
SO,48,2021
SO,50,2020
SO,50,2019
SO,52,2018
SO,53,2017
SO,57,2016
SO,61,2015
SO,58,2014
SO,58,2013
SO,55,2012
SO,56,2011
SO,56,2010
SO,56,2009
SO,56,2008
SO,57,2007
SO,60,2005
SO,61,2004
SO,69,2003
SO,84,2002
SO,88,2001
SO,87,2000
SO,85,1999
SO,90,1998
SO,86,1995
SO,87,1994
SOLS,50,2026
SOLV,58,2026
SOLV,59,2025
SPG,56,2026
SPG,52,2025
SPG,53,2024
SPG,54,2023
SPG,55,2022
SPG,56,2021
SPG,52,2020
SPG,53,2019
SPG,54,2018
SPG,55,2017
SPG,57,2016
SPG,58,2015
SPG,58,2014
SPG,59,2013
SPG,59,2012
SPG,56,2011
SPG,56,2010
SPG,57,2008
SPG,59,2007
SPG,75,2005
SPG,75,2004
SPG,66,2003
SPGI,41,2026
SPGI,42,2025
SPGI,39,2024
SPGI,40,2023
SPGI,39,2022
SPGI,40,2021
SPGI,41,2020
SPGI,43,2019
SPGI,40,2018
SPGI,40,2017
SPGI,42,2016
SPGI,44,2015
SPGI,38,2014
SPGI,38,2012
SPGI,54,2011
SPGI,55,2010
SPGI,58,2009
SPGI,60,2008
SPGI,59,2007
SPGI,55,2006
SPGI,56,2005
SPGI,58,2004
SPGI,72,2003
SPGI,82,2000
SPGI,85,1999
SPGI,85,1998
SPGI,86,1996
SPGI,89,1994
SRE,57,2026
SRE,56,2025
SRE,58,2024
SRE,59,2023
SRE,56,2022
SRE,56,2021
SRE,58,2020
SRE,57,2019
SRE,58,2018
SRE,59,2017
SRE,57,2016
SRE,57,2015
SRE,58,2014
SRE,57,2013
SRE,56,2010
SRE,55,2009
SRE,57,2008
SRE,53,2007
SRE,53,2006
SRE,54,2005
SRE,55,2004
SRE,57,2003
SRE,78,2002
SRE,72,2001
SRE,89,2000
SRE,68,1999
STE,59,2025
STE,59,2024
STE,56,2023
STE,61,2022
STE,58,2021
STE,59,2020
STE,60,2019
STI,103,2024
STI,76,2023
STLD,58,2026
STLD,59,2025
STLD,60,2024
STLD,59,2023
STLD,59,2022
STLD,60,2021
STLD,58,2020
STLD,58,2019
STLD,58,2018
STLD,59,2017
STLD,57,2016
STLD,62,2014
STLD,58,2013
STLD,58,2012
STLD,54,2011
STLD,58,2009
STLD,58,2008
STLD,57,2007
STLD,68,2006
STLD,63,2005
STLD,87,2003
STT,50,2026
STT,44,2025
STT,46,2024
STT,47,2023
STT,48,2022
STT,50,2021
STT,51,2020
STT,52,2019
STT,57,2018
STT,50,2016
STT,51,2015
STT,52,2014
STT,53,2013
STT,57,2011
STT,53,2010
STT,58,2009
STT,46,2008
STT,48,2007
STT,52,2006
STT,49,2005
STT,55,2004
STT,52,2003
STT,53,2002
STT,82,1999
STT,85,1998
STT,85,1997
STT,87,1996
STT,88,1995
STT,89,1994
STX,35,2025
STX,35,2024
STX,35,2023
STX,35,2022
STX,35,2021
STX,35,2020
STX,35,2019
STX,35,2018
STX,35,2017
STX,35,2016
STX,39,2015
STX,41,2014
STX,41,2013
STX,40,2012
STX,47,2009
STX,47,2008
STX,57,2007
STX,70,2006
STX,31,2005
STX,55,2003
STZ,54,2025
STZ,54,2024
STZ,51,2023
STZ,52,2022
STZ,51,2021
STZ,52,2020
STZ,54,2019
STZ,54,2018
STZ,58,2017
STZ,56,2016
STZ,59,2015
STZ,60,2014
STZ,61,2012
STZ,60,2011
STZ,60,2008
STZ,61,2007
STZ,62,2006
STZ,77,2005
STZ,75,2004
STZ,74,2003
STZ,82,2002
STZ,90,2001
STZ,91,2000
STZ,93,1999
STZ,90,1998
STZ,90,1997
STZ,90,1995
SUN,50,2026
SUN,45,2025
SUN,47,2024
SUN,48,2023
SUN,49,2022
SUN,50,2021
SUN,52,2020
SUN,53,2019
SUN,54,2018
SUN,55,2017
SUN,56,2016
SUN,58,2015
SUN,73,2014
SUN,88,2013
SW,58,2026
SW,66,2025
SWK,52,2026
SWK,52,2025
SWK,59,2024
SWK,54,2023
SWK,52,2022
SWK,55,2020
SWK,59,2019
SWK,59,2018
SWK,46,2017
SWK,48,2016
SWK,47,2015
SWK,55,2014
SWK,53,2013
SWK,54,2012
SWK,48,2011
SWK,48,2010
SWK,53,2009
SWK,58,2008
SWK,58,2007
SWK,59,2006
SWK,65,2005
SWK,73,2004
SWK,151,2003
SWK,89,1999
SWK,88,1998
SWK,81,1997
SWK,88,1996
SWK,88,1995
SWKS,53,2016
SWKS,53,2015
SWKS,53,2014
SWKS,60,2007
SWKS,75,2006
SWKS,75,2005
SWKS,73,2004
SWKS,86,2003
SWKS,87,2002
SWKS,92,2002
SWKS,89,2001
SWKS,92,1996
SYF,37,2026
SYF,38,2025
SYF,39,2024
SYF,40,2023
SYF,41,2022
SYF,42,2021
SYF,44,2020
SYF,46,2019
SYF,53,2018
SYF,54,2017
SYF,56,2016
SYF,54,2015
SYK,42,2026
SYK,43,2025
SYK,45,2024
SYK,41,2023
SYK,42,2022
SYK,42,2021
SYK,37,2020
SYK,38,2019
SYK,39,2018
SYK,40,2017
SYK,42,2016
SYK,43,2015
SYK,44,2014
SYK,58,2013
SYK,49,2011
SYK,57,2010
SYK,51,2009
SYK,59,2007
SYK,65,2006
SYK,61,2005
SYK,72,2004
SYK,73,2003
SYK,74,2002
SYK,88,1996
SYK,83,1994
SYY,54,2025
SYY,59,2024
SYY,55,2023
SYY,54,2022
SYY,55,2021
SYY,59,2020
SYY,55,2019
SYY,55,2018
SYY,60,2017
SYY,58,2016
SYY,58,2014
SYY,58,2013
SYY,58,2012
SYY,59,2011
SYY,59,2010
SYY,59,2009
SYY,59,2008
SYY,59,2007
SYY,75,2006
SYY,75,2005
SYY,75,2004
SYY,90,2003
SYY,88,2002
SYY,89,2001
SYY,83,1999
SYY,89,1998
SYY,89,1997
SYY,89,1996
SYY,88,1995
SYY,89,1994
T,40,2026
T,43,2025
T,54,2024
T,44,2023
T,47,2022
T,56,2021
T,51,2020
T,51,2019
T,51,2018
T,48,2017
T,49,2016
T,51,2015
T,52,2014
T,53,2013
T,55,2012
T,59,2011
T,0,2010
T,0,2009
T,1,2008
T,57,2007
T,59,2006
T,70,2005
T,71,2004
T,72,2003
TAP,49,2026
TAP,49,2025
TAP,51,2024
TAP,52,2023
TAP,54,2022
TAP,42,2021
TAP,43,2020
TAP,43,2019
TAP,45,2018
TAP,45,2017
TAP,42,2016
TAP,43,2015
TAP,45,2014
TAP,55,2012
TAP,59,2011
TAP,55,2010
TAP,59,2009
TAP,54,2008
TAP,60,2007
TAP,75,2006
TAP,75,2004
TAP,88,2003
TAP,89,2002
TAP,92,1996
TAP,92,1995
TAP,92,1994
TDC,58,2026
TDC,52,2025
TDC,54,2024
TDC,55,2023
TDC,56,2022
TDC,57,2021
TDC,59,2020
TDC,54,2018
TDC,58,2017
TDC,57,2016
TDC,58,2015
TDC,58,2014
TDC,59,2013
TDC,60,2012
TDC,60,2011
TDC,57,2010
TDC,61,2009
TDC,63,2008
TDG,43,2025
TDG,38,2024
TDG,40,2023
TDG,41,2022
TDG,43,2020
TDG,50,2019
TDG,40,2018
TDG,44,2017
TDG,44,2015
TDG,45,2014
TDG,46,2013
TDG,47,2012
TDG,49,2011
TDG,56,2008
TDG,52,2007
TDG,58,2006
TDY,54,2026
TDY,53,2025
TDY,54,2024
TDY,54,2023
TDY,54,2022
TDY,53,2021
TDY,54,2020
TDY,54,2019
TDY,58,2018
TDY,60,2017
TDY,60,2015
TDY,57,2014
TDY,58,2013
TDY,59,2012
TDY,60,2011
TDY,58,2010
TDY,60,2009
TDY,60,2008
TDY,59,2007
TDY,60,2006
TDY,59,2005
TDY,66,2003
TE,60,2024
TECH,53,2025
TECH,53,2024
TECH,54,2023
TECH,55,2022
TECH,56,2021
TECH,57,2020
TECH,58,2018
TECH,69,2017
TECH,60,2016
TECH,62,2015
TECH,60,2014
TECH,60,2013
TECH,60,2012
TECH,60,2011
TECH,58,2010
TECH,59,2009
TECH,59,2008
TECH,60,2007
TECH,61,2006
TECH,74,2005
TECH,72,2004
TECH,88,2003
TECH,89,2002
TECH,89,2001
TECH,89,2000
TECH,89,1999
TECH,76,1998
TECH,88,1997
TECH,89,1996
TECH,87,1995
TEL,45,2025
TEL,46,2024
TEL,45,2023
TEL,46,2022
TEL,46,2021
TEL,46,2020
TEL,46,2019
TEL,46,2018
TEL,46,2017
TEL,46,2016
TEL,46,2015
TEL,47,2014
TEL,49,2013
TEL,46,2012
TEL,49,2011
TEL,47,2010
TEL,54,2009
TEL,55,2008
TEL,77,2007
TER,50,2026
TER,51,2025
TER,53,2024
TER,53,2023
TER,54,2022
TER,53,2021
TER,62,2020
TER,60,2019
TER,60,2018
TER,60,2017
TER,60,2016
TER,58,2015
TER,59,2014
TER,60,2013
TER,61,2012
TER,60,2011
TER,60,2010
TER,61,2009
TER,59,2008
TER,60,2007
TER,73,2006
TER,75,2005
TER,75,2004
TER,87,2003
TER,86,2001
TER,87,2000
TER,89,1999
TER,89,1998
TER,86,1997
TER,86,1996
TER,82,1995
TER,90,1994
TFC,55,2026
TFC,56,2025
TFC,58,2024
TFC,59,2023
TFC,53,2022
TFC,55,2021
TFC,62,2020
TFC,57,2019
TFC,51,2018
TFC,52,2017
TFC,56,2016
TFC,56,2015
TFC,57,2014
TFC,59,2013
TFC,58,2012
TFC,56,2011
TFC,57,2010
TFC,58,2009
TFC,59,2008
TFC,58,2007
TFC,69,2006
TFC,66,2005
TFC,68,2004
TFC,66,2003
TFC,75,2001
TFC,74,2000
TFC,78,1999
TFC,77,1998
TFC,76,1997
TFC,78,1996
TFC,90,1994
TFX,58,2026
TFX,59,2025
TFX,54,2024
TFX,54,2023
TFX,60,2022
TFX,56,2021
TFX,52,2020
TFX,52,2019
TFX,53,2018
TFX,54,2017
TFX,56,2016
TFX,51,2015
TFX,55,2014
TFX,53,2013
TFX,54,2012
TFX,55,2011
TFX,55,2010
TFX,56,2009
TFX,60,2008
TFX,60,2007
TFX,85,2006
TFX,73,2005
TFX,74,2004
TFX,85,2003
TFX,86,2002
TFX,86,2001
TFX,88,2000
TFX,92,1999
TFX,88,1998
TFX,89,1995
TFX,87,1994
TGNA,58,2025
TGNA,60,2024
TGNA,60,2021
TGNA,62,2020
TGNA,60,2019
TGNA,60,2018
TGNA,58,2017
TGNA,60,2016
TGNA,59,2015
TGNA,59,2014
TGNA,58,2013
TGNA,59,2012
TGNA,59,2011
TGNA,59,2010
TGNA,59,2009
TGNA,60,2008
TGNA,60,2007
TGNA,61,2006
TGNA,64,2005
TGNA,75,2004
TGNA,79,2003
TGNA,82,2002
TGNA,86,2001
TGNA,82,2000
TGNA,85,1999
TGNA,82,1997
TGNA,89,1996
TGNA,89,1995
TGNA,86,1994
TGT,39,2025
TGT,39,2024
TGT,39,2023
TGT,39,2022
TGT,39,2021
TGT,39,2020
TGT,39,2019
TGT,39,2018
TGT,39,2017
TGT,41,2016
TGT,41,2015
TGT,41,2014
TGT,46,2013
TGT,47,2012
TGT,41,2011
TGT,41,2009
TGT,40,2008
TGT,40,2007
TGT,72,2006
TGT,72,2005
TGT,65,2004
TGT,72,2003
TGT,72,2002
TGT,72,2001
TGT,72,2000
TGT,72,1999
TGT,74,1998
TGT,80,1995
TGT,82,1994
THC,48,2026
THC,49,2025
THC,47,2024
THC,48,2023
THC,49,2022
THC,50,2021
THC,55,2020
THC,56,2019
THC,57,2018
THC,58,2017
THC,53,2016
THC,54,2015
THC,55,2014
THC,57,2013
THC,59,2012
THC,54,2010
THC,55,2009
THC,57,2008
THC,58,2007
THC,68,2006
THC,67,2005
THC,75,2004
THC,74,2002
THC,88,1997
THC,87,1996
THC,86,1995
TJX,60,2025
TJX,60,2024
TJX,60,2023
TJX,60,2022
TJX,60,2021
TJX,55,2020
TJX,60,2019
TJX,60,2018
TJX,59,2017
TJX,59,2016
TJX,59,2015
TJX,59,2014
TJX,59,2013
TJX,59,2012
TJX,59,2011
TJX,59,2010
TJX,59,2009
TJX,60,2008
TJX,60,2007
TJX,60,2006
TJX,60,2005
TJX,60,2004
TJX,90,2003
TJX,88,2002
TJX,81,1995
TJX,83,1994
TKO,56,2026
TKO,57,2025
TKO,58,2024
TMC,86,2025
TMC,86,2023
TMC,84,2022
TMO,57,2026
TMO,51,2025
TMO,53,2024
TMO,54,2023
TMO,55,2022
TMO,55,2021
TMO,57,2020
TMO,58,2019
TMO,59,2018
TMO,59,2017
TMO,56,2016
TMO,58,2014
TMO,60,2012
TMO,55,2011
TMO,57,2010
TMO,58,2009
TMO,60,2008
TMO,60,2007
TMO,61,2006
TMO,75,2005
TMO,62,2004
TMO,76,2002
TMO,81,2001
TMO,80,1999
TMO,82,1997
TMO,67,1994
TMUS,42,2026
TMUS,31,2025
TMUS,33,2024
TMUS,45,2023
TMUS,42,2022
TMUS,54,2021
TMUS,37,2020
TMUS,38,2019
TMUS,39,2018
TMUS,45,2017
TMUS,48,2016
TMUS,49,2015
TMUS,55,2014
TMUS,60,2013
TMUS,60,2012
TMUS,60,2011
TMUS,60,2010
TMUS,61,2009
TMUS,60,2008
TMUS,89,2007
TMUS,497,2006
TPL,49,2026
TPL,50,2025
TPL,52,2024
TPL,53,2023
TPL,54,2022
TPL,56,2021
TPR,47,2025
TPR,47,2024
TPR,47,2023
TPR,47,2022
TPR,47,2021
TPR,47,2020
TPR,47,2019
TPR,47,2018
TPR,48,2017
TPR,48,2016
TPR,48,2015
TPR,48,2014
TPR,54,2013
TPR,53,2012
TPR,48,2011
TPR,53,2010
TPR,53,2009
TPR,54,2008
TPR,54,2007
TPR,55,2006
TPR,69,2005
TPR,75,2004
TPR,81,2003
TPR,83,2002
TRGP,50,2026
TRGP,51,2025
TRGP,46,2024
TRGP,53,2023
TRGP,55,2022
TRGP,49,2021
TRGP,51,2020
TRGP,60,2019
TRGP,47,2018
TRGP,48,2017
TRGP,60,2016
TRGP,44,2015
TRGP,45,2014
TRGP,50,2013
TRGP,2,2011
TRIP,44,2026
TRIP,51,2025
TRIP,47,2024
TRIP,48,2023
TRIP,49,2022
TRIP,50,2021
TRIP,50,2020
TRIP,53,2019
TRIP,52,2018
TRIP,48,2017
TRIP,49,2016
TRIP,48,2015
TRIP,75,2012
TRMB,54,2026
TRMB,112,2025
TRMB,49,2023
TRMB,54,2022
TRMB,56,2021
TRMB,56,2019
TRMB,59,2018
TRMB,56,2017
TRMB,54,2016
TRMB,54,2015
TRMB,53,2014
TRMB,59,2013
TRMB,60,2011
TRMB,56,2010
TRMB,60,2009
TRMB,60,2008
TRMB,56,2007
TRMB,0,2006
TRMB,74,2005
TRMB,63,2003
TRMB,87,2000
TRMB,87,1999
TRMB,87,1998
TRMB,85,1997
TROW,44,2026
TROW,45,2025
TROW,47,2024
TROW,46,2023
TROW,55,2022
TROW,42,2021
TROW,44,2020
TROW,44,2019
TROW,47,2018
TROW,38,2017
TROW,36,2016
TROW,36,2015
TROW,35,2014
TROW,36,2013
TROW,34,2012
TROW,39,2011
TROW,36,2010
TROW,37,2009
TROW,38,2008
TROW,39,2007
TROW,47,2006
TROW,60,2005
TROW,61,2004
TROW,65,2003
TROW,73,2002
TROW,85,2001
TRV,43,2026
TRV,44,2025
TRV,46,2024
TRV,47,2023
TRV,48,2022
TRV,42,2021
TRV,44,2020
TRV,45,2019
TRV,46,2018
TRV,47,2017
TRV,42,2016
TRV,43,2015
TRV,44,2014
TRV,47,2012
TRV,48,2011
TRV,49,2010
TRV,50,2009
TRV,52,2008
TRV,58,2006
TRV,75,2005
TRV,63,2004
TRV,79,2003
TRV,87,2001
TRV,90,1999
TRV,77,1994
TSCO,54,2026
TSCO,54,2025
TSCO,55,2024
TSCO,54,2023
TSCO,54,2022
TSCO,54,2021
TSCO,54,2020
TSCO,54,2019
TSCO,54,2018
TSCO,54,2017
TSCO,58,2016
TSCO,0,2015
TSCO,0,2014
TSCO,53,2013
TSCO,0,2012
TSCO,0,2011
TSCO,60,2010
TSCO,60,2009
TSCO,60,2008
TSCO,60,2007
TSCO,75,2006
TSCO,72,2004
TSCO,76,2003
TSCO,83,2001
TSCO,83,2000
TSCO,81,1999
TSCO,81,1998
TSLA,29,2026
TSLA,27,2024
TSLA,31,2023
TSLA,50,2019
TSLA,54,2018
TSLA,60,2017
TSLA,55,2016
TSLA,57,2015
TSLA,57,2014
TSLA,66,2013
TSLA,62,2011
TSN,44,2025
TSN,45,2024
TSN,44,2023
TSN,44,2022
TSN,44,2021
TSN,45,2019
TSN,45,2018
TSN,44,2017
TSN,51,2016
TSN,51,2015
TSN,51,2014
TSN,51,2013
TSN,51,2012
TSN,51,2011
TSN,51,2010
TSN,51,2009
TSN,54,2008
TSN,53,2007
TSN,74,2006
TSN,72,2005
TSN,0,2004
TSN,83,2001
TSN,69,2000
TSN,74,1998
TSN,74,1994
TT,36,2026
TT,37,2025
TT,39,2024
TT,41,2023
TT,38,2022
TT,40,2021
TT,49,2020
TT,43,2019
TT,43,2018
TT,44,2017
TT,43,2016
TT,44,2015
TT,45,2014
TT,45,2013
TT,52,2012
TT,53,2011
TT,57,2010
TTD,58,2026
TTD,52,2025
TTD,46,2024
TTD,46,2023
TTD,47,2022
TTD,49,2021
TTD,58,2020
TTD,53,2019
TTD,59,2018
TTWO,50,2025
TTWO,51,2024
TTWO,55,2023
TTWO,46,2022
TTWO,48,2021
TTWO,52,2020
TTWO,43,2019
TTWO,46,2018
TTWO,53,2017
TTWO,48,2016
TTWO,51,2015
TTWO,43,2014
TTWO,43,2013
TTWO,52,2012
TTWO,54,2011
TTWO,48,2009
TTWO,49,2008
TTWO,50,2007
TTWO,120,2007
TTWO,50,2002
TTWO,90,1999
TXN,37,2026
TXN,45,2025
TXN,33,2024
TXN,34,2023
TXN,35,2022
TXN,36,2021
TXN,51,2020
TXN,53,2019
TXN,53,2018
TXN,54,2017
TXN,55,2016
TXN,55,2015
TXN,55,2014
TXN,53,2013
TXN,55,2012
TXN,56,2011
TXN,54,2010
TXN,55,2009
TXN,57,2008
TXN,59,2007
TXN,59,2006
TXN,59,2005
TXN,58,2004
TXN,62,2003
TXN,54,1998
TXN,56,1997
TXN,80,1994
TXT,39,2026
TXT,40,2025
TXT,44,2024
TXT,47,2023
TXT,47,2022
TXT,48,2021
TXT,52,2020
TXT,47,2019
TXT,47,2018
TXT,53,2017
TXT,53,2016
TXT,53,2015
TXT,48,2014
TXT,48,2013
TXT,54,2012
TXT,59,2011
TXT,54,2010
TXT,54,2009
TXT,53,2008
TXT,53,2007
TXT,55,2006
TXT,54,2005
TXT,74,2001
TXT,72,1999
TXT,76,1997
TXT,75,1996
TXT,88,1995
TXT,88,1994
TYL,49,2026
TYL,50,2025
TYL,53,2023
TYL,54,2022
TYL,50,2021
TYL,50,2020
TYL,51,2019
TYL,52,2018
TYL,53,2017
TYL,55,2016
TYL,49,2015
TYL,50,2014
TYL,51,2013
TYL,54,2012
TYL,55,2011
TYL,56,2010
TYL,57,2009
TYL,59,2008
TYL,60,2007
TYL,61,2006
TYL,69,2005
TYL,58,2004
TYL,59,2003
UA,52,2025
UA,59,2024
UA,54,2023
UA,54,2022
UA,55,2021
UA,57,2020
UA,53,2019
UA,59,2018
UA,54,2017
UA,50,2016
UA,51,2015
UA,52,2014
UA,56,2012
UA,55,2011
UA,56,2010
UA,51,2009
UA,53,2008
UA,59,2007
UA,74,2006
UAA,52,2025
UAA,59,2024
UAA,54,2023
UAA,54,2022
UAA,55,2021
UAA,57,2020
UAA,53,2019
UAA,59,2018
UAA,54,2017
UAA,50,2016
UAA,51,2015
UAA,52,2014
UAA,56,2012
UAA,55,2011
UAA,56,2010
UAA,51,2009
UAA,53,2008
UAA,59,2007
UAA,74,2006
UAL,43,2026
UAL,58,2025
UAL,60,2024
UAL,47,2023
UAL,49,2022
UAL,60,2021
UAL,56,2020
UAL,59,2019
UAL,53,2018
UAL,54,2017
UAL,49,2016
UAL,51,2015
UAL,51,2014
UAL,56,2013
UAL,53,2012
UAL,57,2010
UAL,61,2009
UAL,60,2008
UAL,75,2007
UAL,90,2006
UAL,61,2004
UAL,0,2003
UAL,1,2001
UAL,65,1998
UBER,44,2026
UBER,45,2025
UBER,46,2024
UBER,52,2023
UBER,55,2022
UBER,60,2021
UBER,62,2020
UDR,48,2026
UDR,49,2025
UDR,51,2024
UDR,44,2023
UDR,46,2022
UDR,49,2020
UDR,50,2019
UDR,51,2018
UDR,52,2017
UDR,54,2016
UDR,55,2015
UDR,56,2014
UDR,57,2013
UDR,58,2012
UDR,54,2011
UDR,56,2010
UDR,57,2009
UDR,57,2008
UDR,60,2007
UDR,66,2006
UDR,74,2005
UDR,71,2004
UDR,85,2003
UDR,88,2002
UDR,74,2001
UDR,88,2000
UDR,77,1999
UDR,90,1998
UDR,90,1995
UHS,56,2026
UHS,57,2025
UHS,58,2024
UHS,58,2023
UHS,55,2022
UHS,56,2021
UHS,57,2020
UHS,58,2019
UHS,59,2018
UHS,59,2017
UHS,56,2016
UHS,57,2015
UHS,58,2014
UHS,59,2013
UHS,58,2012
UHS,56,2010
UHS,57,2009
UHS,59,2008
UHS,59,2007
UHS,74,2006
UHS,75,2005
UHS,72,2004
UHS,78,2003
UHS,85,2002
UHS,87,2001
UHS,89,1999
UHS,84,1998
UHS,86,1997
UHS,87,1995
UHS,89,1994
ULTA,54,2025
ULTA,52,2024
ULTA,55,2023
ULTA,55,2022
ULTA,55,2021
ULTA,55,2020
ULTA,59,2019
ULTA,59,2018
ULTA,59,2017
ULTA,60,2016
ULTA,60,2015
ULTA,60,2014
ULTA,60,2013
ULTA,60,2012
ULTA,60,2011
ULTA,60,2010
ULTA,61,2009
ULTA,74,2008
UNH,58,2025
UNH,59,2024
UNH,55,2023
UNH,46,2022
UNH,60,2021
UNH,45,2020
UNH,43,2019
UNH,44,2018
UNH,39,2017
UNH,40,2016
UNH,41,2015
UNH,43,2014
UNH,37,2013
UNH,40,2012
UNH,41,2011
UNH,41,2010
UNH,52,2008
UNH,65,2007
UNH,55,2006
UNH,60,2005
UNH,75,2004
UNH,78,2003
UNH,91,2002
UNH,90,2000
UNM,48,2026
UNM,58,2025
UNM,51,2024
UNM,54,2023
UNM,56,2022
UNM,48,2021
UNM,49,2020
UNM,50,2019
UNM,52,2018
UNM,53,2017
UNM,55,2016
UNM,56,2015
UNM,57,2014
UNM,53,2013
UNM,55,2012
UNM,98,2011
UNM,57,2010
UNM,55,2009
UNM,56,2008
UNM,60,2007
UNM,62,2006
UNM,73,2005
UNM,72,2004
UNM,90,2003
UNM,87,2002
UNM,87,2001
UNM,90,2000
UNM,90,1998
UNM,85,1997
UNP,37,2026
UNP,38,2025
UNP,40,2024
UNP,41,2023
UNP,35,2022
UNP,36,2021
UNP,38,2020
UNP,39,2019
UNP,40,2018
UNP,34,2017
UNP,36,2016
UNP,37,2015
UNP,38,2014
UNP,39,2013
UNP,34,2012
UNP,35,2011
UNP,36,2010
UNP,37,2009
UNP,59,2008
UNP,54,2007
UNP,55,2006
UNP,56,2005
UNP,49,2004
UNP,52,2003
UNP,63,2002
UNP,80,2001
UNP,77,1998
UNP,86,1996
UPS,48,2026
UPS,49,2025
UPS,51,2024
UPS,52,2023
UPS,53,2022
UPS,53,2021
UPS,51,2020
UPS,52,2019
UPS,52,2018
UPS,52,2017
UPS,55,2016
UPS,58,2015
UPS,59,2014
UPS,59,2013
UPS,58,2012
UPS,59,2011
UPS,57,2010
UPS,58,2009
UPS,60,2008
UPS,60,2007
UPS,73,2006
UPS,73,2005
UPS,65,2004
UPS,65,2003
UPS,92,2001
UPS,90,2000
URBN,60,2025
URBN,61,2024
URBN,62,2023
URBN,60,2022
URBN,60,2021
URBN,60,2020
URBN,60,2019
URBN,61,2018
URBN,62,2017
URBN,60,2016
URBN,60,2015
URBN,60,2014
URBN,60,2013
URBN,62,2012
URBN,60,2011
URBN,59,2010
URBN,57,2008
URBN,58,2007
URBN,71,2006
URBN,77,2005
URBN,75,2004
URBN,87,2003
URBN,75,2001
URBN,74,2000
URBN,80,1999
URBN,81,1998
URBN,80,1997
URI,28,2026
URI,29,2025
URI,24,2024
URI,25,2023
URI,26,2022
URI,27,2021
URI,29,2020
URI,23,2019
URI,24,2018
URI,25,2017
URI,27,2016
URI,21,2015
URI,22,2014
URI,23,2013
URI,32,2011
URI,34,2010
URI,57,2009
URI,59,2008
URI,58,2007
URI,90,2006
URI,455,2006
URI,75,2004
URI,88,2002
URI,90,2000
URI,88,1999
USB,54,2026
USB,52,2025
USB,51,2024
USB,58,2023
USB,53,2022
USB,54,2021
USB,51,2020
USB,52,2019
USB,53,2018
USB,54,2017
USB,56,2016
USB,52,2014
USB,53,2013
USB,54,2012
USB,59,2011
USB,57,2010
USB,61,2009
USB,56,2008
USB,57,2007
USB,66,2006
USB,59,2005
USB,58,2004
USB,59,2003
USB,59,2002
USB,59,1997
USB,55,1995
USB,60,1994
V,37,2025
V,44,2024
V,46,2023
V,47,2022
V,49,2021
V,50,2020
V,45,2019
V,47,2018
V,48,2017
V,46,2016
V,50,2015
V,51,2014
V,53,2013
V,47,2012
V,49,2011
V,50,2010
V,51,2009
V,52,2008
VFC,54,2025
VFC,54,2024
VFC,54,2023
VFC,54,2022
VFC,54,2021
VFC,60,2020
VFC,55,2019
VFC,60,2018
VFC,60,2017
VFC,60,2016
VFC,59,2015
VFC,60,2014
VFC,60,2013
VFC,60,2012
VFC,60,2011
VFC,60,2010
VFC,59,2009
VFC,59,2008
VFC,59,2007
VFC,69,2006
VFC,68,2005
VFC,67,2004
VFC,88,1999
VFC,81,1997
VFC,82,1994
VICI,56,2026
VICI,51,2025
VICI,53,2024
VICI,54,2023
VICI,54,2022
VICI,49,2021
VICI,51,2020
VICI,45,2019
VLO,56,2026
VLO,57,2025
VLO,53,2024
VLO,54,2023
VLO,53,2022
VLO,54,2021
VLO,57,2020
VLO,59,2019
VLO,59,2018
VLO,54,2017
VLO,56,2016
VLO,57,2015
VLO,58,2014
VLO,59,2013
VLO,55,2012
VLO,56,2011
VLO,57,2010
VLO,58,2009
VLO,60,2008
VLO,57,2007
VLO,60,2006
VLO,71,2005
VLO,72,2004
VLO,80,2003
VLO,57,1999
VLO,61,1998
VLTO,51,2026
VLTO,56,2025
VLTO,59,2024
VMC,50,2026
VMC,51,2025
VMC,53,2024
VMC,55,2023
VMC,56,2022
VMC,56,2021
VMC,57,2020
VMC,57,2019
VMC,58,2018
VMC,55,2017
VMC,56,2016
VMC,57,2015
VMC,57,2014
VMC,59,2013
VMC,60,2012
VMC,59,2011
VMC,57,2010
VMC,61,2009
VMC,60,2008
VNO,40,2026
VNO,41,2025
VNO,43,2024
VNO,44,2023
VNO,45,2022
VNO,47,2021
VNO,49,2020
VNO,42,2019
VNO,43,2018
VNO,57,2013
VNO,57,2008
VNO,58,2007
VNO,59,2006
VNO,63,2004
VNO,66,2003
VNT,43,2026
VNT,44,2025
VNT,46,2024
VNT,48,2023
VNT,55,2022
VNT,56,2021
VRSK,49,2026
VRSK,57,2025
VRSK,52,2024
VRSK,59,2023
VRSK,53,2022
VRSK,54,2021
VRSK,49,2020
VRSK,50,2019
VRSK,51,2018
VRSK,52,2017
VRSK,54,2016
VRSK,55,2015
VRSK,56,2014
VRSK,57,2013
VRSK,59,2012
VRSK,59,2011
VRSK,68,2010
VRSN,36,2026
VRSN,44,2025
VRSN,46,2024
VRSN,48,2023
VRSN,49,2022
VRSN,50,2021
VRSN,45,2020
VRSN,46,2019
VRSN,47,2018
VRSN,48,2017
VRSN,50,2016
VRSN,44,2015
VRSN,52,2014
VRSN,59,2013
VRSN,55,2012
VRSN,55,2011
VRSN,57,2010
VRSN,62,2009
VRSN,60,2008
VRSN,193,2007
VRSN,70,2006
VRSN,75,2005
VRSN,75,2004
VRSN,90,2003
VRSN,78,2002
VRSN,87,2001
VRTX,44,2026
VRTX,44,2025
VRTX,46,2024
VRTX,41,2023
VRTX,40,2022
VRTX,42,2021
VRTX,44,2020
VRTX,44,2019
VRTX,45,2018
VRTX,54,2017
VRTX,47,2016
VRTX,44,2015
VRTX,42,2014
VRTX,60,2013
VRTX,53,2012
VRTX,48,2011
VRTX,50,2010
VRTX,44,2009
VRTX,42,2008
VRTX,60,2007
VRTX,75,2006
VRTX,75,2005
VRTX,90,2003
VRTX,91,2002
VRTX,85,2001
VRTX,63,2000
VRTX,89,1999
VST,57,2026
VST,58,2025
VST,59,2024
VST,60,2023
VST,56,2022
VST,57,2021
VST,59,2020
VST,57,2018
VTR,37,2026
VTR,44,2025
VTR,46,2024
VTR,41,2023
VTR,49,2022
VTR,54,2021
VTR,53,2020
VTR,39,2019
VTR,40,2018
VTR,45,2017
VTR,43,2016
VTR,44,2015
VTR,50,2013
VTR,53,2012
VTR,50,2010
VTR,60,2008
VTR,53,2007
VTR,59,2006
VTR,60,2005
VTR,58,2004
VTR,57,2003
VTR,85,2002
VTR,106,2001
VTR,90,1999
VTR,85,1997
VTR,89,1996
VTRS,57,2026
VTRS,128,2020
VZ,48,2026
VZ,43,2025
VZ,40,2024
VZ,41,2023
VZ,42,2022
VZ,56,2021
VZ,52,2020
VZ,46,2019
VZ,54,2018
VZ,52,2017
VZ,54,2016
VZ,54,2015
VZ,58,2014
VZ,57,2013
VZ,55,2012
VZ,59,2011
VZ,57,2010
VZ,55,2009
VZ,59,2008
VZ,60,2007
VZ,73,2006
VZ,73,2005
VZ,72,2004
VZ,73,2003
VZ,89,1999
WAB,44,2026
WAB,43,2025
WAB,45,2024
WAB,46,2023
WAB,48,2022
WAB,50,2021
WAB,55,2020
WAB,58,2019
WAB,57,2018
WAB,59,2017
WAB,50,2016
WAB,51,2015
WAB,52,2014
WAB,53,2013
WAB,55,2012
WAB,56,2011
WAB,55,2010
WAB,60,2008
WAB,60,2007
WAB,75,2006
WAB,75,2005
WAB,90,2003
WAB,88,2001
WAT,54,2026
WAT,56,2025
WAT,58,2024
WAT,58,2023
WAT,55,2022
WAT,55,2021
WAT,56,2020
WAT,58,2018
WAT,55,2017
WAT,57,2016
WAT,58,2015
WAT,58,2014
WAT,57,2013
WAT,55,2012
WAT,56,2011
WAT,57,2010
WAT,58,2009
WAT,60,2008
WAT,60,2007
WAT,65,2006
WAT,74,2005
WAT,72,2004
WAT,80,2003
WAT,86,2001
WAT,90,1999
WBD,58,2026
WBD,58,2025
WBD,54,2024
WBD,55,2023
WBD,55,2022
WBD,53,2021
WBD,58,2020
WBD,60,2019
WBD,59,2018
WBD,45,2017
WBD,49,2016
WBD,50,2015
WBD,51,2014
WBD,48,2012
WBD,49,2011
WBD,53,2010
WBD,56,2009
WDAY,39,2025
WDAY,37,2024
WDAY,27,2023
WDAY,28,2022
WDAY,30,2021
WDAY,32,2020
WDAY,46,2019
WDAY,42,2018
WDAY,48,2017
WDAY,51,2016
WDAY,53,2015
WDAY,59,2014
WDAY,50,2013
WDC,47,2025
WDC,52,2024
WDC,52,2023
WDC,54,2022
WDC,55,2021
WDC,55,2020
WDC,60,2019
WDC,56,2018
WDC,59,2017
WDC,56,2016
WDC,49,2015
WDC,48,2014
WDC,49,2013
WDC,49,2012
WDC,41,2011
WDC,42,2010
WDC,41,2009
WDC,54,2008
WDC,59,2007
WDC,143,2006
WDC,75,2005
WDC,74,2004
WDC,88,2003
WDC,89,2002
WDC,90,2001
WDC,90,2000
WDC,66,1998
WDC,81,1996
WDC,90,1995
WDC,85,1994
WEC,51,2026
WEC,52,2025
WEC,53,2024
WEC,54,2023
WEC,55,2022
WEC,56,2021
WEC,58,2020
WEC,57,2019
WEC,59,2018
WEC,59,2017
WEC,57,2016
WEC,58,2015
WEC,58,2014
WEC,58,2013
WEC,59,2012
WEC,56,2011
WEC,57,2010
WEC,57,2009
WEC,58,2008
WEC,58,2007
WEC,61,2006
WEC,63,2005
WEC,61,2004
WEC,59,2003
WEC,85,2002
WEC,82,2001
WELL,43,2026
WELL,43,2025
WELL,46,2024
WELL,52,2023
WELL,47,2022
WELL,41,2021
WELL,45,2020
WELL,56,2019
WELL,59,2018
WELL,53,2017
WELL,49,2016
WELL,51,2015
WELL,52,2014
WELL,57,2013
WELL,48,2012
WELL,57,2010
WELL,61,2009
WELL,58,2008
WELL,69,2006
WELL,75,2005
WELL,72,2004
WELL,66,2003
WELL,85,2001
WELL,80,2000
WELL,64,1999
WELL,68,1996
WFC,55,2026
WFC,56,2025
WFC,51,2024
WFC,52,2023
WFC,53,2022
WFC,54,2021
WFC,57,2020
WFC,58,2019
WFC,60,2018
WFC,60,2017
WFC,55,2016
WFC,56,2015
WFC,57,2014
WFC,58,2013
WFC,59,2012
WFC,56,2011
WFC,57,2010
WFC,58,2009
WFC,60,2008
WFC,60,2007
WFC,68,2006
WFC,72,2004
WFC,74,2002
WFC,75,2001
WFC,77,2000
WFC,58,1998
WFC,63,1997
WFC,67,1996
WFC,75,1995
WHR,42,2026
WHR,44,2025
WHR,45,2024
WHR,41,2023
WHR,41,2022
WHR,42,2021
WHR,42,2020
WHR,43,2019
WHR,44,2018
WHR,44,2017
WHR,47,2016
WHR,57,2015
WHR,49,2014
WHR,53,2012
WHR,45,2011
WHR,48,2010
WHR,50,2009
WHR,53,2008
WHR,59,2007
WHR,60,2006
WHR,72,2004
WHR,73,2003
WHR,75,1996
WHR,76,1995
WM,40,2026
WM,50,2025
WM,44,2024
WM,38,2023
WM,53,2021
WM,44,2020
WM,45,2019
WM,46,2018
WM,47,2017
WM,49,2016
WM,48,2015
WM,49,2014
WM,45,2013
WM,47,2012
WM,47,2010
WM,48,2009
WM,50,2008
WM,46,2007
WM,52,2006
WM,48,2005
WM,51,2004
WM,55,2003
WM,71,2002
WM,72,2001
WM,90,2000
WM,90,1999
WM,90,1998
WM,82,1996
WMB,55,2026
WMB,56,2025
WMB,52,2024
WMB,58,2023
WMB,59,2022
WMB,55,2021
WMB,55,2020
WMB,52,2019
WMB,53,2018
WMB,53,2017
WMB,57,2016
WMB,56,2015
WMB,57,2014
WMB,58,2013
WMB,55,2011
WMB,56,2010
WMB,55,2009
WMB,57,2008
WMB,59,2007
WMB,68,2006
WMB,78,2003
WMB,87,1996
WMB,61,1995
WMB,88,1994
WMT,42,2025
WMT,44,2024
WMT,45,2023
WMT,46,2022
WMT,47,2021
WMT,49,2020
WMT,56,2019
WMT,58,2018
WMT,59,2017
WMT,59,2016
WMT,60,2015
WMT,49,2014
WMT,54,2013
WMT,56,2012
WMT,58,2011
WMT,58,2010
WMT,0,2009
WMT,60,2008
WMT,55,2007
WMT,57,2006
WMT,59,2005
WMT,74,2003
WMT,74,2002
WMT,77,2000
WMT,78,1999
WMT,82,1998
WMT,83,1996
WMT,86,1995
WRB,58,2026
WRB,55,2025
WRB,54,2024
WRB,55,2023
WRB,55,2022
WRB,49,2021
WRB,51,2020
WRB,53,2019
WRB,54,2018
WRB,58,2017
WRB,53,2016
WRB,58,2015
WRB,59,2014
WRB,59,2013
WRB,59,2012
WRB,59,2011
WRB,57,2010
WRB,58,2009
WRB,60,2008
WRB,60,2007
WRB,72,2006
WRB,73,2005
WRB,72,2004
WRB,87,2002
WRB,82,2001
WRB,87,2000
WRB,82,1999
WRB,86,1998
WRB,84,1997
WRB,86,1996
WSM,53,2025
WSM,52,2024
WSM,54,2023
WSM,57,2022
WSM,58,2021
WSM,54,2020
WSM,60,2019
WSM,60,2018
WSM,60,2017
WSM,60,2016
WSM,60,2015
WSM,60,2014
WSM,60,2013
WSM,60,2012
WSM,60,2011
WSM,60,2010
WSM,60,2009
WSM,60,2008
WSM,60,2007
WSM,68,2006
WSM,75,2005
WSM,74,2004
WSM,85,2002
WSM,88,2001
WSM,92,2000
WSM,80,1998
WSM,88,1997
WSM,89,1996
WSM,89,1995
WST,48,2026
WST,49,2025
WST,51,2024
WST,52,2023
WST,53,2022
WST,54,2021
WST,52,2020
WST,58,2019
WST,57,2018
WST,59,2017
WST,57,2016
WST,56,2015
WST,58,2014
WST,58,2013
WST,59,2011
WST,56,2010
WST,57,2009
WST,60,2008
WST,59,2007
WST,65,2006
WST,68,2005
WST,72,2004
WST,85,2003
WST,89,2001
WST,90,2000
WST,126,1999
WST,91,1998
WST,90,1997
WST,89,1996
WTW,56,2026
WTW,56,2025
WTW,53,2024
WTW,55,2023
WTW,55,2022
WTW,54,2021
WTW,57,2020
WTW,58,2019
WTW,60,2017
WTW,60,2016
WTW,55,2015
WTW,60,2012
WTW,57,2011
WTW,58,2010
WTW,58,2009
WTW,58,2008
WTW,59,2007
WTW,61,2006
WTW,67,2005
WTW,75,2004
WTW,85,2003
WU,51,2026
WU,51,2025
WU,53,2024
WU,54,2023
WU,55,2022
WU,50,2021
WU,51,2020
WU,52,2019
WU,53,2018
WU,53,2017
WU,50,2016
WU,51,2015
WU,55,2014
WU,53,2013
WU,55,2012
WU,56,2011
WU,57,2010
WU,49,2009
WU,57,2008
WU,58,2007
WY,44,2026
WY,45,2025
WY,47,2024
WY,48,2023
WY,49,2022
WY,50,2021
WY,45,2020
WY,46,2019
WY,47,2018
WY,55,2017
WY,48,2016
WY,49,2014
WY,50,2013
WY,53,2012
WY,56,2011
WY,56,2010
WY,57,2009
WY,60,2008
WY,59,2006
WY,67,2005
WY,68,2004
WY,66,2003
WY,75,2001
WY,75,1999
WY,75,1998
WY,75,1997
WY,75,1996
WY,75,1995
WY,75,1994
WYNN,44,2025
WYNN,54,2024
WYNN,58,2023
WYNN,59,2022
WYNN,57,2021
WYNN,59,2020
WYNN,59,2019
WYNN,59,2018
WYNN,55,2017
WYNN,60,2016
WYNN,58,2015
WYNN,59,2014
WYNN,60,2013
WYNN,60,2011
WYNN,58,2010
WYNN,59,2009
WYNN,53,2008
WYNN,60,2007
WYNN,74,2005
WYNN,73,2004
XEL,56,2026
XEL,58,2025
XEL,52,2024
XEL,54,2023
XEL,54,2022
XEL,48,2021
XEL,52,2020
XEL,53,2019
XEL,54,2018
XEL,55,2017
XEL,50,2016
XEL,51,2015
XEL,52,2014
XEL,53,2013
XEL,55,2012
XEL,59,2011
XEL,57,2010
XEL,58,2009
XEL,51,2008
XEL,54,2007
XEL,55,2006
XEL,62,2005
XEL,75,2004
XEL,90,2003
XEL,88,2002
XEL,88,1999
XEL,86,1997
XEL,89,1996
XEL,87,1995
XEL,84,1994
XOM,49,2026
XOM,50,2025
XOM,59,2024
XOM,53,2023
XOM,54,2022
XOM,55,2021
XOM,57,2020
XOM,58,2019
XOM,59,2018
XOM,53,2017
XOM,55,2016
XOM,56,2015
XOM,57,2014
XOM,58,2013
XOM,55,2012
XOM,57,2010
XOM,58,2009
XOM,59,2008
XOM,59,2007
XOM,59,2006
XOM,59,2005
XOM,75,2004
XOM,85,2003
XOM,86,2002
XOM,87,2001
XOM,83,2000
XOM,89,1999
XOM,68,1996
XOM,69,1995
XOM,70,1994
XRAY,57,2026
XRAY,58,2025
XRAY,60,2024
XRAY,60,2021
XRAY,62,2020
XRAY,67,2019
XRAY,74,2018
XRAY,60,2017
XRAY,43,2016
XRAY,51,2015
XRAY,51,2014
XRAY,51,2013
XRAY,55,2012
XRAY,49,2011
XRAY,53,2010
XRAY,53,2008
XRAY,54,2007
XRAY,75,2005
XRAY,75,2004
XRAY,87,2003
XRAY,88,2002
XRAY,79,2001
XRAY,90,2000
XRAY,89,1999
XRX,55,2025
XRX,54,2024
XRX,54,2023
XRX,54,2022
XRX,56,2021
XRX,59,2020
XYL,56,2026
XYL,62,2025
XYL,59,2024
XYL,55,2023
XYL,56,2022
XYL,57,2021
XYL,59,2020
XYL,53,2019
XYL,54,2018
XYL,54,2017
XYL,57,2016
XYL,57,2015
XYL,58,2014
XYL,56,2013
XYL,59,2012
XYZ,57,2026
XYZ,55,2025
XYZ,53,2024
XYZ,54,2023
XYZ,55,2022
XYZ,54,2021
XYZ,57,2020
XYZ,58,2019
XYZ,58,2018
XYZ,55,2017
XYZ,70,2016
YUM,51,2026
YUM,50,2025
YUM,51,2024
YUM,55,2023
YUM,53,2022
YUM,50,2021
YUM,51,2020
YUM,52,2019
YUM,52,2018
YUM,53,2017
YUM,52,2016
YUM,52,2015
YUM,52,2014
YUM,52,2013
YUM,52,2012
YUM,52,2011
YUM,53,2010
YUM,58,2009
YUM,28,2008
YUM,59,2007
YUM,1,2006
YUM,65,2005
YUM,69,2004
YUM,73,2003
YUM,72,2002
YUM,72,2000
YUM,89,1998
ZBH,50,2026
ZBH,56,2025
ZBH,54,2024
ZBH,55,2023
ZBH,56,2022
ZBH,53,2021
ZBH,52,2020
ZBH,57,2019
ZBH,58,2018
ZBH,60,2017
ZBH,60,2016
ZBH,54,2015
ZBH,59,2014
ZBH,58,2013
ZBH,55,2012
ZBH,56,2011
ZBH,56,2010
ZBH,58,2009
ZBH,60,2008
ZBH,59,2007
ZBH,61,2006
ZBH,70,2005
ZBH,75,2004
ZBH,71,2003
ZBRA,43,2026
ZBRA,44,2025
ZBRA,46,2024
ZBRA,47,2023
ZBRA,41,2022
ZBRA,42,2021
ZBRA,44,2020
ZBRA,45,2019
ZBRA,53,2018
ZBRA,58,2017
ZBRA,76,2015
ZBRA,51,2014
ZBRA,52,2013
ZBRA,54,2012
ZBRA,55,2011
ZBRA,54,2010
ZBRA,58,2009
ZBRA,60,2008
ZBRA,60,2007
ZBRA,59,2006
ZBRA,62,2005
ZBRA,58,2004
ZBRA,63,2003
ZBRA,79,2001
ZBRA,69,2000
ZBRA,90,1999
ZBRA,85,1998
ZBRA,90,1997
ZION,55,2026
ZION,56,2025
ZION,54,2024
ZION,54,2023
ZION,56,2022
ZION,56,2021
ZION,57,2020
ZION,57,2019
ZION,59,2018
ZION,58,2017
ZION,60,2016
ZION,58,2015
ZION,62,2014
ZION,59,2013
ZION,60,2012
ZION,60,2011
ZION,60,2010
ZION,58,2009
ZION,60,2007
ZION,74,2006
ZION,62,2005
ZION,75,2004
ZION,79,2003
ZION,85,2002
ZION,92,2001
ZION,90,2000
ZION,86,1998
ZION,85,1997
ZION,82,1996
ZION,87,1995
ZION,88,1994
ZTS,43,2026
ZTS,44,2025
ZTS,44,2024
ZTS,45,2023
ZTS,46,2022
ZTS,47,2021
ZTS,44,2020
ZTS,45,2019
ZTS,46,2018
ZTS,47,2017
ZTS,55,2016
ZTS,58,2015
ZTS,85,2014
ZTS,87,2013
