date,strategy,spy
2008-02-26,499455075.00,500000000.00
2008-02-27,499403305.40,499494139.48
2008-02-28,497066075.09,494615654.20
2008-02-29,491937666.87,483593878.33
2008-03-03,491196631.62,482437345.18
2008-03-04,490237102.98,480594177.04
2008-03-05,491205655.08,483629763.70
2008-03-06,486555198.03,473619593.35
2008-03-07,484364868.12,468741146.57
2008-03-10,481188663.35,462561624.08
2008-03-11,489019423.65,479185021.66
2008-03-12,487015802.83,474703855.21
2008-03-13,486474285.07,475751615.63
2008-03-14,482873047.63,468379559.11
2008-03-17,481067274.20,463645731.92
2008-03-18,490172542.67,482906973.80
2008-03-19,484956357.99,470945517.15
2008-03-20,489814557.32,479668665.59
2008-03-24,493889151.41,489256220.24
2008-03-25,493654180.11,489728467.10
2008-03-26,490970366.25,483736110.69
2008-03-27,489895126.56,482211020.92
2008-03-28,488041502.77,477598557.13
2008-03-31,489249970.74,479269383.09
2008-04-01,497419148.96,496120221.54
2008-04-02,497277278.50,496446924.73
2008-04-03,497287653.74,497681735.72
2008-04-04,498006668.79,497136871.04
2008-04-07,498138305.78,497391225.93
2008-04-08,497597770.89,496882824.18
2008-04-09,495560245.20,493287433.43
2008-04-10,495640969.89,493977418.24
2008-04-11,490936879.98,484389825.10
2008-04-14,490006728.16,482755693.09
2008-04-15,491052893.24,483881615.86
2008-04-16,497599488.66,496991558.39
2008-04-17,498062549.89,497718083.14
2008-04-18,500625859.08,502911296.98
2008-04-21,499956982.54,503165497.86
2008-04-22,498030989.94,500950346.27
2008-04-23,498626342.70,500151396.22
2008-04-24,499984251.32,502330315.91
2008-04-25,501586400.02,506978703.57
2008-04-28,501332721.99,507087745.82
2008-04-29,501334615.79,505090293.68
2008-04-30,500442008.45,502112269.92
2008-05-01,505521920.44,512499121.15
2008-05-02,506068524.46,513915207.18
2008-05-05,504304236.09,511445700.70
2008-05-06,507092935.55,515876427.42
2008-05-07,502210971.41,506688155.28
2008-05-08,502136672.30,505380880.47
2008-05-09,501296803.90,504436771.79
2008-05-12,503941547.37,510101847.46
2008-05-13,503919843.64,510174696.30
2008-05-14,505698129.24,511227770.23
2008-05-15,509077855.95,517619447.65
2008-05-16,509536494.89,518091617.51
2008-05-19,510607148.79,519507973.06
2008-05-20,508316224.16,515295215.32
2008-05-21,504358472.25,506579267.05
2008-05-22,504611941.04,506651923.38
2008-05-23,500688730.22,499860501.40
2008-05-27,502700201.74,503564857.38
2008-05-28,503449068.84,505889128.22
2008-05-29,505106748.40,508431445.04
2008-05-30,505143309.21,509702564.95
2008-06-02,501782736.29,504436771.79
2008-06-03,500556376.56,501494902.93
2008-06-04,500435662.02,501240779.06
2008-06-05,504641757.28,511264040.63
2008-06-06,496011614.26,494957951.35
2008-06-09,497306885.98,496156414.94
2008-06-10,496239383.69,493687023.97
2008-06-11,491737553.51,486423663.15
2008-06-12,492940064.39,488275725.63
2008-06-13,496732698.88,494449511.09
2008-06-16,495837262.46,494740059.39
2008-06-17,494678045.05,492343132.22
2008-06-18,491969888.79,487549508.91
2008-06-19,492282348.60,488166721.89
2008-06-20,487934457.50,480243139.56
2008-06-23,487271646.90,479768659.49
2008-06-24,486773062.92,478819506.83
2008-06-25,488071308.96,481082710.93
2008-06-26,481680851.00,468016161.97
2008-06-27,480042565.65,465461292.97
2008-06-30,480544600.74,467103857.27
2008-07-01,480608886.23,468563683.40
2008-07-02,477375947.82,460533908.09
2008-07-03,477767172.85,461008657.69
2008-07-07,475645574.33,456300127.38
2008-07-08,479580563.40,464402713.03
2008-07-09,475269626.60,455460710.02
2008-07-10,475594490.53,457322282.90
2008-07-11,472868305.46,451993459.31
2008-07-14,471576626.26,447905645.81
2008-07-15,469389449.74,441591476.16
2008-07-16,475680860.74,452431399.45
2008-07-17,477952991.75,456957114.59
2008-07-18,478733531.86,459804072.03
2008-07-21,478184180.21,460059389.52
2008-07-22,480852277.97,465278824.33
2008-07-23,482635244.32,467797307.41
2008-07-24,477871244.68,458088581.88
2008-07-25,477747763.94,457979077.60
2008-07-28,475892907.03,451263469.24
2008-07-29,480943884.43,460898960.89
2008-07-30,484861936.27,469111127.83
2008-07-31,481985559.28,462906500.97
2008-08-01,480572846.18,460461097.76
2008-08-04,479125826.09,456190738.60
2008-08-05,485240788.78,468490603.54
2008-08-06,486289994.53,470571146.48
2008-08-07,482187951.91,463563411.18
2008-08-08,488581459.87,472176862.82
2008-08-11,490830757.71,477067823.27
2008-08-12,488356867.09,472103859.96
2008-08-13,487125795.24,469257210.55
2008-08-14,488715479.16,472797541.13
2008-08-15,489884942.83,475096630.60
2008-08-18,487052813.78,468600184.83
2008-08-19,484423774.31,463490331.32
2008-08-20,485251102.13,465643877.12
2008-08-21,485562709.92,466446562.02
2008-08-22,488637816.87,473198864.33
2008-08-25,483833538.90,463599835.60
2008-08-26,484230045.29,464950349.97
2008-08-27,486448351.59,469476142.12
2008-08-28,489133003.98,475169594.96
2008-08-29,486100412.57,470060049.47
2008-09-02,484794220.13,467140281.69
2008-09-03,484565861.24,466738650.46
2008-09-04,478389348.93,452686986.46
2008-09-05,479958197.77,454110349.67
2008-09-08,484948752.24,463490331.32
2008-09-09,478876662.31,449730640.25
2008-09-10,479515194.73,451555403.66
2008-09-11,483002698.72,458088581.88
2008-09-12,483555750.59,460205433.74
2008-09-15,474220360.42,438306578.58
2008-09-16,478011573.78,445642595.72
2008-09-17,467946622.93,425605274.93
2008-09-18,474390747.28,438233652.73
2008-09-19,483290250.73,455637672.65
2008-09-22,476564678.46,445322130.12
2008-09-23,471948537.58,435190403.85
2008-09-24,472319623.07,436585466.90
2008-09-25,476143760.60,443413159.29
2008-09-26,476288694.00,443633592.50
2008-09-29,460107416.04,408869716.31
2008-09-30,467718562.62,425792749.05
2008-10-01,467590467.81,426049837.70
2008-10-02,459306239.30,410594986.38
2008-10-03,455740561.37,405052005.68
2008-10-06,444294702.95,384421305.65
2008-10-07,434125235.02,367204528.83
2008-10-08,430777005.61,357953765.32
2008-10-09,412970611.29,332954406.40
2008-10-10,409338117.88,324878542.27
2008-10-13,432381196.97,372050055.01
2008-10-14,428918033.36,366543845.26
2008-10-15,408993920.20,330458293.92
2008-10-16,418672469.12,344224338.09
2008-10-17,419488143.18,342168783.99
2008-10-20,431111980.59,362726057.62
2008-10-21,425063435.31,351896761.33
2008-10-22,414940370.18,332734435.24
2008-10-23,417029483.27,336588878.32
2008-10-24,407166141.49,319518896.54
2008-10-27,401529752.76,308175596.21
2008-10-28,423840172.29,344187682.65
2008-10-29,422766972.45,341691531.66
2008-10-30,429258499.10,353511949.56
2008-10-31,432561410.40,355457537.33
2008-11-03,433026670.72,356485237.37
2008-11-04,439856076.04,368599437.86
2008-11-05,429851561.16,353108162.13
2008-11-06,418648654.19,333542087.11
2008-11-07,424937065.53,344554737.63
2008-11-10,422517023.22,340039495.47
2008-11-11,416673457.86,329540598.71
2008-11-12,409139093.41,315040348.33
2008-11-13,421400196.11,334679907.50
2008-11-14,411161908.89,317977173.21
2008-11-17,408569716.62,313755694.40
2008-11-18,412979024.43,319665961.10
2008-11-19,402214736.74,299181921.35
2008-11-20,390219308.05,276972861.80
2008-11-21,405844577.01,291913458.81
2008-11-24,418319799.38,312140409.91
2008-11-25,417445810.41,314452994.90
2008-11-26,430850010.35,326603889.34
2008-11-28,434343987.09,330715382.57
2008-12-01,398276640.68,301421214.71
2008-12-02,410216344.08,313021372.66
2008-12-03,425310138.55,320546827.60
2008-12-04,414099185.61,313131531.51
2008-12-05,432005995.09,322786294.22
2008-12-08,443914775.10,334055994.89
2008-12-09,435952033.21,328549438.61
2008-12-10,437996763.70,330788693.46
2008-12-11,428249783.62,322822776.40
2008-12-12,435859769.45,326677200.23
2008-12-15,426894059.81,322125225.62
2008-12-16,449017528.91,337286332.84
2008-12-17,447604204.63,334019146.92
2008-12-18,437216165.06,327778634.70
2008-12-19,438168462.50,326368670.75
2008-12-22,430261256.10,322186715.90
2008-12-23,426059348.22,318856037.52
2008-12-24,428367951.24,320706290.33
2008-12-26,428748694.34,322556870.42
2008-12-29,425636385.99,321631705.51
2008-12-30,440234779.86,329255209.91
2008-12-31,445308823.44,333954999.90
2009-01-02,455760601.23,344021116.00
2009-01-05,454980551.60,343614132.77
2009-01-06,461643825.96,345908563.30
2009-01-07,449040693.93,335546315.89
2009-01-08,450783449.71,336915735.53
2009-01-09,442890425.14,329699310.62
2009-01-12,436505430.50,321779694.16
2009-01-13,434868229.41,322371802.78
2009-01-14,420933068.84,312231894.50
2009-01-15,424043528.38,312342861.93
2009-01-16,430234630.68,314785165.60
2009-01-20,411062881.80,298168929.69
2009-01-21,420770231.80,311047542.50
2009-01-22,417355415.15,306236457.80
2009-01-23,414988144.47,307568875.46
2009-01-26,414484645.12,309678276.87
2009-01-27,421041768.89,312823733.60
2009-01-28,432323872.76,323408166.14
2009-01-29,419754400.78,312897910.82
2009-01-30,416553804.59,306532608.37
2009-02-02,418565803.55,305607481.96
2009-02-03,429638106.97,309900288.72
2009-02-04,428813829.94,308383092.20
2009-02-05,440796583.16,312971741.50
2009-02-06,452332689.93,321890642.34
2009-02-09,453120617.98,322334839.31
2009-02-10,431577996.69,307568875.46
2009-02-11,433598769.93,309382126.30
2009-02-12,438553469.01,309604292.17
2009-02-13,436963500.09,306273575.28
2009-02-17,417378624.56,293172969.88
2009-02-18,415291880.13,292469739.81
2009-02-19,408726161.96,289324109.82
2009-02-20,404466245.64,286511690.12
2009-02-23,388284137.58,276260679.65
2009-02-24,404045290.44,286733586.47
2009-02-25,399884022.40,284476273.42
2009-02-26,388729626.33,279850275.61
2009-02-27,381135072.93,273595844.32
2009-03-02,355775053.24,261272434.42
2009-03-03,359221185.24,259311156.43
2009-03-04,373240264.86,265454427.77
2009-03-05,358570276.83,254611231.67
2009-03-06,357667305.44,255055197.63
2009-03-09,355061553.25,252057671.80
2009-03-10,383487913.71,267082687.98
2009-03-11,387786434.51,268822127.38
2009-03-12,401809994.49,279406271.15
2009-03-13,402638478.75,281589657.25
2009-03-16,396682116.06,280738534.80
2009-03-17,406381646.64,289324109.82
2009-03-18,417777964.68,295800418.20
2009-03-19,415525851.82,292136779.79
2009-03-20,406176705.79,285915846.65
2009-03-23,443961408.01,306453079.15
2009-03-24,435761370.64,300414961.18
2009-03-25,444460832.58,303583173.55
2009-03-26,463059317.23,309770185.00
2009-03-27,451528334.68,304179325.05
2009-03-30,432344555.05,293668626.94
2009-03-31,440233777.59,296389504.28
2009-04-01,443557552.87,302129296.22
2009-04-02,461197074.29,310963027.06
2009-04-03,466150701.13,314056465.40
2009-04-06,460441941.06,311596584.82
2009-04-07,448132656.68,304328468.81
2009-04-08,455565486.56,307608495.68
2009-04-09,477622407.70,319833740.61
2009-04-13,476381399.25,319908264.36
2009-04-14,466796300.55,314392062.93
2009-04-15,470328260.50,317746421.03
2009-04-16,478304724.80,322405570.46
2009-04-17,483254055.75,324567587.05
2009-04-20,459071066.97,310963027.06
2009-04-21,469743269.91,317038204.75
2009-04-22,471721718.96,315100221.45
2009-04-23,477201451.24,318193717.55
2009-04-24,491884830.08,323001837.47
2009-04-27,487059557.96,319945709.13
2009-04-28,481869267.64,318939205.33
2009-04-29,494817658.98,325722849.58
2009-04-30,508377799.08,325834702.59
2009-05-01,511444442.66,327586270.63
2009-05-04,529941863.03,338730757.53
2009-05-05,522349226.31,337575379.49
2009-05-06,532166917.07,343427120.70
2009-05-07,521067944.56,338656407.04
2009-05-08,530858972.64,346558003.81
2009-05-11,523556649.43,340072493.07
2009-05-12,522295839.39,339066239.54
2009-05-13,496997205.20,330530950.25
2009-05-14,500905043.43,333363738.36
2009-05-15,496074247.80,330642649.24
2009-05-18,515463557.19,340035414.09
2009-05-19,517933048.36,339625427.57
2009-05-20,521346452.84,337351750.49
2009-05-21,508864469.10,332506378.32
2009-05-22,509162549.98,331798027.27
2009-05-26,522411610.70,340296237.59
2009-05-27,513828629.24,334220828.87
2009-05-28,521923219.98,338879920.54
2009-05-29,531985458.17,344880824.76
2009-06-01,549123320.15,353229679.54
2009-06-02,553193545.79,353528005.57
2009-06-03,544005893.84,349055271.40
2009-06-04,551892005.73,352335202.02
2009-06-05,555096480.98,352409668.01
2009-06-08,551889622.56,350956271.98
2009-06-09,561309885.87,352745304.04
2009-06-10,558532567.24,351850595.49
2009-06-11,561079301.66,353416075.55
2009-06-12,557677203.94,354385096.08
2009-06-15,538790419.82,346259870.31
2009-06-16,530586295.81,341563507.13
2009-06-17,527719471.57,341228063.62
2009-06-18,532523005.07,343725292.71
2009-06-19,536411642.06,344992177.22
2009-06-22,506875710.94,334647063.91
2009-06-23,510247160.23,334909389.05
2009-06-24,515154605.55,337795620.18
2009-06-25,523813307.76,345142071.80
2009-06-26,523978006.44,344242588.80
2009-06-29,523353779.79,347466304.14
2009-06-30,520388786.94,344654962.54
2009-07-01,508809925.52,346079326.85
2009-07-02,495198454.14,336633658.03
2009-07-06,489882403.24,336596078.50
2009-07-07,474436356.12,330074181.84
2009-07-08,474572252.09,329849166.70
2009-07-09,477245168.87,330486440.07
2009-07-10,474663406.05,329699310.62
2009-07-13,488737832.14,337720615.14
2009-07-14,489336987.32,339632165.71
2009-07-15,507964806.87,349565251.81
2009-07-16,514098915.64,349002983.49
2009-07-17,513941986.08,352826200.14
2009-07-20,523814441.93,356574488.75
2009-07-21,528343524.53,358223829.69
2009-07-22,525529529.73,358148863.15
2009-07-23,543088524.21,366057621.59
2009-07-24,545076649.99,367556952.43
2009-07-27,546354592.88,368643948.04
2009-07-28,543125957.73,366919640.56
2009-07-29,538422581.61,366020157.57
2009-07-30,545874296.03,369843489.73
2009-07-31,541780265.23,370368294.03
2009-08-03,552190696.66,376477893.96
2009-08-04,548684569.84,377452382.00
2009-08-05,544710456.63,376365424.89
2009-08-06,539608718.04,374416371.80
2009-08-07,550197641.97,379326507.05
2009-08-10,546396105.05,378539570.13
2009-08-11,538555383.46,373816562.45
2009-08-12,548818989.01,377827214.71
2009-08-13,553450253.24,380713445.84
2009-08-14,545573007.66,377789789.20
2009-08-17,527917019.04,368493976.46
2009-08-18,533146436.57,371417594.60
2009-08-19,536344479.39,374678619.93
2009-08-20,541052804.22,378539570.13
2009-08-21,547484870.53,385961103.80
2009-08-24,549377987.01,385923524.27
2009-08-25,551783480.72,386673189.69
2009-08-26,552025094.32,386710692.22
2009-08-27,554586131.74,387572903.71
2009-08-28,553085123.73,387497821.66
2009-08-31,546076366.72,384049360.71
2009-09-01,532929948.23,375578256.95
2009-09-02,530986961.26,374154008.15
2009-09-03,535690772.96,377265023.40
2009-09-04,543366105.00,382550029.87
2009-09-08,552550035.61,385848519.22
2009-09-09,558203279.80,388809716.90
2009-09-10,565510749.78,392782943.64
2009-09-11,570397161.51,392707938.59
2009-09-14,572042688.74,394619489.16
2009-09-15,578419949.19,396268907.10
2009-09-16,590350294.53,402266037.97
2009-09-17,591880855.18,401666305.63
2009-09-18,591868109.31,401922393.19
2009-09-21,591006722.59,400905589.67
2009-09-22,596042493.62,403240603.02
2009-09-23,588959803.89,399888786.15
2009-09-24,578960838.94,395482355.22
2009-09-25,575005662.46,393373319.60
2009-09-28,584870281.10,400416016.18
2009-09-29,587528188.01,399210891.47
2009-09-30,585343387.76,397666665.41
2009-10-01,560528599.35,387799536.00
2009-10-02,557850608.99,385991829.69
2009-10-05,565267264.28,391753857.47
2009-10-06,574843001.93,397365451.61
2009-10-07,579673200.68,398457568.21
2009-10-08,589940276.12,401508209.78
2009-10-09,591894506.38,403956115.73
2009-10-12,592181204.61,405537882.82
2009-10-13,591251003.98,404709246.48
2009-10-14,606480140.39,411676707.00
2009-10-15,607453048.58,413183122.51
2009-10-16,601062619.44,410095093.92
2009-10-19,607077831.71,413484413.31
2009-10-20,599412194.85,411300064.62
2009-10-21,594330044.66,407609338.91
2009-10-22,601771407.85,411752097.08
2009-10-23,605732319.16,407044529.36
2009-10-26,604581577.07,402638136.92
2009-10-27,595404491.63,400792543.05
2009-10-28,583169577.65,393222654.94
2009-10-29,589024978.10,401658797.43
2009-10-30,576291913.25,390021233.20
2009-11-02,577827218.58,392883592.09
2009-11-03,580527118.41,394126565.86
2009-11-04,581393442.28,395143330.87
2009-11-05,591334632.77,402412120.69
2009-11-06,592913879.77,403466542.24
2009-11-09,606265053.81,412655969.49
2009-11-10,607579905.68,412731321.07
2009-11-11,613168815.79,414840241.18
2009-11-12,608824546.67,410622131.43
2009-11-13,617714390.25,412844213.67
2009-11-16,627663746.35,418832450.20
2009-11-17,627557853.28,419322062.20
2009-11-18,627621693.95,419058350.92
2009-11-19,617759501.76,413597498.44
2009-11-20,617285433.31,412128739.46
2009-11-23,623351897.71,417363652.72
2009-11-24,624455938.33,418003775.36
2009-11-25,633492379.68,419472572.83
2009-11-27,624008611.81,412655969.49
2009-11-30,625768339.81,414049338.38
2009-12-01,636039376.33,419171397.54
2009-12-02,642046759.95,418983076.35
2009-12-03,638471037.62,415706495.55
2009-12-04,638002771.71,418079165.44
2009-12-07,638857040.35,417438773.28
2009-12-08,632068841.79,412806557.14
2009-12-09,635924828.12,414350821.70
2009-12-10,639253711.44,416685758.04
2009-12-11,641840482.73,418455961.83
2009-12-14,649154750.14,421318051.20
2009-12-15,646706817.39,419359718.73
2009-12-16,647774513.06,419999918.37
2009-12-17,639070875.54,414953364.80
2009-12-18,638201960.93,417300814.82
2009-12-21,647505165.61,421541603.20
2009-12-22,648809503.16,423056296.99
2009-12-23,655231984.33,423889130.22
2009-12-24,657836379.17,425896131.26
2009-12-28,659551783.10,426804816.62
2009-12-29,659871332.85,426198962.20
2009-12-30,658594057.96,426047450.47
2009-12-31,650194517.89,421958135.33
2010-01-04,645962805.26,429114417.58
2010-01-05,651022382.50,430250312.78
2010-01-06,656807118.44,430553451.76
2010-01-07,657676300.00,432370822.48
2010-01-08,665950688.26,433809779.66
2010-01-11,663506927.52,434415441.55
2010-01-12,650544939.84,430364052.47
2010-01-13,656019172.84,433999024.93
2010-01-14,651244971.69,435172923.21
2010-01-15,644131015.20,430288277.35
2010-01-19,653760544.63,435665037.94
2010-01-20,641498424.94,431234965.78
2010-01-21,626875382.41,422942595.80
2010-01-22,609224205.36,413514292.12
2010-01-25,609891638.19,415634955.83
2010-01-26,608529092.74,413893129.21
2010-01-27,614160093.15,415861896.15
2010-01-28,611490769.92,411091259.50
2010-01-29,606372255.11,406623184.28
2010-02-01,614718028.93,412946594.79
2010-02-02,620965670.86,417944595.30
2010-02-03,621115009.36,415861896.15
2010-02-04,596745647.92,403026099.37
2010-02-05,600960396.36,403859048.12
2010-02-08,594617124.86,400943592.74
2010-02-09,606243904.58,405979442.30
2010-02-10,604488607.89,405184265.60
2010-02-11,617953533.26,409425246.50
2010-02-12,619313298.23,409084412.48
2010-02-16,632422140.83,415521177.64
2010-02-17,633389566.68,417490137.11
2010-02-18,641706057.71,419951480.82
2010-02-19,639359795.62,420822355.63
2010-02-22,637644013.82,420898053.74
2010-02-23,628318822.79,415786236.54
2010-02-24,635030635.84,419610569.80
2010-02-25,634425567.24,419042679.95
2010-02-26,637527405.89,419307738.85
2010-03-01,646628375.32,423661997.38
2010-03-02,645963857.76,424835934.16
2010-03-03,644894503.49,425214424.72
2010-03-04,647327585.71,426501908.66
2010-03-05,653392850.52,432597955.32
2010-03-08,654042931.37,432673537.92
2010-03-09,654793254.52,433393093.51
2010-03-10,659671254.10,435324280.93
2010-03-11,662222519.63,437141690.15
2010-03-12,660936864.64,437179577.71
2010-03-15,661466750.55,437293047.87
2010-03-16,664000074.38,440776778.13
2010-03-17,666925578.66,443389094.53
2010-03-18,667758986.08,443161961.69
2010-03-19,663244754.70,440918856.48
2010-03-22,666491267.43,443276163.42
2010-03-23,671405086.80,446393839.79
2010-03-24,667770171.41,444226702.21
2010-03-25,667595793.73,443504258.85
2010-03-26,671942098.89,443238237.36
2010-03-29,675862199.10,446051465.63
2010-03-30,676515022.52,446355875.22
2010-03-31,672346909.18,444834943.85
2010-04-01,671644797.28,447876575.58
2010-04-05,675527439.36,451526641.46
2010-04-06,675786873.85,452591227.97
2010-04-07,677435921.01,450005902.60
2010-04-08,679342194.61,451564567.52
2010-04-09,682697479.24,454530193.11
2010-04-12,684232741.04,455252328.45
2010-04-13,682921207.06,455594702.61
2010-04-14,694352384.66,460765430.34
2010-04-15,700247818.01,461145422.54
2010-04-16,686279223.95,453807711.24
2010-04-19,683770591.88,455518619.46
2010-04-20,690446381.68,459586873.13
2010-04-21,687904806.78,458750305.04
2010-04-22,691896884.24,460119070.13
2010-04-23,693009038.52,463122698.78
2010-04-26,692263919.32,461373710.48
2010-04-27,675483685.65,450461939.44
2010-04-28,679155072.15,453883755.89
2010-04-29,696419252.15,459510789.98
2010-04-30,683629876.26,451716618.31
2010-05-03,692128498.20,457571824.84
2010-05-04,674095890.87,446812104.58
2010-05-05,665790287.38,444150580.56
2010-05-06,639284907.05,429398997.81
2010-05-07,629273711.50,423011555.78
2010-05-10,656268190.97,441641222.83
2010-05-11,646621586.61,440386697.99
2010-05-12,656399064.31,446545967.58
2010-05-13,646362398.92,440994939.62
2010-05-14,634957833.57,433010675.59
2010-05-17,631415568.58,433238809.52
2010-05-18,622282922.44,427345638.42
2010-05-19,619830601.60,424912402.35
2010-05-20,600032777.07,408867906.64
2010-05-21,612975784.46,414837083.88
2010-05-24,605816895.41,409514343.87
2010-05-25,610695721.86,409932570.16
2010-05-26,604861075.27,407461177.00
2010-05-27,624981005.01,421110439.69
2010-05-28,615657759.73,415825741.25
2010-06-01,602398516.59,408829942.08
2010-06-02,618694475.19,419475691.63
2010-06-03,619604770.60,420920231.83
2010-06-04,596641267.49,406130530.50
2010-06-07,586849847.08,401073888.98
2010-06-08,592211292.19,405370199.57
2010-06-09,590852605.57,403202984.99
2010-06-10,608899642.20,414989250.18
2010-06-11,613265974.27,417004298.47
2010-06-14,612590155.55,416357938.25
2010-06-15,630546903.44,425824745.55
2010-06-16,633330743.61,425672925.79
2010-06-17,632953169.75,426357212.07
2010-06-18,632296919.65,426819525.00
2010-06-21,628337170.50,425597035.16
2010-06-22,617853620.90,418568122.87
2010-06-23,618461634.46,417269164.85
2010-06-24,607891206.54,410354877.83
2010-06-25,614332653.52,412073833.30
2010-06-28,608845285.86,410774913.78
2010-06-29,589145871.76,398092168.88
2010-06-30,583976929.84,394310420.63
2010-07-01,586505324.84,392553231.06
2010-07-02,585133930.51,390414047.11
2010-07-06,586919234.42,392973459.53
2010-07-07,605805331.64,405350601.23
2010-07-08,615120962.49,409361600.02
2010-07-09,620610605.11,412417786.11
2010-07-12,619619080.17,412685116.73
2010-07-13,632004911.39,418911998.67
2010-07-14,633050069.19,418873687.58
2010-07-15,634985147.46,418988274.34
2010-07-16,619411042.34,407451589.59
2010-07-19,622862565.22,409858181.17
2010-07-20,633051392.66,414404033.70
2010-07-21,625970299.89,409017955.24
2010-07-22,639942267.72,418147778.88
2010-07-23,645287700.72,421776975.81
2010-07-26,652233986.28,426170007.48
2010-07-27,645360686.64,426131850.40
2010-07-28,645661878.94,423381383.02
2010-07-29,645632098.82,421318513.24
2010-07-30,642519330.04,421242276.08
2010-08-02,652579420.61,430754094.11
2010-08-03,648501219.59,428691301.33
2010-08-04,666307385.16,431556162.95
2010-08-05,667094905.16,431097931.41
2010-08-06,665289567.65,429340741.84
2010-08-09,667152104.54,431632708.14
2010-08-10,662771160.79,429302392.24
2010-08-11,648277992.53,417536764.99
2010-08-12,648848596.45,414977160.04
2010-08-13,646945096.75,413754708.70
2010-08-16,647443066.39,413563807.77
2010-08-17,657367185.91,418644398.54
2010-08-18,657895955.10,419408387.30
2010-08-19,649541224.40,412112144.40
2010-08-20,651396611.52,410774913.78
2010-08-23,650515004.66,409208702.16
2010-08-24,640552962.25,403134833.58
2010-08-25,642816715.07,404701045.21
2010-08-26,639186485.94,401988965.94
2010-08-27,650645514.85,408215616.87
2010-08-30,639554009.13,402294453.64
2010-08-31,640288081.08,402294453.64
2010-09-01,657514289.68,414327758.04
2010-09-02,666781259.74,418186051.48
2010-09-03,674576199.35,423610595.06
2010-09-07,667073354.32,418835414.98
2010-09-08,676270834.09,421776975.81
2010-09-09,676142670.67,423725335.83
2010-09-10,680791127.42,425864596.79
2010-09-13,690102670.71,430601311.76
2010-09-14,693327740.05,430333942.64
2010-09-15,694059799.26,431976545.44
2010-09-16,697086632.32,431861843.17
2010-09-17,699416180.25,432023288.84
2010-09-20,709450281.44,438629161.88
2010-09-21,704615181.45,437745657.89
2010-09-22,703854048.98,435594845.84
2010-09-23,697056387.96,432061638.44
2010-09-24,713327238.10,440971837.45
2010-09-27,711721342.40,438859452.02
2010-09-28,717879158.92,440395746.34
2010-09-29,716178347.18,439627483.67
2010-09-30,712370989.99,438321710.50
2010-10-01,704547412.56,440165379.20
2010-10-04,698289254.30,436862269.40
2010-10-05,712353128.46,445657265.60
2010-10-06,709789217.34,445618838.99
2010-10-07,711149402.90,445081058.97
2010-10-08,718917399.02,447577517.98
2010-10-11,720023038.17,448000056.68
2010-10-12,722263361.27,449382606.05
2010-10-13,727562310.70,452877463.86
2010-10-14,728009899.59,451110956.41
2010-10-15,732741394.00,452032540.48
2010-10-18,734933138.73,454260013.23
2010-10-19,722209946.05,448307200.03
2010-10-20,731077688.75,452685484.82
2010-10-21,731677180.81,453683999.12
2010-10-22,736802576.14,454528999.50
2010-10-25,739666802.12,455873314.78
2010-10-26,751584233.18,455949936.98
2010-10-27,750074467.90,454644163.82
2010-10-28,748527179.26,454720901.53
2010-10-29,749666575.08,455066625.50
2010-11-01,745718334.15,455220216.43
2010-11-02,753248539.42,458830354.06
2010-11-03,751085882.14,460673637.72
2010-11-04,761973803.07,469545525.64
2010-11-05,766875515.06,471312148.59
2010-11-08,766997505.01,470428683.10
2010-11-09,770952350.70,467048989.62
2010-11-10,776482197.20,468930930.90
2010-11-11,777092934.31,467164500.47
2010-11-12,764758739.56,461633879.42
2010-11-15,764957857.74,460981050.60
2010-11-16,749174791.75,453799201.94
2010-11-17,750268042.04,454029800.11
2010-11-18,762660305.60,460712256.85
2010-11-19,763690857.37,461979487.89
2010-11-22,766685804.25,461595491.32
2010-11-23,757305055.64,454912919.06
2010-11-24,770424619.09,461633879.42
2010-11-26,766248422.99,456257118.84
2010-11-29,763413264.20,457639745.22
2010-11-30,760832746.41,455066625.50
2010-12-01,774245022.37,464744740.66
2010-12-02,782780599.18,470697592.36
2010-12-03,787441140.07,471964900.41
2010-12-06,785894301.23,471465739.52
2010-12-07,783432429.77,471734687.28
2010-12-08,787893064.81,473462729.62
2010-12-09,789684954.65,475306436.81
2010-12-10,796813567.90,478071535.56
2010-12-13,794213749.95,478378755.92
2010-12-14,793035388.92,478801179.10
2010-12-15,790570237.25,476612132.97
2010-12-16,796089167.55,479377193.21
2010-12-17,797588691.01,479890831.46
2010-12-20,799435179.15,481048943.26
2010-12-21,804440033.73,484098930.27
2010-12-22,804643442.44,485604652.72
2010-12-23,805097677.82,484909854.95
2010-12-27,802468325.29,485102604.05
2010-12-28,800424469.98,485797671.35
2010-12-29,803141118.66,486145050.98
2010-12-30,805202254.12,485372899.44
2010-12-31,801167213.63,485488910.84
2011-01-03,795029990.45,490507741.81
2011-01-04,784840920.26,490237561.93
2011-01-05,793401586.36,492785615.79
2011-01-06,798970415.11,491820522.63
2011-01-07,797364516.67,490855236.95
2011-01-10,797817878.72,490237561.93
2011-01-11,796630638.38,491974883.63
2011-01-12,805938273.39,496414774.21
2011-01-13,806468087.91,495603965.04
2011-01-14,810264726.30,499194465.83
2011-01-18,816789679.77,500044086.64
2011-01-19,803479247.32,495140612.51
2011-01-20,800387051.82,494484472.38
2011-01-21,798785740.97,495603965.04
2011-01-24,804483530.12,498422429.80
2011-01-25,801113205.57,498692725.20
2011-01-26,808150106.56,500622911.52
2011-01-27,812821005.40,501858415.58
2011-01-28,797414915.19,493094607.31
2011-01-31,807799715.86,496801003.99
2011-02-01,817307995.78,504753926.08
2011-02-02,821816381.58,503788832.92
2011-02-03,821841604.14,504908518.10
2011-02-04,822461160.37,506336771.27
2011-02-07,829576164.70,509502577.16
2011-02-08,834168441.46,511819224.29
2011-02-09,836357407.75,510660881.47
2011-02-10,837620277.40,510853630.58
2011-02-11,843010461.69,513903887.12
2011-02-14,845352423.65,515139391.18
2011-02-15,837577005.01,513517888.36
2011-02-16,840607518.87,516760816.99
2011-02-17,840181198.49,518305158.57
2011-02-18,836414782.43,519386070.61
2011-02-22,817821611.00,508962140.39
2011-02-23,810593910.52,505834953.63
2011-02-24,818515383.03,505487535.49
2011-02-25,824561145.04,510892480.73
2011-02-28,825061791.10,514058479.14
2011-03-01,814255166.46,505487535.49
2011-03-02,816064774.38,506568755.56
2011-03-03,829800071.97,515293752.18
2011-03-04,826326179.09,511433148.52
2011-03-07,819815103.97,507417721.81
2011-03-08,827759854.02,511857843.41
2011-03-09,827794361.89,511124118.49
2011-03-10,817985111.71,501665396.95
2011-03-11,820471374.53,505140078.85
2011-03-14,816408855.12,502090130.34
2011-03-15,811668409.19,496337497.45
2011-03-16,798268993.65,487149071.30
2011-03-17,801821394.79,493596386.45
2011-03-18,803883962.63,495391694.60
2011-03-21,813157495.73,503069161.81
2011-03-22,810347013.35,501324216.40
2011-03-23,818297180.41,502759053.68
2011-03-24,822490247.54,507567115.85
2011-03-25,830710143.96,509118041.54
2011-03-28,827632184.12,507877339.49
2011-03-29,835526059.58,511289453.02
2011-03-30,843465661.30,514817962.98
2011-03-31,845995394.27,514120046.42
2011-04-01,844001370.94,516291457.90
2011-04-04,844665683.64,516718000.97
2011-04-05,845365041.24,516640531.69
2011-04-06,842680892.43,518269042.18
2011-04-07,841032583.93,516950909.35
2011-04-08,836534010.56,515166959.77
2011-04-11,836159098.97,513615918.57
2011-04-12,835886858.50,509777223.46
2011-04-13,842848538.22,509738527.33
2011-04-14,839924318.75,510126143.24
2011-04-15,840565130.35,511987446.59
2011-04-18,835071676.40,506248674.99
2011-04-19,838751008.56,509156930.19
2011-04-20,853447520.18,516097669.20
2011-04-21,858522489.98,518734281.38
2011-04-25,855582407.49,518191495.89
2011-04-26,859634659.57,522650599.77
2011-04-27,869175006.26,526062905.82
2011-04-28,876964959.10,527769039.60
2011-04-29,874343223.43,529009895.66
2011-05-02,873365067.76,528195390.15
2011-05-03,868053592.67,526295621.68
2011-05-04,861932831.99,522805769.35
2011-05-05,864943368.59,518075137.96
2011-05-06,865211353.85,520362868.87
2011-05-09,871801089.12,522379187.78
2011-05-10,879381209.17,526838368.67
2011-05-11,870169139.44,521293501.29
2011-05-12,879055164.18,523775059.41
2011-05-13,871888300.13,519742421.58
2011-05-16,862048726.08,516446627.48
2011-05-17,864416047.59,516369004.19
2011-05-18,875871279.55,520983547.17
2011-05-19,877454432.37,522224133.71
2011-05-20,872499400.31,518075137.96
2011-05-23,860509389.76,512065031.38
2011-05-24,864031828.67,511638565.32
2011-05-25,869934494.16,513344583.58
2011-05-26,878529874.10,515709860.77
2011-05-27,879787186.00,517687406.54
2011-05-31,890090904.87,523077142.84
2011-06-01,873468862.32,511328418.68
2011-06-02,871097706.83,510785363.67
2011-06-03,861517157.20,505705889.51
2011-06-06,852521528.47,500354849.33
2011-06-07,855403850.00,500044818.21
2011-06-08,849014222.21,497950721.99
2011-06-09,859220776.34,501750836.47
2011-06-10,848702174.02,494771208.81
2011-06-13,847255814.19,495158940.24
2011-06-14,858390805.03,501440651.33
2011-06-15,841022738.42,492522366.56
2011-06-16,836770475.99,493608053.05
2011-06-17,837139324.35,495080777.89
2011-06-20,843510142.77,497613815.34
2011-06-21,859049066.89,504433075.44
2011-06-22,853577272.85,501393599.91
2011-06-23,858749545.67,499951947.49
2011-06-24,847942993.15,494145910.07
2011-06-27,856817548.35,498549106.70
2011-06-28,872839771.76,505056718.52
2011-06-29,877801233.43,509382022.34
2011-06-30,889515895.09,514253037.92
2011-07-01,894004837.52,521851842.24
2011-07-05,898396006.67,521422911.95
2011-07-06,902719742.19,522046401.02
2011-07-07,911237918.32,527462974.34
2011-07-08,910365063.44,523722078.43
2011-07-11,891601824.49,514253037.92
2011-07-12,884043288.26,512031956.77
2011-07-13,887179671.70,513746368.82
2011-07-14,879304785.21,510200339.71
2011-07-15,880815177.31,513161922.42
2011-07-18,871564887.46,508953284.56
2011-07-19,892617794.63,517214466.61
2011-07-20,885195520.62,516902741.33
2011-07-21,891865292.25,524072692.36
2011-07-22,892195251.16,524423460.32
2011-07-25,890685698.06,521500881.77
2011-07-26,893733933.14,519552598.75
2011-07-27,871256451.22,508914395.91
2011-07-28,869678712.37,507433585.30
2011-07-29,871966283.59,503965526.02
2011-08-01,868284943.56,501822299.18
2011-08-02,840088501.59,489002019.36
2011-08-03,854124659.75,491651838.28
2011-08-04,810914537.77,468622247.41
2011-08-05,817713744.13,467920673.00
2011-08-08,762502396.46,437448294.46
2011-08-09,797566355.31,457789177.76
2011-08-10,769936448.93,437565114.43
2011-08-11,794218859.00,457204731.36
2011-08-12,803158528.78,460283249.55
2011-08-15,815288679.70,470024934.17
2011-08-16,802508075.62,466011240.13
2011-08-17,797712723.65,466323042.42
2011-08-18,755759750.11,446215722.06
2011-08-19,741261078.64,438929066.56
2011-08-22,746471928.06,439279526.48
2011-08-23,778839125.60,453736710.57
2011-08-24,793300473.29,460127117.38
2011-08-25,780254051.25,453113144.50
2011-08-26,802023803.09,459698687.64
2011-08-29,822220062.92,472908470.05
2011-08-30,830894856.06,474155525.20
2011-08-31,831222887.76,476259709.36
2011-09-01,821772988.75,471271912.31
2011-09-02,802339202.71,459230907.19
2011-09-06,801273112.72,455879821.89
2011-09-07,819936917.28,468738951.87
2011-09-08,816483683.86,463868128.81
2011-09-09,794078147.67,451710072.69
2011-09-12,800182336.21,454632766.75
2011-09-13,811144053.76,458802400.44
2011-09-14,822418588.10,465154188.12
2011-09-15,832524830.99,473181306.68
2011-09-16,839559023.69,475981828.76
2011-09-19,840365895.75,471242457.05
2011-09-20,834319419.58,470694050.03
2011-09-21,813648268.10,456828281.49
2011-09-22,782318568.63,442061528.32
2011-09-23,794178513.37,444725016.02
2011-09-26,807855331.53,455300534.98
2011-09-27,815007061.30,460392753.83
2011-09-28,796044659.12,450992095.75
2011-09-29,787641695.44,454556375.57
2011-09-30,769061400.41,443197385.02
2011-10-03,745511936.68,430584909.22
2011-10-04,765562890.80,440024609.97
2011-10-05,772927029.38,448171936.82
2011-10-06,796162093.40,456279912.98
2011-10-07,789397638.81,453224727.98
2011-10-10,815770935.51,468383139.94
2011-10-11,813658253.31,468853038.09
2011-10-12,819657873.51,472965955.95
2011-10-13,820057053.86,472025813.13
2011-10-14,831653431.45,480094631.11
2011-10-17,817491489.40,470929037.60
2011-10-18,832183839.58,480133827.79
2011-10-19,824528893.48,474454197.75
2011-10-20,821322971.94,476530274.28
2011-10-21,841625334.05,485578316.24
2011-10-24,859033720.80,491532092.03
2011-10-25,836927246.10,481974839.73
2011-10-26,840385469.78,486870921.17
2011-10-27,875304615.48,503831032.88
2011-10-28,874750832.11,503713596.85
2011-10-31,857651705.13,491571250.21
2011-11-01,833240392.95,477862037.38
2011-11-02,842718047.02,485656709.61
2011-11-03,857455693.22,494508806.66
2011-11-04,855487517.88,491492818.34
2011-11-07,857656235.32,494548041.85
2011-11-08,875551811.07,500893437.93
2011-11-09,845146910.31,482405502.69
2011-11-10,848257894.80,486949276.03
2011-11-11,866040387.49,496114561.51
2011-11-14,859282118.04,491414540.49
2011-11-15,868778353.02,493843079.13
2011-11-16,848755694.32,486009364.23
2011-11-17,833996233.22,478292777.35
2011-11-18,829418947.78,477783644.02
2011-11-21,813045993.09,468696559.39
2011-11-22,809820859.65,466855508.94
2011-11-23,792174569.55,456554058.73
2011-11-25,789930173.98,455692347.78
2011-11-28,811794171.44,468892196.26
2011-11-29,810657646.35,470224151.89
2011-11-30,845111479.99,489573413.04
2011-12-01,848423666.52,489495289.20
2011-12-02,846844540.86,489064433.72
2011-12-05,856488721.34,494391409.13
2011-12-06,852769428.13,494548041.85
2011-12-07,853545294.75,496388938.28
2011-12-08,842346736.10,485499922.88
2011-12-09,854966574.74,493725527.58
2011-12-12,847324009.37,486518343.55
2011-12-13,836595347.83,481974839.73
2011-12-14,815539899.21,476843578.21
2011-12-15,815809520.98,478567077.11
2011-12-16,815872734.19,479276429.25
2011-12-19,807713710.26,474152290.89
2011-12-20,830074801.64,488500086.21
2011-12-21,827070868.24,489446235.59
2011-12-22,831774886.11,493782243.41
2011-12-23,840367232.50,498196952.62
2011-12-27,841405706.92,498591037.14
2011-12-28,833108318.78,492047847.98
2011-12-29,839887880.92,497132674.15
2011-12-30,833179599.85,494688772.57
2012-01-03,839040114.22,502572311.14
2012-01-04,845896457.93,503360634.19
2012-01-05,850355003.30,504700752.58
2012-01-06,852137173.81,503400023.39
2012-01-09,854235127.52,504621974.18
2012-01-10,861552856.10,508997448.21
2012-01-11,861340935.61,509273249.62
2012-01-12,863937520.27,510495277.42
2012-01-13,861905560.46,507854237.32
2012-01-17,861450275.61,509825198.97
2012-01-18,876985342.52,515461704.96
2012-01-19,880233242.01,518181754.48
2012-01-20,882601798.78,520113095.90
2012-01-23,879321079.46,518772977.51
2012-01-24,886973990.98,518181754.48
2012-01-25,898151301.89,522517415.76
2012-01-26,895897203.68,519837217.49
2012-01-27,895149464.15,519600612.76
2012-01-30,894311718.13,517826789.63
2012-01-31,897359399.92,517629728.12
2012-02-01,906170889.43,522162874.46
2012-02-02,904771017.33,522990432.70
2012-02-03,921557024.91,530322060.42
2012-02-06,916011392.01,529967288.10
2012-02-07,915802774.71,531307444.99
2012-02-08,916809097.08,532884476.13
2012-02-09,922051453.84,533554439.07
2012-02-10,915778259.64,529612592.78
2012-02-13,925039799.39,533554439.07
2012-02-14,927052394.75,532884476.13
2012-02-15,921570659.47,530400992.84
2012-02-16,930527530.78,536274103.55
2012-02-17,935597093.75,537693308.37
2012-02-21,936402187.57,537929759.08
2012-02-22,934424448.68,536195440.66
2012-02-23,936466793.10,538560448.33
2012-02-24,938027614.01,539742855.90
2012-02-27,942935298.28,540649500.57
2012-02-28,972226926.69,542226262.19
2012-02-29,964839031.85,540097666.73
2012-03-01,973192280.45,542896456.15
2012-03-02,969735713.39,541240646.61
2012-03-05,972736019.65,539033349.75
2012-03-06,957232045.47,531149965.20
2012-03-07,964567175.00,534855014.25
2012-03-08,977848932.15,540176406.63
2012-03-09,981309022.23,542265612.89
2012-03-12,984071142.67,542304848.08
2012-03-13,997820830.70,552080492.89
2012-03-14,995052895.72,551489346.86
2012-03-15,1000794237.70,554682374.81
2012-03-16,1005852424.21,555450098.43
2012-03-19,1013588536.40,557627747.49
2012-03-20,1008462465.62,556004280.99
2012-03-21,1011287018.10,555093670.44
2012-03-22,1009547805.04,551095339.35
2012-03-23,1008683821.45,552876901.70
2012-03-26,1023943089.98,560636497.13
2012-03-27,1018405770.75,558894593.50
2012-03-28,1008967813.91,556123295.67
2012-03-29,1008738564.80,555173218.92
2012-03-30,1008359872.72,557469266.61
2012-04-02,1002815366.51,561547069.17
2012-04-03,1005309210.31,559250636.45
2012-04-04,996099372.15,553708117.79
2012-04-05,1001365542.92,553431122.77
2012-04-09,992917318.46,547215483.88
2012-04-10,971642857.21,538030446.04
2012-04-11,981277377.94,542385436.15
2012-04-12,991987857.90,549471872.84
2012-04-13,984835677.71,542939772.72
2012-04-16,977001503.63,542583383.24
2012-04-17,990902911.87,550620127.70
2012-04-18,991779757.74,548759555.92
2012-04-19,980917910.02,545236128.44
2012-04-20,985278566.83,546146584.96
2012-04-23,978027509.02,541553989.04
2012-04-24,966619455.35,543612738.94
2012-04-25,988900818.17,551055642.12
2012-04-26,999681237.15,554895800.36
2012-04-27,1010586048.61,555806487.91
2012-04-30,1008061228.51,553747892.02
2012-05-01,993853092.30,557192002.06
2012-05-02,992560677.10,555529569.89
2012-05-03,982123540.27,551293209.43
2012-05-04,965906091.24,542385436.15
2012-05-07,962012839.51,542781368.84
2012-05-08,952898769.68,540603912.29
2012-05-09,947998004.93,537397215.56
2012-05-10,943676418.73,538505657.68
2012-05-11,942206058.53,536882383.69
2012-05-14,927064377.48,530943739.82
2012-05-15,926457151.53,527895331.46
2012-05-16,926240814.07,525876394.30
2012-05-17,899064370.97,518077255.66
2012-05-18,892223193.65,513642986.61
2012-05-21,912157758.97,522471596.46
2012-05-22,912254650.47,523382129.99
2012-05-23,919791509.89,523659317.53
2012-05-24,916678603.26,524688596.22
2012-05-25,914725030.28,522986197.30
2012-05-29,925021710.18,529320619.85
2012-05-30,908018444.13,521640149.35
2012-05-31,902731000.13,520492048.50
2012-06-01,872040700.97,507387611.98
2012-06-04,876261296.13,507150198.68
2012-06-05,886099120.97,510990395.43
2012-06-06,903732430.73,522471596.46
2012-06-07,900850938.46,522788134.69
2012-06-08,908326301.96,526945254.71
2012-06-11,895476048.68,520254519.69
2012-06-12,903724316.02,526232629.77
2012-06-13,895035765.90,522867490.65
2012-06-14,902078392.03,528410086.32
2012-06-15,913888005.51,533814184.47
2012-06-18,921317304.33,534848969.18
2012-06-19,930647585.58,540022507.67
2012-06-20,924656019.82,539146973.93
2012-06-21,901750262.63,527049175.97
2012-06-22,911110892.00,531108188.77
2012-06-25,893609794.29,522591997.27
2012-06-26,898239312.78,525218405.99
2012-06-27,896879357.01,529954081.36
2012-06-28,890292259.03,528441967.31
2012-06-29,918195507.05,541614247.20
2012-07-02,920560397.60,543245799.47
2012-07-03,926510679.48,546827444.42
2012-07-05,926739946.20,544360055.64
2012-07-06,912057851.74,539186671.16
2012-07-09,912309376.81,538510162.61
2012-07-10,903340467.52,533814184.47
2012-07-11,902857914.57,533893809.95
2012-07-12,902269744.57,531307136.96
2012-07-13,916696156.85,540221455.86
2012-07-16,911187979.89,538947756.21
2012-07-17,920452198.00,542648723.88
2012-07-18,933214603.71,546668039.45
2012-07-19,942208731.15,548100874.55
2012-07-20,930234620.64,543086510.00
2012-07-23,918618417.40,537594854.62
2012-07-24,916396382.08,532978655.98
2012-07-25,911529211.90,533098017.19
2012-07-26,929608115.62,541892859.37
2012-07-27,957701394.04,551881198.17
2012-07-30,955978213.90,551881198.17
2012-07-31,933329845.56,548021249.07
2012-08-01,923022137.57,547543727.21
2012-08-02,919699068.13,543763172.57
2012-08-03,939947254.38,554547727.66
2012-08-06,941703379.59,555622094.08
2012-08-07,951731873.96,558408023.29
2012-08-08,927366478.88,559084454.83
2012-08-09,924649131.56,559561976.69
2012-08-10,923503497.84,560477207.67
2012-08-13,923459410.98,560198595.50
2012-08-14,919579046.05,560278105.46
2012-08-15,926151392.86,560914916.79
2012-08-16,938322048.64,565053516.56
2012-08-17,945438357.43,565809689.10
2012-08-20,938902889.69,565849578.84
2012-08-21,935101601.78,564138208.58
2012-08-22,938180414.43,564376854.00
2012-08-23,932757974.08,559760847.87
2012-08-24,939048427.66,563143236.61
2012-08-27,939473706.67,563262713.34
2012-08-28,939498338.00,562705835.52
2012-08-29,943446517.64,563143236.61
2012-08-30,939841591.00,559084454.83
2012-08-31,944587350.01,561750522.28
2012-09-04,941296323.03,561233341.70
2012-09-05,941238006.57,560755742.83
2012-09-06,964126362.11,572137258.00
2012-09-07,972683300.16,574365808.85
2012-09-10,966884362.39,571102165.27
2012-09-11,969508385.97,572694328.33
2012-09-12,970169542.82,574604492.77
2012-09-13,977825774.56,583359368.20
2012-09-14,973481684.82,585946233.70
2012-09-17,974807859.13,583956520.79
2012-09-18,970867451.48,583478806.42
2012-09-19,977531832.81,583797154.32
2012-09-20,976397537.13,583837159.58
2012-09-21,975845311.21,583593008.14
2012-09-24,974272124.88,582712776.96
2012-09-25,967093332.77,576511653.93
2012-09-26,965030172.49,573271035.51
2012-09-27,977454283.93,578671976.37
2012-09-28,980887163.53,575991547.07
2012-10-01,980607899.05,577511823.88
2012-10-02,980183230.48,578112018.26
2012-10-03,986869152.32,580472444.00
2012-10-04,995174882.76,584633144.85
2012-10-05,994314777.46,584673073.10
2012-10-08,990981069.13,582672887.21
2012-10-09,981163452.27,576911745.01
2012-10-10,969886025.63,573230799.23
2012-10-11,972461715.09,573551072.31
2012-10-12,969136260.27,571670594.16
2012-10-15,980656463.73,576431681.92
2012-10-16,995329212.84,582272796.12
2012-10-17,996974087.50,584913104.65
2012-10-18,993689018.56,583393058.86
2012-10-19,973288008.93,573671165.10
2012-10-22,972411515.27,573750867.58
2012-10-23,973136437.59,565789551.70
2012-10-24,967759493.60,564189110.36
2012-10-25,969896429.44,565829672.47
2012-10-26,967484088.88,565509360.88
2012-10-31,965604753.29,565509360.88
2012-11-01,984287431.60,571430639.62
2012-11-02,986051881.91,566349663.82
2012-11-05,987403879.31,567510047.33
2012-11-06,994646446.09,571950823.49
2012-11-07,979242555.40,558988272.80
2012-11-08,966891986.11,552266850.40
2012-11-09,964889677.57,552746913.49
2012-11-12,972531912.57,553187048.34
2012-11-13,968299021.44,551266718.94
2012-11-14,954364842.46,543825163.39
2012-11-15,954340780.41,542905119.46
2012-11-16,959865083.62,545585741.28
2012-11-19,976374898.52,556627693.05
2012-11-20,978964059.91,556867763.10
2012-11-21,984761225.13,557908092.33
2012-11-23,995644792.35,565509360.88
2012-11-26,988861673.82,564309318.65
2012-11-27,984500962.11,561428786.06
2012-11-28,998567131.54,565949649.74
2012-11-29,1000811342.71,568590189.29
2012-11-30,990476212.38,568710166.56
2012-12-03,990685424.22,565909413.46
2012-12-04,984716326.19,565109462.32
2012-12-05,985025524.96,566109555.27
2012-12-06,991638288.43,568030038.67
2012-12-07,990162624.23,569750149.26
2012-12-10,981365947.01,569990296.32
2012-12-11,987818068.70,573871037.37
2012-12-12,987189385.74,574150920.16
2012-12-13,980161632.02,570630572.97
2012-12-14,979868260.06,568510101.77
2012-12-17,992905012.62,575191403.41
2012-12-18,1002903953.69,581592437.21
2012-12-19,1001709145.19,577271715.33
2012-12-20,1000442818.28,580592382.77
2012-12-21,987536756.00,575322354.21
2012-12-24,984238703.81,573549493.67
2012-12-26,972767054.77,571131813.05
2012-12-27,977192587.52,570366438.15
2012-12-28,967747503.37,564201662.54
2012-12-31,985365998.27,573791296.38
2013-01-02,1010257432.46,588497444.86
2013-01-03,1008799944.56,587167837.96
2013-01-04,1017105130.95,589746848.73
2013-01-07,1016736043.56,588134894.80
2013-01-08,1016903194.16,586442776.35
2013-01-09,1017631063.87,587933520.89
2013-01-10,1014312623.16,592607243.93
2013-01-11,1017094327.52,592567046.16
2013-01-14,1022658431.60,592164144.31
2013-01-15,1026763261.25,592567046.16
2013-01-16,1024248501.59,592486304.07
2013-01-17,1029904457.40,596314179.66
2013-01-18,1035452316.07,597643594.04
2013-01-22,1039805757.72,600867001.35
2013-01-23,1028735213.97,601833981.18
2013-01-24,1032426880.52,601995080.32
2013-01-25,1051442089.41,605379740.77
2013-01-28,1049088193.62,604654756.16
2013-01-29,1050694007.60,607031507.43
2013-01-30,1048835159.16,604654756.16
2013-01-31,1048087777.46,603163434.07
2013-02-01,1059064017.43,609368407.46
2013-02-04,1034847368.14,602519037.54
2013-02-05,1035409092.38,608603186.57
2013-02-06,1039581692.05,609046170.69
2013-02-07,1039993195.12,608240366.99
2013-02-08,1041204067.57,611624719.41
2013-02-11,1044327235.54,611504049.08
2013-02-12,1045859189.54,612511457.71
2013-02-13,1043005954.43,613035106.90
2013-02-14,1038133913.15,613599338.91
2013-02-15,1042762247.68,612873776.75
2013-02-19,1051354244.20,617467142.75
2013-02-20,1039379298.83,609771540.33
2013-02-21,1030943118.77,606064604.60
2013-02-22,1043997345.99,611987269.47
2013-02-25,1025412882.58,600343236.64
2013-02-26,1031727049.35,604452843.20
2013-02-27,1047084259.32,612068088.56
2013-02-28,1049817157.04,610859421.52
2013-03-01,1055561512.40,612873776.75
2013-03-04,1066307686.68,616137535.84
2013-03-05,1079287163.94,621657375.87
2013-03-06,1079612251.89,622503569.86
2013-03-07,1079539551.57,623631879.86
2013-03-08,1085710941.17,626291016.65
2013-03-11,1090417421.87,628668306.97
2013-03-12,1086089926.91,627257996.49
2013-03-13,1089891164.15,628144195.74
2013-03-14,1090420515.43,631488619.91
2013-03-15,1088304177.17,630654939.59
2013-03-18,1081142130.95,627174482.14
2013-03-19,1076066340.95,625717351.26
2013-03-20,1088421010.28,630088358.87
2013-03-21,1080192893.23,624705938.25
2013-03-22,1089025005.66,629724153.16
2013-03-25,1086542318.55,627093547.54
2013-03-26,1091436802.72,632111877.96
2013-03-27,1093187608.19,632111877.96
2013-03-28,1098697620.09,634054423.94
2013-04-01,1084464145.93,631545258.73
2013-04-02,1089774040.44,634661471.96
2013-04-03,1079164180.45,628226477.97
2013-04-04,1090470384.81,630776033.47
2013-04-05,1079581163.67,627943399.37
2013-04-08,1085580335.30,632192889.57
2013-04-09,1079783831.19,634378239.36
2013-04-10,1102289666.70,642148846.82
2013-04-11,1112076776.66,644252915.47
2013-04-12,1112531573.81,642674806.23
2013-04-15,1083255519.52,627781299.15
2013-04-16,1096733605.21,637049658.81
2013-04-17,1082662524.62,627741101.37
2013-04-18,1074405201.42,623815272.58
2013-04-19,1076658432.17,629238584.04
2013-04-22,1079785747.25,632030750.84
2013-04-23,1096822278.88,638546679.44
2013-04-24,1101072872.65,638951467.96
2013-04-25,1117189918.86,641541567.77
2013-04-26,1115202984.66,640408483.33
2013-04-29,1131850748.83,644698248.31
2013-04-30,1147091229.94,646236159.78
2013-05-01,1138255626.33,640570198.52
2013-05-02,1147059489.74,646519469.39
2013-05-03,1162252833.13,653075403.25
2013-05-06,1166275992.81,654734755.13
2013-05-07,1176409546.86,658053458.88
2013-05-08,1183207443.82,661048501.24
2013-05-09,1180944631.37,659186774.35
2013-05-10,1195884291.74,661331579.83
2013-05-13,1195662730.14,661857308.21
2013-05-14,1209757340.53,668697475.77
2013-05-15,1211976865.09,672299104.11
2013-05-16,1201866440.11,669142423.57
2013-05-17,1215088111.84,675617653.85
2013-05-20,1216862601.58,675577610.09
2013-05-21,1222243459.05,676548594.30
2013-05-22,1204344518.56,671530571.91
2013-05-23,1213042640.25,669587525.38
2013-05-24,1208914947.59,669021137.18
2013-05-28,1219317429.30,673027900.57
2013-05-29,1209160607.37,668656892.96
2013-05-30,1217332164.92,671125667.87
2013-05-31,1203495747.30,661493680.05
2013-06-03,1204562242.99,665135891.20
2013-06-04,1199158092.06,661938935.88
2013-06-05,1179620984.39,652670807.24
2013-06-06,1193807547.58,658579880.34
2013-06-07,1210703125.45,666956958.27
2013-06-10,1211998313.50,666956958.27
2013-06-11,1197206096.62,660077131.99
2013-06-12,1185992279.19,654613622.75
2013-06-13,1202532688.56,664569502.99
2013-06-14,1198002072.36,660400870.40
2013-06-17,1205946700.03,665499904.40
2013-06-18,1215005469.58,670761346.65
2013-06-19,1200259446.88,661493680.05
2013-06-20,1168604371.20,645102998.33
2013-06-21,1169165641.14,647173722.85
2013-06-24,1158195243.63,638996209.16
2013-06-25,1170185859.96,645139961.80
2013-06-26,1175071669.13,651527172.81
2013-06-27,1186656219.86,655351352.05
2013-06-28,1174844804.67,652666340.82
2013-07-01,1172594524.96,656490520.06
2013-07-02,1171447127.58,655880622.77
2013-07-03,1173048757.09,656165241.51
2013-07-05,1187840054.99,663244362.51
2013-07-08,1201955777.65,667027881.93
2013-07-09,1210050080.43,671828666.91
2013-07-10,1208554573.61,672073087.87
2013-07-11,1226854713.99,681227014.78
2013-07-12,1230549318.38,681511864.54
2013-07-15,1230107422.02,684115787.15
2013-07-16,1220120400.97,681552678.38
2013-07-17,1221079245.80,683301820.69
2013-07-18,1230177378.53,687044911.31
2013-07-19,1228967977.61,688265398.96
2013-07-22,1230670167.70,689608020.09
2013-07-23,1212890470.23,688143573.52
2013-07-24,1220571619.47,685620816.53
2013-07-25,1227613352.21,687289101.25
2013-07-26,1230553080.59,688021517.05
2013-07-29,1223726999.17,685905666.29
2013-07-30,1224907307.98,685905666.29
2013-07-31,1229463170.49,686394046.17
2013-08-01,1248141215.02,694327562.44
2013-08-02,1248008702.43,695507544.28
2013-08-05,1255060248.16,694490124.71
2013-08-06,1251988153.08,690543657.98
2013-08-07,1240994452.71,688306135.79
2013-08-08,1241382158.81,690828584.75
2013-08-09,1250077929.60,688835252.49
2013-08-12,1242766816.37,688021517.05
2013-08-13,1244707694.88,690055740.15
2013-08-14,1231149335.32,686515871.61
2013-08-15,1216010258.57,676914609.68
2013-08-16,1213342507.96,674676779.46
2013-08-19,1208751709.89,670364297.35
2013-08-20,1217558003.13,673659667.92
2013-08-21,1211730976.73,669509979.10
2013-08-22,1228386316.00,675612417.35
2013-08-23,1228897865.32,677890907.39
2013-08-26,1224203518.32,675368458.44
2013-08-27,1205189034.63,664505586.99
2013-08-28,1209563657.11,666865319.66
2013-08-29,1213974521.48,667923091.03
2013-08-30,1208257611.01,665807317.27
2013-09-03,1211917160.71,668818146.11
2013-09-04,1220895891.81,674351038.86
2013-09-05,1222403437.64,675205511.13
2013-09-06,1223941480.72,675531097.72
2013-09-09,1235544270.39,682000244.42
2013-09-10,1253088385.15,687044911.31
2013-09-11,1259385778.42,689201036.86
2013-09-12,1254230478.13,687370343.88
2013-09-13,1258380093.89,688916649.14
2013-09-16,1266125527.75,692903544.67
2013-09-17,1276462678.08,695995539.12
2013-09-18,1292261429.50,704051111.86
2013-09-19,1296274140.97,702871284.03
2013-09-20,1287609543.62,697957375.42
2013-09-23,1282113338.71,694727229.98
2013-09-24,1282626891.26,693091981.37
2013-09-25,1280950381.91,691088792.19
2013-09-26,1289073518.52,693746388.84
2013-09-27,1283206379.66,690557365.27
2013-09-30,1282433595.59,686878113.64
2013-10-01,1279695125.89,692315363.41
2013-10-02,1284856852.71,691661186.96
2013-10-03,1268341487.42,685283370.83
2013-10-04,1279222242.55,690475660.59
2013-10-07,1267059469.56,684506521.86
2013-10-08,1243285381.14,676534424.97
2013-10-09,1239228953.56,677025115.06
2013-10-10,1262446171.35,691620527.14
2013-10-11,1273228815.62,696076473.73
2013-10-14,1278639638.26,698856742.90
2013-10-15,1256233568.83,693786894.65
2013-10-16,1276021851.45,703476560.88
2013-10-17,1280547446.15,708178083.54
2013-10-18,1292369560.32,712961387.88
2013-10-21,1303014433.57,713002047.70
2013-10-22,1300034447.97,717131714.64
2013-10-23,1287718142.74,713697269.01
2013-10-24,1297013943.76,716068629.77
2013-10-25,1297022945.59,719339127.00
2013-10-28,1295332817.28,720483685.52
2013-10-29,1306672975.29,724326654.52
2013-10-30,1300011830.61,720729107.57
2013-10-31,1292357756.14,718684873.54
2013-11-01,1289749781.36,720401980.84
2013-11-04,1298940818.35,722936673.95
2013-11-05,1306520526.25,720647248.88
2013-11-06,1307527950.50,724326654.52
2013-11-07,1286930892.42,715169185.28
2013-11-08,1311435432.30,724817267.61
2013-11-11,1318052322.81,724940248.16
2013-11-12,1323160102.95,723468331.89
2013-11-13,1340482718.40,729273830.25
2013-11-14,1348211643.89,732912345.05
2013-11-15,1354433156.98,736101214.61
2013-11-18,1345292152.43,733525476.65
2013-11-19,1343972693.86,731931195.88
2013-11-20,1346937359.68,729641462.79
2013-11-21,1361556419.45,735528896.85
2013-11-22,1367492810.90,739208225.48
2013-11-25,1363120177.00,738472498.37
2013-11-26,1366932356.75,738677029.58
2013-11-27,1371230776.93,740475687.55
2013-11-29,1374110063.69,739984843.44
2013-12-02,1365100500.66,738063743.97
2013-12-03,1359207101.36,734874566.38
2013-12-04,1358208281.92,734793092.73
2013-12-05,1354325801.96,731563332.33
2013-12-06,1364908484.28,739739806.42
2013-12-09,1366529967.04,741620477.09
2013-12-10,1369283658.69,738963034.45
2013-12-11,1354245186.83,730663964.84
2013-12-12,1350994533.30,728251559.22
2013-12-13,1350666667.64,728169854.55
2013-12-16,1360792891.91,732707967.85
2013-12-17,1354528101.20,730377574.94
2013-12-18,1376725259.29,742847048.31
2013-12-19,1378310442.30,741988417.65
2013-12-20,1392003275.79,746304442.09
2013-12-23,1397596834.76,750291645.65
2013-12-24,1398469617.94,751935827.10
2013-12-26,1408428906.94,755758543.20
2013-12-27,1401629215.39,755717498.35
2013-12-30,1398551444.08,755594132.76
2013-12-31,1401404936.41,759170425.71
2014-01-02,1372586027.50,751894859.25
2014-01-03,1372290766.11,751771262.64
2014-01-06,1371258530.38,749592573.98
2014-01-07,1386911214.36,754196605.47
2014-01-08,1384234582.47,754360861.91
2014-01-09,1387145852.82,754854555.28
2014-01-10,1391399896.89,756909493.32
2014-01-13,1371592004.82,746838718.28
2014-01-14,1386617602.74,754977689.85
2014-01-15,1397118712.64,759047060.12
2014-01-16,1395084555.76,758060443.44
2014-01-17,1398213931.54,754854555.28
2014-01-21,1406059374.04,757073826.76
2014-01-22,1410606109.73,757567058.09
2014-01-23,1399339309.62,751360198.03
2014-01-24,1365708509.86,735329525.12
2014-01-27,1352523048.36,731712187.31
2014-01-28,1360570330.66,736069333.62
2014-01-29,1338255549.18,728999299.47
2014-01-30,1358507212.36,736726590.36
2014-01-31,1351590804.29,732410796.94
2014-02-03,1306734131.59,715927629.53
2014-02-04,1318722186.60,720942571.62
2014-02-05,1311318846.10,720038352.68
2014-02-06,1336416431.58,729533729.67
2014-02-07,1369992857.51,738576381.13
2014-02-10,1371029535.99,739933017.57
2014-02-11,1383090931.71,748030867.27
2014-02-12,1394503096.90,748400887.03
2014-02-13,1407952685.25,752264647.99
2014-02-14,1412469238.26,756416184.98
2014-02-18,1420169347.11,757320711.95
2014-02-19,1409396305.44,752305923.87
2014-02-20,1414929135.87,756745159.88
2014-02-21,1424614430.29,755881831.78
2014-02-24,1432867297.75,760074413.63
2014-02-25,1440313624.53,759786945.63
2014-02-26,1451779477.39,759827913.47
2014-02-27,1456207261.85,763815194.04
2014-02-28,1459180723.92,765747074.51
2014-03-03,1449181777.96,760362266.67
2014-03-04,1469175042.13,771049484.62
2014-03-05,1469477467.36,771748479.28
2014-03-06,1468311133.31,773516180.34
2014-03-07,1469263731.43,773844770.20
2014-03-10,1464851752.24,773433859.60
2014-03-11,1455237738.90,769610912.48
2014-03-12,1459747904.68,769816752.82
2014-03-13,1437372597.83,761184549.92
2014-03-14,1435584272.94,759047060.12
2014-03-17,1443550477.89,765911484.96
2014-03-18,1453010724.27,771378536.53
2014-03-19,1438513540.62,767268198.41
2014-03-20,1443844611.80,771748479.28
2014-03-21,1435106016.97,768755208.10
2014-03-24,1416641962.66,765576195.46
2014-03-25,1418525928.70,769209319.75
2014-03-26,1401770139.03,763676966.05
2014-03-27,1396018538.93,762066590.77
2014-03-28,1405189086.34,765823927.73
2014-03-31,1416267325.04,772099324.24
2014-04-01,1426645888.23,777219073.18
2014-04-02,1428393170.33,779820146.52
2014-04-03,1415888727.43,778787941.56
2014-04-04,1381323294.90,769581110.68
2014-04-07,1366095554.23,761075738.69
2014-04-08,1380623162.73,764213706.47
2014-04-09,1401045346.34,772429685.27
2014-04-10,1363678215.81,756204184.06
2014-04-11,1344430704.90,749391739.11
2014-04-14,1356313213.03,755295652.72
2014-04-15,1365389320.99,760497876.41
2014-04-16,1384433867.59,768466430.97
2014-04-17,1379960313.73,769539680.79
2014-04-21,1385110459.95,772223228.88
2014-04-22,1395043980.46,775732679.55
2014-04-23,1390789395.59,773916001.90
2014-04-24,1387426603.03,775484716.26
2014-04-25,1360124947.34,769126690.99
2014-04-28,1357906945.05,771562660.82
2014-04-29,1356547041.68,775154509.24
2014-04-30,1367761123.51,777466651.44
2014-05-01,1357488400.72,777549434.22
2014-05-02,1363290981.67,776434677.50
2014-05-05,1362716346.08,777921071.13
2014-05-06,1348934361.95,771149979.06
2014-05-07,1337937262.82,775691480.68
2014-05-08,1335721239.45,774865501.09
2014-05-09,1344418490.76,776021533.69
2014-05-12,1364068605.82,783577252.46
2014-05-13,1358518646.70,784278942.38
2014-05-14,1347664250.99,780563112.32
2014-05-15,1338525632.93,773709622.51
2014-05-16,1344298941.49,776393401.62
2014-05-19,1355226685.49,779242053.22
2014-05-20,1343449985.27,774328837.68
2014-05-21,1357441500.44,780851966.45
2014-05-22,1366344111.04,782751349.88
2014-05-23,1373468745.13,785889009.63
2014-05-27,1384780304.49,790719904.44
2014-05-28,1385936927.12,790141503.10
2014-05-29,1392644275.62,794229047.08
2014-05-30,1392125310.38,795508984.32
2014-06-02,1390983309.68,796417130.63
2014-06-03,1385801384.73,796004294.85
2014-06-04,1389752597.41,797614901.15
2014-06-05,1394750621.00,802816739.80
2014-06-06,1399350547.67,806656089.47
2014-06-09,1396595585.90,807481992.05
2014-06-10,1390363519.12,807564697.82
2014-06-11,1393892532.90,804756937.06
2014-06-12,1378596372.22,799059402.84
2014-06-13,1374490368.30,801495680.70
2014-06-16,1378040311.63,802156171.75
2014-06-17,1375468949.86,804385454.17
2014-06-18,1385682453.87,810289367.77
2014-06-19,1378692366.49,811197745.10
2014-06-20,1377435139.41,812844775.83
2014-06-23,1376862394.82,812595811.44
2014-06-24,1375130440.28,807700538.58
2014-06-25,1382030842.75,811351143.52
2014-06-26,1379223297.04,810770431.96
2014-06-27,1375441133.19,812347001.06
2014-06-30,1375383035.04,811932163.10
2014-07-01,1390168238.09,817366486.59
2014-07-02,1385825892.66,818196239.54
2014-07-03,1393915900.21,822220406.56
2014-07-07,1392582153.37,819357816.65
2014-07-08,1382393494.87,814089366.74
2014-07-09,1390814233.61,817739971.68
2014-07-10,1378903079.91,814504050.70
2014-07-11,1378323307.63,815624274.93
2014-07-14,1384689162.05,819731301.74
2014-07-15,1382109450.16,818196239.54
2014-07-16,1380247257.41,821224472.01
2014-07-17,1364856268.27,811890502.18
2014-07-18,1374931137.33,820187338.58
2014-07-21,1373089101.23,818652199.37
2014-07-22,1389352886.46,822220406.56
2014-07-23,1385720868.22,824045246.99
2014-07-24,1389223147.58,824086907.90
2014-07-25,1394624338.34,820228922.48
2014-07-28,1392638161.44,820560515.63
2014-07-29,1389389399.15,817034508.40
2014-07-30,1395404760.36,817159106.11
2014-07-31,1374936627.84,801021470.16
2014-08-01,1361280765.07,798574026.25
2014-08-04,1384915947.56,804340250.92
2014-08-05,1377503094.27,796541343.30
2014-08-06,1377265386.15,796790153.67
2014-08-07,1373486731.06,792475977.40
2014-08-08,1388560583.94,801643919.63
2014-08-11,1398587946.09,803966842.84
2014-08-12,1397807051.82,802847003.64
2014-08-13,1404165869.17,808281096.12
2014-08-14,1408500350.14,812097574.63
2014-08-15,1403508075.38,811932163.10
2014-08-18,1413899354.78,818735444.19
2014-08-19,1416906380.54,823008267.57
2014-08-20,1417498248.79,825207055.13
2014-08-21,1418350711.28,827613069.14
2014-08-22,1417193419.01,826327279.36
2014-08-25,1424694233.20,830516780.92
2014-08-26,1426387976.97,831056524.62
2014-08-27,1420741770.49,830724623.44
2014-08-28,1417957895.70,830268509.59
2014-08-29,1419590494.13,832632400.66
2014-09-02,1421979904.42,832218024.73
2014-09-03,1417146723.44,831761294.82
2014-09-04,1414740148.14,830558287.81
2014-09-05,1417242006.04,834291983.55
2014-09-08,1414176373.62,832134779.91
2014-09-09,1397880219.09,826866484.01
2014-09-10,1405765361.93,829977499.26
2014-09-11,1406735828.50,830932080.93
2014-09-12,1399341334.28,826078314.97
2014-09-15,1396115217.07,825455865.50
2014-09-16,1406598982.82,831678589.05
2014-09-17,1406438891.55,832798582.27
2014-09-18,1415208129.98,837237356.24
2014-09-19,1410474407.04,836483301.40
2014-09-22,1388909878.32,830022856.52
2014-09-23,1387676671.11,825271433.17
2014-09-24,1402289839.79,831731570.03
2014-09-25,1386227115.36,818311519.37
2014-09-26,1397691048.04,824813163.12
2014-09-29,1395726430.26,823312831.18
2014-09-30,1392854828.54,821145539.59
2014-10-01,1375569333.03,810017686.25
2014-10-02,1381962776.32,810142360.96
2014-10-03,1392331034.19,819061569.82
2014-10-06,1386552250.51,818102906.77
2014-10-07,1367435808.64,805474644.48
2014-10-08,1388945039.04,819561577.80
2014-10-09,1362726116.52,803307198.87
2014-10-10,1344253539.62,794137870.52
2014-10-13,1327537070.96,781092768.07
2014-10-14,1367103779.43,782301396.61
2014-10-15,1362928671.89,777008535.40
2014-10-16,1367501616.94,776341344.73
2014-10-17,1378540381.43,785510827.10
2014-10-20,1397590781.35,793137623.56
2014-10-21,1420812953.88,808850641.62
2014-10-22,1410928878.13,803099125.33
2014-10-23,1429686114.72,812434789.31
2014-10-24,1442743117.38,818686390.58
2014-10-27,1446521702.64,817561314.89
2014-10-28,1460405213.11,826938870.81
2014-10-29,1456217443.96,825688427.35
2014-10-30,1462255736.73,830981442.57
2014-10-31,1483888818.57,840484366.26
2014-11-03,1481993633.30,840942713.32
2014-11-04,1461009169.90,838025063.24
2014-11-05,1469208531.86,843318309.48
2014-11-06,1476829721.87,846694383.62
2014-11-07,1475088593.76,847486172.00
2014-11-10,1491014564.74,850153625.58
2014-11-11,1499399828.04,850986997.87
2014-11-12,1500269646.83,850070380.76
2014-11-13,1503683938.10,851028966.81
2014-11-14,1502725610.02,851237194.37
2014-11-17,1499795668.40,851778940.26
2014-11-18,1504569641.03,856697238.28
2014-11-19,1497688959.01,855321812.08
2014-11-20,1502763328.95,856822298.03
2014-11-21,1507143920.16,861406461.66
2014-11-24,1516412061.55,863824257.79
2014-11-25,1517529990.56,863198959.05
2014-11-26,1515455378.72,865407988.56
2014-11-28,1520390354.03,863573984.28
2014-12-01,1509830329.64,857572271.48
2014-12-02,1514632735.46,863115098.17
2014-12-03,1519203816.04,866449896.44
2014-12-04,1520933299.18,865491156.37
2014-12-05,1515810260.12,866908320.50
2014-12-08,1507604094.46,861114912.27
2014-12-09,1512231121.18,860531428.46
2014-12-10,1489536487.05,846736044.54
2014-12-11,1500174529.36,851028966.81
2014-12-12,1491701565.92,837275012.78
2014-12-15,1479841465.38,831523188.46
2014-12-16,1462241973.71,824854824.04
2014-12-17,1486234039.19,841026035.14
2014-12-18,1519221494.39,861823378.83
2014-12-19,1527885080.30,865490463.31
2014-12-22,1541571775.92,869471660.30
2014-12-23,1543388206.80,870645173.54
2014-12-24,1540003592.68,870729111.42
2014-12-26,1544132277.92,873536718.17
2014-12-29,1545430822.70,874710385.42
2014-12-30,1537003926.21,870016332.46
2014-12-31,1523611581.84,861383359.49
2015-01-02,1512186640.64,860922163.17
2015-01-05,1493446727.04,845374402.63
2015-01-06,1477252898.34,837411854.63
2015-01-07,1498498700.07,847847335.93
2015-01-08,1527687408.97,862892316.24
2015-01-09,1516785565.67,855977605.68
2015-01-12,1513663818.54,849272046.77
2015-01-13,1507550349.27,846883436.38
2015-01-14,1488525031.03,841770618.09
2015-01-15,1463738301.17,834059267.69
2015-01-16,1481991769.37,844997606.23
2015-01-20,1482842637.88,846799421.49
2015-01-21,1490913523.56,851073862.03
2015-01-22,1511649493.10,863730154.95
2015-01-23,1505880056.30,858994672.10
2015-01-26,1509463661.86,861006332.07
2015-01-27,1491450041.27,849649228.20
2015-01-28,1482653290.25,838753397.66
2015-01-29,1499527286.47,846506177.94
2015-01-30,1473398925.28,835861313.98
2015-02-02,1477715066.76,846212857.39
2015-02-03,1508456208.76,858449768.91
2015-02-04,1503859174.34,855181042.85
2015-02-05,1517385778.21,863814092.83
2015-02-06,1517958326.77,861425482.45
2015-02-09,1514231133.52,857569884.26
2015-02-10,1535253382.03,866705945.49
2015-02-11,1536439700.26,867208725.72
2015-02-12,1549176483.88,875548763.18
2015-02-13,1554635535.89,879152470.70
2015-02-17,1559427692.52,880535674.64
2015-02-18,1567275421.63,880619535.52
2015-02-19,1589518197.26,879991002.47
2015-02-20,1600378033.94,885271388.51
2015-02-23,1610630903.94,885145635.70
2015-02-24,1614132523.61,887660306.92
2015-02-25,1616906011.51,886905482.01
2015-02-26,1618121677.32,885857875.60
2015-02-27,1603055891.00,882840501.15
2015-03-02,1621903132.30,888414130.74
2015-03-03,1609844834.30,884768146.23
2015-03-04,1605647635.21,881038300.86
2015-03-05,1610940331.74,882002431.43
2015-03-06,1585616791.39,869597875.15
2015-03-09,1593897992.61,873201505.68
2015-03-10,1564255149.22,859036487.03
2015-03-11,1561876615.90,857024904.06
2015-03-12,1588695583.90,867921350.66
2015-03-13,1580659887.33,862598764.67
2015-03-16,1603884301.77,874123513.29
2015-03-17,1600820714.16,871525520.24
2015-03-18,1614476030.39,882002431.43
2015-03-19,1616938678.87,877979111.48
2015-03-20,1625530935.36,885729119.51
2015-03-23,1627495670.37,884003079.37
2015-03-24,1621245102.57,879035881.75
2015-03-25,1589298016.01,866154650.70
2015-03-26,1590053377.09,864092242.96
2015-03-27,1603660076.84,866070558.80
2015-03-30,1623027926.39,876636259.33
2015-03-31,1607270014.61,868974963.64
2015-04-01,1591323394.45,865902452.01
2015-04-02,1593767112.11,869017009.59
2015-04-06,1602577528.03,874868327.26
2015-04-07,1595727818.05,872553027.76
2015-04-08,1604690932.21,875499632.56
2015-04-09,1603083175.01,879372634.39
2015-04-10,1611527582.84,884171417.18
2015-04-13,1604750571.21,880172200.50
2015-04-14,1596556315.60,881856271.70
2015-04-15,1598441935.09,885813134.40
2015-04-16,1605426023.15,885560627.68
2015-04-17,1582328180.16,875373494.71
2015-04-20,1594518016.25,883371620.05
2015-04-21,1593044502.43,882319393.20
2015-04-22,1599096251.81,886654900.47
2015-04-23,1641872864.52,888886185.08
2015-04-24,1655105334.83,890948977.86
2015-04-27,1636189583.61,887244236.84
2015-04-28,1646494086.55,890064857.80
2015-04-29,1629632828.02,886402393.75
2015-04-30,1612770108.80,877520456.39
2015-05-01,1623986765.99,887033853.07
2015-05-04,1629164745.53,889559844.36
2015-05-05,1608503631.99,879372634.39
2015-05-06,1605581283.34,875752370.30
2015-05-07,1620453059.62,879246265.51
2015-05-08,1641028376.22,890822608.99
2015-05-11,1640249813.12,886570962.59
2015-05-12,1634223795.74,883919064.47
2015-05-13,1634281215.28,884087094.26
2015-05-14,1648947648.06,893306246.30
2015-05-15,1652049696.41,894274381.24
2015-05-18,1661314691.11,897052340.20
2015-05-19,1659287547.28,896757864.54
2015-05-20,1657571862.83,896126405.22
2015-05-21,1659475181.40,898736488.41
2015-05-22,1652156010.48,896589680.74
2015-05-26,1638809150.93,886949530.15
2015-05-27,1644957100.43,895368808.05
2015-05-28,1646474196.83,894358627.16
2015-05-29,1635672001.91,888801862.16
2015-06-01,1635100021.90,890612071.21
2015-06-02,1632302361.92,889728105.17
2015-06-03,1638700137.01,892085142.59
2015-06-04,1628091172.37,884550446.78
2015-06-05,1632971212.90,883034713.40
2015-06-08,1627338080.13,877604548.29
2015-06-09,1626658406.68,877478256.43
2015-06-10,1649204536.25,888001911.01
2015-06-11,1652969113.27,890864423.91
2015-06-12,1645520100.63,884045048.31
2015-06-15,1631294423.55,880256523.42
2015-06-16,1634735024.69,885055229.20
2015-06-17,1635439878.45,886486716.68
2015-06-18,1655373562.27,895705637.69
2015-06-19,1646427285.84,891729215.15
2015-06-22,1661959807.61,896297823.32
2015-06-23,1661030131.73,896932208.91
2015-06-24,1643196215.66,890417935.97
2015-06-25,1643091985.33,887710900.67
2015-06-26,1654890795.95,887541715.78
2015-06-29,1625013034.66,868929452.36
2015-06-30,1626390337.63,870748671.26
2015-07-01,1635228086.88,877728144.90
2015-07-02,1631802635.42,876924266.39
2015-07-06,1627194580.62,874428538.94
2015-07-07,1636959199.47,879927779.54
2015-07-08,1614142002.08,865164876.72
2015-07-09,1621576096.82,866729971.75
2015-07-10,1648023304.80,877643051.91
2015-07-13,1674195328.55,887330022.90
2015-07-14,1670266663.72,891179537.51
2015-07-15,1667105078.61,890883444.70
2015-07-16,1664735302.87,898032103.24
2015-07-17,1638695989.25,898793627.77
2015-07-20,1642008824.79,899258674.46
2015-07-21,1637448558.79,895705637.69
2015-07-22,1643867228.20,894098034.68
2015-07-23,1635349609.24,889064456.83
2015-07-24,1625242525.64,879842994.57
2015-07-27,1622352814.94,874724708.76
2015-07-28,1641739786.04,885469143.09
2015-07-29,1656601264.55,891560107.26
2015-07-30,1661125202.49,891771877.16
2015-07-31,1660656442.77,890417935.97
2015-08-03,1658924649.20,887414961.87
2015-08-04,1665818339.66,885680142.91
2015-08-05,1671809699.72,888599102.11
2015-08-06,1648691142.00,881323612.66
2015-08-07,1660036415.84,879631455.70
2015-08-10,1672591128.08,890714105.79
2015-08-11,1664029295.30,882677014.80
2015-08-12,1659708577.88,883734786.16
2015-08-13,1674277787.83,882634737.82
2015-08-14,1681953730.96,885849558.82
2015-08-17,1688151919.40,890798890.76
2015-08-18,1680535439.94,888218609.37
2015-08-19,1665147495.08,881196704.74
2015-08-20,1630440880.11,862795980.19
2015-08-21,1576666887.42,836823827.39
2015-08-24,1522047920.21,801587473.33
2015-08-25,1526814822.89,792154857.24
2015-08-26,1567368018.56,822568787.29
2015-08-27,1600759226.91,842915022.59
2015-08-28,1601673333.53,842957145.55
2015-08-31,1579064710.34,836146856.80
2015-09-01,1541287528.11,811189967.37
2015-09-02,1568138361.79,826587255.78
2015-09-03,1572544532.06,827179364.40
2015-09-04,1555531001.32,814658527.21
2015-09-08,1598476068.01,835131670.43
2015-09-09,1581353425.53,823964466.40
2015-09-10,1588275316.65,828448520.63
2015-09-11,1604052821.86,832212942.25
2015-09-14,1594856268.72,829124952.17
2015-09-15,1615028921.47,839488739.73
2015-09-16,1621694729.00,846764537.21
2015-09-17,1622621396.16,844860995.40
2015-09-18,1605875343.18,831054445.42
2015-09-21,1610517353.74,835348830.83
2015-09-22,1597730575.26,824506058.27
2015-09-23,1605190620.38,823188464.50
2015-09-24,1598873958.21,820211749.87
2015-09-25,1614524354.82,819999363.92
2015-09-28,1569090873.57,799419642.68
2015-09-29,1560261848.11,799887692.65
2015-09-30,1589729792.96,814812002.62
2015-10-01,1581584944.91,816937864.33
2015-10-02,1598795028.37,829141046.68
2015-10-05,1625559072.41,843895632.71
2015-10-06,1615963088.78,841004165.09
2015-10-07,1628411833.21,847892616.18
2015-10-08,1617442307.99,855546134.15
2015-10-09,1626990722.24,856056307.07
2015-10-12,1634095884.41,856864189.97
2015-10-13,1623258732.18,851464134.69
2015-10-14,1607994713.98,847382135.23
2015-10-15,1628084143.79,860393354.49
2015-10-16,1635500950.11,864305321.98
2015-10-19,1643579625.27,864730247.89
2015-10-20,1642007964.39,863624886.06
2015-10-21,1620244913.36,858267492.79
2015-10-22,1649917574.87,872766722.83
2015-10-23,1667755751.35,882333639.54
2015-10-26,1675080256.95,880165115.83
2015-10-27,1672342473.47,878464488.08
2015-10-28,1705729695.25,888456561.72
2015-10-29,1704358445.03,887946388.80
2015-10-30,1686590790.18,884119668.32
2015-11-02,1706148799.49,894579406.89
2015-11-03,1699271591.82,897173087.54
2015-11-04,1687944558.09,894451882.92
2015-11-05,1684251424.48,893558907.03
2015-11-06,1690111579.40,893091165.09
2015-11-09,1668793554.17,884757211.21
2015-11-10,1679878908.58,886798518.97
2015-11-11,1683250301.47,883311708.42
2015-11-12,1656784693.85,870980848.07
2015-11-13,1635019405.08,861201314.39
2015-11-16,1668062490.18,874297395.62
2015-11-17,1661292289.26,873659852.73
2015-11-18,1688509767.15,887521154.85
2015-11-19,1687167588.55,886755933.97
2015-11-20,1701787829.59,889987311.52
2015-11-23,1710039658.74,888966965.67
2015-11-24,1703009574.49,890157497.51
2015-11-25,1713079304.36,890029973.53
2015-11-27,1711278952.98,891050242.37
2015-11-30,1703695613.10,887351199.88
2015-12-01,1713479471.88,895812523.73
2015-12-02,1701790352.14,886670686.96
2015-12-03,1685269764.48,874254887.63
2015-12-04,1716303708.74,891305675.36
2015-12-07,1709510371.63,885905543.08
2015-12-08,1717677260.03,879952498.86
2015-12-09,1695787152.79,873106709.77
2015-12-10,1695778914.43,875360249.47
2015-12-11,1664246556.70,858394939.76
2015-12-14,1670366507.86,862732064.19
2015-12-15,1686864013.43,871788422.93
2015-12-16,1692618623.88,884544748.25
2015-12-17,1669882041.26,871065864.06
2015-12-18,1649002410.27,855547905.31
2015-12-21,1660691491.02,862605464.29
2015-12-22,1669061472.31,870432941.60
2015-12-23,1682064573.36,881211490.13
2015-12-24,1679865340.16,879757285.52
2015-12-28,1681533640.15,877747011.68
2015-12-29,1702417947.96,887114248.63
2015-12-30,1695709784.37,880826607.97
2015-12-31,1683605191.98,872015286.24
2016-01-04,1644896133.66,859825195.12
2016-01-05,1648265753.99,861279399.73
2016-01-06,1634386899.93,850414988.13
2016-01-07,1603333755.06,830012075.50
2016-01-08,1586640881.54,820901503.67
2016-01-11,1579480592.31,821714315.02
2016-01-12,1603666261.48,828344252.83
2016-01-13,1563304408.70,807684675.09
2016-01-14,1578592521.86,820944088.67
2016-01-15,1544847704.21,803321599.23
2016-01-19,1559436992.87,804391152.70
2016-01-20,1553815954.32,794082810.35
2016-01-21,1562692230.56,798531287.23
2016-01-22,1604538490.78,814913113.12
2016-01-25,1588512886.15,802594881.96
2016-01-26,1607267940.73,813544848.59
2016-01-27,1596033896.70,804690325.80
2016-01-28,1609373185.48,808882137.58
2016-01-29,1640904511.30,828600840.93
2016-02-01,1643644282.09,828301282.79
2016-02-02,1623813629.04,813373661.51
2016-02-03,1624240321.01,818249451.54
2016-02-04,1619322220.02,819533085.12
2016-02-05,1575394092.10,803920561.49
2016-02-08,1531691605.12,793099196.95
2016-02-09,1520424316.23,793141781.95
2016-02-10,1529993845.48,792457341.65
2016-02-11,1529252731.17,782149153.31
2016-02-12,1563456695.17,798274468.11
2016-02-16,1596273543.37,811748115.81
2016-02-17,1618571654.68,825007991.43
2016-02-18,1607375692.44,821628759.98
2016-02-19,1615233547.47,821243877.83
2016-02-22,1643110707.21,833134718.84
2016-02-23,1641179062.50,822612527.40
2016-02-24,1648382098.56,826376718.00
2016-02-25,1720682213.80,836385348.20
2016-02-26,1727833223.92,834460706.40
2016-02-29,1712703798.43,827916246.62
2016-03-01,1745681596.05,847377976.84
2016-03-02,1740235673.97,851184829.45
2016-03-03,1746315463.29,854521475.89
2016-03-04,1748679807.21,857301668.06
2016-03-07,1747235423.68,857985800.33
2016-03-08,1736958796.87,848618563.38
2016-03-09,1741302539.48,852810452.16
2016-03-10,1741364460.91,853494584.43
2016-03-11,1757713127.41,867267713.26
2016-03-14,1760779566.39,866155497.78
2016-03-15,1749906468.49,864744186.20
2016-03-16,1762521722.82,869748347.29
2016-03-17,1768425659.36,875266146.63
2016-03-18,1764323331.40,878705674.73
2016-03-21,1766624042.89,879952421.85
2016-03-22,1764471479.41,879479751.45
2016-03-23,1762359362.86,873675254.18
2016-03-24,1763574569.51,873288446.84
2016-03-28,1765653828.44,873804549.33
2016-03-29,1776236063.36,881887228.60
2016-03-30,1783207016.86,885756611.09
2016-03-31,1783135135.86,883607031.16
2016-04-01,1771435986.40,889626147.59
2016-04-04,1759818785.46,886745306.97
2016-04-05,1744609204.07,877888627.98
2016-04-06,1770381855.91,887476182.63
2016-04-07,1759265022.36,876856808.05
2016-04-08,1764859435.50,879221700.21
2016-04-11,1760629507.76,877157906.34
2016-04-12,1767694340.98,885326602.70
2016-04-13,1778442181.28,894269529.79
2016-04-14,1777945511.46,894312422.81
2016-04-15,1784184408.01,893323572.92
2016-04-18,1792908559.00,899600817.60
2016-04-19,1787074617.31,902438149.14
2016-04-20,1800083363.87,903297857.90
2016-04-21,1782476387.24,898439702.53
2016-04-22,1762372774.29,898439702.53
2016-04-25,1768438583.31,896892088.15
2016-04-26,1772887081.26,898224698.33
2016-04-27,1778330070.61,900073333.99
2016-04-28,1717099147.70,891904791.64
2016-04-29,1705594554.41,887089606.31
2016-05-02,1716104474.51,894140388.65
2016-05-03,1704270753.55,886358422.62
2016-05-04,1698972541.50,881414481.19
2016-05-05,1696836685.13,881242216.01
2016-05-06,1701632835.46,884466739.92
2016-05-09,1711504116.72,885197923.61
2016-05-10,1730086594.36,896204182.52
2016-05-11,1705096529.36,887820404.96
2016-05-12,1716261308.69,888078225.18
2016-05-13,1705557164.78,880339229.19
2016-05-16,1721824690.66,889024028.03
2016-05-17,1695191841.08,880726344.55
2016-05-18,1695107609.78,880984241.78
2016-05-19,1686177474.70,877931675.02
2016-05-20,1700748239.49,883478121.05
2016-05-23,1688012204.07,882274266.96
2016-05-24,1712450993.66,893710688.29
2016-05-25,1713562602.41,899772466.73
2016-05-26,1719368410.47,900030517.97
2016-05-27,1721534688.58,903900054.47
2016-05-31,1714485379.84,902180328.92
2016-06-01,1717791785.91,904029118.59
2016-06-02,1732591760.58,906780356.04
2016-06-03,1722007371.34,904071780.60
2016-06-06,1733015323.54,908672269.76
2016-06-07,1737413207.05,910091128.05
2016-06-08,1745494479.24,913057523.71
2016-06-09,1749915440.57,911810776.59
2016-06-10,1732119428.10,903169101.80
2016-06-13,1716073936.84,896204182.52
2016-06-14,1727527353.37,894441255.92
2016-06-15,1725248694.96,893194662.81
2016-06-16,1732534818.45,895860114.20
2016-06-17,1728839665.60,892523698.78
2016-06-20,1742916307.39,898271441.72
2016-06-21,1743732559.11,900821382.26
2016-06-22,1735999156.16,899351930.22
2016-06-23,1756943086.11,911064114.45
2016-06-24,1702573719.50,878348669.20
2016-06-27,1666917986.68,862617400.42
2016-06-28,1703149272.18,878175479.93
2016-06-29,1728141813.70,893129052.65
2016-06-30,1769658889.20,905316217.50
2016-07-01,1774150013.08,907217757.13
2016-07-05,1773245450.80,900691933.10
2016-07-06,1781668408.13,906093913.56
2016-07-07,1775954276.65,905532145.78
2016-07-08,1805248132.59,919016112.45
2016-07-11,1808843427.81,922257346.93
2016-07-12,1809056258.85,928955744.17
2016-07-13,1806185885.10,928826526.04
2016-07-14,1811266060.08,934012501.20
2016-07-15,1804513439.60,932759285.47
2016-07-18,1801534619.78,935265716.93
2016-07-19,1798784328.39,934314908.61
2016-07-20,1812574996.28,938204544.00
2016-07-21,1834027458.23,934660671.09
2016-07-22,1856080666.69,938853021.91
2016-07-25,1854103813.56,936302927.36
2016-07-26,1852417678.37,936735168.97
2016-07-27,1849597914.75,935741159.59
2016-07-28,1855265800.08,936821725.10
2016-07-29,1860928023.92,938333916.15
2016-08-01,1855771739.48,937556374.11
2016-08-02,1836799938.08,931549193.80
2016-08-03,1844253849.66,934271707.55
2016-08-04,1849082822.05,935265716.93
2016-08-05,1856039620.07,942915230.51
2016-08-08,1845137873.74,942353385.73
2016-08-09,1844917914.06,942915230.51
2016-08-10,1847161796.34,940581526.29
2016-08-11,1854932809.05,944946527.33
2016-08-12,1848496407.71,944125322.19
2016-08-15,1844374388.45,946847835.94
2016-08-16,1820030534.03,941964422.20
2016-08-17,1821526988.09,943736358.65
2016-08-18,1832059077.75,945854057.58
2016-08-19,1838311699.01,944470930.65
2016-08-22,1848331391.69,944427575.58
2016-08-23,1853945448.75,946329192.22
2016-08-24,1840680394.49,941489210.55
2016-08-25,1843321144.83,940840655.63
2016-08-26,1827717209.07,939068488.15
2016-08-29,1835892207.95,943692849.56
2016-08-30,1830672684.49,942137226.43
2016-08-31,1829054966.78,939457836.73
2016-09-01,1828087200.93,939501114.80
2016-09-02,1845871535.29,943736358.65
2016-09-06,1839023090.24,946588552.58
2016-09-07,1842456042.06,946502304.48
2016-09-08,1827034792.45,944341250.47
2016-09-09,1786900163.15,921738626.20
2016-09-12,1824301434.95,934963078.50
2016-09-13,1809549869.84,921522620.91
2016-09-14,1808962795.11,921176858.43
2016-09-15,1826838612.25,930381995.15
2016-09-16,1811231936.50,926785757.33
2016-09-19,1823124756.38,926959485.65
2016-09-20,1827562752.36,927002840.72
2016-09-21,1843109945.37,937427464.00
2016-09-22,1854205141.46,943334534.90
2016-09-23,1848302695.31,938165655.34
2016-09-26,1843947227.00,930564656.31
2016-09-27,1863877887.04,936341430.98
2016-09-28,1856265974.79,940989048.57
2016-09-29,1851387821.44,932475821.85
2016-09-30,1859144003.58,939512280.84
2016-10-03,1841116434.42,937253581.66
2016-10-04,1829143261.33,932475821.85
2016-10-05,1829191702.68,936602023.46
2016-10-06,1830554161.29,937253581.66
2016-10-07,1820401676.99,934039299.72
2016-10-10,1835575358.39,938904308.73
2016-10-11,1819546144.13,927046118.79
2016-10-12,1824091343.17,928262448.05
2016-10-13,1815378006.12,925222125.44
2016-10-14,1818911352.55,925699801.31
2016-10-17,1814129890.52,922485519.37
2016-10-18,1850729572.32,928262448.05
2016-10-19,1876202660.81,930738384.63
2016-10-20,1870267422.98,929000947.42
2016-10-21,1882844536.47,929435037.20
2016-10-24,1887582219.10,933387741.51
2016-10-25,1873886395.89,930260477.74
2016-10-26,1871044956.24,928392744.29
2016-10-27,1868289314.31,925916961.71
2016-10-28,1887477050.82,923180432.65
2016-10-31,1896381428.81,923223864.73
2016-11-01,1875561621.66,916534708.35
2016-11-02,1870861809.37,911018449.16
2016-11-03,1862978699.17,906848507.44
2016-11-04,1860657188.44,905849569.60
2016-11-07,1889383039.79,925829943.54
2016-11-08,1894915978.18,929999962.27
2016-11-09,1907314670.77,939859506.46
2016-11-10,1873448836.57,942205223.82
2016-11-11,1867663039.02,940033619.82
2016-11-14,1850436045.80,940771888.17
2016-11-15,1872395102.42,948112448.74
2016-11-16,1876700492.35,946331502.44
2016-11-17,1889387745.44,951196434.44
2016-11-18,1892328509.83,949068185.52
2016-11-21,1919398278.43,956234863.75
2016-11-22,1934112090.17,958102828.22
2016-11-23,1945703814.55,958624167.20
2016-11-25,1958533408.07,962185520.75
2016-11-28,1944560185.97,957668430.41
2016-11-29,1951551085.14,959536240.87
2016-11-30,1930000427.74,957233724.58
2016-12-01,1918330020.27,953715803.11
2016-12-02,1915361493.87,954193555.99
2016-12-05,1914055169.52,959926975.58
2016-12-06,1930264782.71,962967452.20
2016-12-07,1951973234.40,975563833.49
2016-12-08,1944120467.30,977952674.90
2016-12-09,1945706117.06,983859899.82
2016-12-12,1931801138.80,982730819.75
2016-12-13,1940310662.93,989289525.87
2016-12-14,1928602963.80,981123678.78
2016-12-15,1925314497.47,985163016.23
2016-12-16,1923971364.23,983236295.23
2016-12-19,1932440123.62,985377173.35
2016-12-20,1941189515.99,989178404.43
2016-12-21,1932620556.73,986426011.87
2016-12-22,1921966538.15,984721764.78
2016-12-23,1921794468.68,986163648.23
2016-12-27,1928287585.86,988610553.09
2016-12-28,1915617366.78,980439931.55
2016-12-29,1918631866.97,980221847.06
2016-12-30,1899713490.76,976638854.48
2017-01-03,1894494272.33,984110173.33
2017-01-04,1921726832.98,989964725.30
2017-01-05,1918106417.53,989178404.43
2017-01-06,1928947011.89,992717425.88
2017-01-09,1926837261.78,989440537.05
2017-01-10,1929770745.09,989440537.05
2017-01-11,1948940115.57,992236977.75
2017-01-12,1945649170.16,989746409.79
2017-01-13,1941697720.81,992018431.22
2017-01-17,1927652031.83,988523072.87
2017-01-18,1931969125.32,990707768.10
2017-01-19,1928568094.95,987037680.33
2017-01-20,1935772210.86,990664027.99
2017-01-23,1920798455.15,988086056.82
2017-01-24,1939657401.89,994421672.98
2017-01-25,1949306219.12,1003028771.52
2017-01-26,1947621678.84,1001980164.01
2017-01-27,1948829732.27,1000407291.26
2017-01-30,1948782326.63,994203049.44
2017-01-31,1948244701.64,994115415.21
2017-02-01,1922335408.79,994508999.18
2017-02-02,1945914393.67,995164176.73
2017-02-03,1951504284.04,1002023596.09
2017-02-06,1956402907.83,1000232638.85
2017-02-07,1978460799.03,1000276147.94
2017-02-08,1995512592.89,1001587042.09
2017-02-09,2006766877.79,1007528766.24
2017-02-10,2010223819.41,1011505034.77
2017-02-13,2004770318.12,1017009742.88
2017-02-14,2012296433.80,1021073260.60
2017-02-15,2021919628.59,1026403624.33
2017-02-16,2021164539.51,1025529900.25
2017-02-17,2030068243.83,1027146436.11
2017-02-21,2039248395.87,1033263197.71
2017-02-22,2012662703.16,1032345887.54
2017-02-23,2026509975.92,1033044574.17
2017-02-24,2034636957.70,1034355314.30
2017-02-27,2031717738.08,1035972004.17
2017-02-28,2045838371.50,1033175717.49
2017-03-01,2051848110.06,1047637907.06
2017-03-02,2050559127.95,1041040543.31
2017-03-03,2046975765.56,1041695720.85
2017-03-06,2042186902.24,1038593484.43
2017-03-07,2037447537.36,1035491633.05
2017-03-08,2039255994.69,1033569070.44
2017-03-09,2023245719.20,1034879887.58
2017-03-10,2038073359.20,1038506158.23
2017-03-13,2046182742.99,1039030346.47
2017-03-14,2029733148.81,1035054539.99
2017-03-15,2046158548.99,1044011405.39
2017-03-16,2044497616.26,1041957776.47
2017-03-17,2043590137.37,1040127853.57
2017-03-20,2037314146.93,1038986837.38
2017-03-21,2028487642.01,1025647105.26
2017-03-22,2038250233.33,1028060434.97
2017-03-23,2031826213.89,1026963389.91
2017-03-24,2020529498.57,1026217497.85
2017-03-27,2019763569.66,1025164346.91
2017-03-28,2031110938.65,1032624345.70
2017-03-29,2021078082.75,1033589631.38
2017-03-30,2025989667.21,1036880612.53
2017-03-31,2025961968.93,1034467359.83
2017-04-03,2003184552.41,1032668239.82
2017-04-04,1999893178.18,1033326189.63
2017-04-05,1997000796.29,1030254525.08
2017-04-06,1999040887.51,1033150921.16
2017-04-07,1955269478.41,1032097462.20
2017-04-10,1952385598.66,1032711979.93
2017-04-11,1961477876.29,1031483406.52
2017-04-12,1954261337.46,1026963389.91
2017-04-13,1942134994.42,1020293408.34
2017-04-17,1956522864.11,1029333056.52
2017-04-18,1962484249.08,1026261468.98
2017-04-19,1962597036.76,1024374483.71
2017-04-20,1978803499.44,1032711979.93
2017-04-21,1988527596.53,1029420921.77
2017-04-24,2006504066.65,1040742217.28
2017-04-25,2008346023.51,1046798143.17
2017-04-26,2011907073.57,1046139885.33
2017-04-27,2028891841.59,1047017536.78
2017-04-28,2006940254.90,1044735581.42
2017-05-01,2008223281.42,1047368304.73
2017-05-02,2023219169.72,1047763505.86
2017-05-03,2030072834.08,1046490884.31
2017-05-04,2050723290.57,1047719611.73
2017-05-05,2062949682.08,1051844504.22
2017-05-08,2058149054.66,1051669081.74
2017-05-09,2074570548.34,1050703719.06
2017-05-10,2077205836.98,1052590473.30
2017-05-11,2069149635.93,1050440046.29
2017-05-12,2062567184.05,1048685051.43
2017-05-15,2078194712.30,1054477227.54
2017-05-16,2072310401.26,1053511941.86
2017-05-17,2033712170.32,1034818204.79
2017-05-18,2051905922.83,1038986837.38
2017-05-19,2062365638.80,1045744761.22
2017-05-22,2079117682.86,1051054487.01
2017-05-23,2057341715.23,1053380182.48
2017-05-24,2091756657.51,1055837637.33
2017-05-25,2113059589.49,1060884075.39
2017-05-26,2110873046.67,1060664835.79
2017-05-30,2118661247.16,1059743059.20
2017-05-31,2130477774.50,1059479925.48
2017-06-01,2160327249.89,1067905132.94
2017-06-02,2173869622.93,1071459478.83
2017-06-05,2167615490.82,1070669692.64
2017-06-06,2158640831.82,1067246952.11
2017-06-07,2162127523.30,1069221494.60
2017-06-08,2157696639.01,1069748378.09
2017-06-09,2107239838.97,1068124526.55
2017-06-12,2100856240.89,1067905132.94
2017-06-13,2129837789.63,1073127224.50
2017-06-14,2135652433.89,1071766660.69
2017-06-15,2134966127.66,1069704483.97
2017-06-16,2134708162.27,1069937969.90
2017-06-19,2166226330.69,1078845011.62
2017-06-20,2146850891.41,1071569522.17
2017-06-21,2149977344.61,1071305079.33
2017-06-22,2150689833.68,1070820010.76
2017-06-23,2148250973.23,1072098561.87
2017-06-26,2156804104.62,1072804179.15
2017-06-27,2123637822.21,1064161657.28
2017-06-28,2131382258.01,1073686143.00
2017-06-29,2106711177.42,1064249445.53
2017-06-30,2116055184.59,1066233998.96
2017-07-03,2095317225.61,1068041897.79
2017-07-05,2076348554.93,1070511288.76
2017-07-06,2065850726.40,1060721975.16
2017-07-07,2087083310.10,1067600954.37
2017-07-10,2089720879.58,1068747130.04
2017-07-11,2085435677.35,1067953570.49
2017-07-12,2099183713.50,1075979110.40
2017-07-13,2092356458.68,1077787009.23
2017-07-14,2091979726.75,1082813733.44
2017-07-17,2090693898.05,1082681743.04
2017-07-18,2102739564.85,1083254676.86
2017-07-19,2110399581.84,1089119701.82
2017-07-20,2113711265.33,1089604924.40
2017-07-21,2120309876.64,1088634710.26
2017-07-24,2119502513.71,1088370036.39
2017-07-25,2042259033.79,1091015696.92
2017-07-26,2024438930.39,1091059591.05
2017-07-27,2016737974.91,1090045790.81
2017-07-28,2013413055.62,1088766854.67
2017-07-31,2031093875.34,1088149410.67
2017-08-01,2029027178.05,1090574753.50
2017-08-02,2047351537.88,1091103870.21
2017-08-03,2065718761.04,1088987403.39
2017-08-04,2063133616.38,1090971648.79
2017-08-07,2061207587.98,1092999942.32
2017-08-08,2036584185.38,1090310156.65
2017-08-09,2041799353.62,1090266031.50
2017-08-10,2018483344.11,1074876674.84
2017-08-11,2022000270.79,1076464101.96
2017-08-14,2034699873.10,1087134994.37
2017-08-15,2009960331.47,1087003235.00
2017-08-16,2015796632.72,1088898922.08
2017-08-17,1994668414.05,1071922292.31
2017-08-18,1994138767.14,1070246845.92
2017-08-21,2004027826.57,1071084453.60
2017-08-22,2016431517.36,1082284693.74
2017-08-23,2005144166.31,1078404376.23
2017-08-24,1986266681.02,1075891014.13
2017-08-25,1978417790.54,1078404376.23
2017-08-28,1979376929.42,1078448501.37
2017-08-29,1977026678.69,1079683158.36
2017-08-30,1991351159.07,1084798209.86
2017-08-31,2014003703.91,1091324495.93
2017-09-01,2020857733.48,1092867797.91
2017-09-05,2006198949.20,1085018835.58
2017-09-06,2010201963.18,1088722806.53
2017-09-07,2019852543.07,1088590431.10
2017-09-08,2032568131.41,1087311725.98
2017-09-11,2059549986.66,1098908784.39
2017-09-12,2068042952.75,1102612832.35
2017-09-13,2067948562.06,1103142257.08
2017-09-14,2070985854.99,1102789332.93
2017-09-15,2095790972.95,1104273801.38
2017-09-18,2104489091.17,1106622445.01
2017-09-19,2098332602.23,1107730502.10
2017-09-20,2112967016.49,1108129168.55
2017-09-21,2113231434.81,1105160154.64
2017-09-22,2119955816.02,1105381627.44
2017-09-25,2105379228.11,1103121619.14
2017-09-26,2104648758.56,1103786422.59
2017-09-27,2121954591.15,1108084812.38
2017-09-28,2126927975.98,1109414342.27
2017-09-29,2135185331.09,1113313834.59
2017-10-02,2137690635.31,1118144498.38
2017-10-03,2156449555.29,1120537267.15
2017-10-04,2155004889.37,1121866874.05
2017-10-05,2183376365.18,1128513984.48
2017-10-06,2185063872.44,1127228656.73
2017-10-09,2183728765.27,1125367545.90
2017-10-10,2197548541.87,1128336559.81
2017-10-11,2198014669.03,1130109343.34
2017-10-12,2169933756.34,1128425272.14
2017-10-13,2140908959.26,1129799158.20
2017-10-16,2139770783.88,1131305650.72
2017-10-17,2137831952.54,1132103522.67
2017-10-18,2122224444.95,1133211117.72
2017-10-19,2114400497.31,1133521379.86
2017-10-20,2119430157.32,1139370926.37
2017-10-23,2102418890.19,1134939314.06
2017-10-24,2106467810.28,1136933724.42
2017-10-25,2111915181.37,1131305650.72
2017-10-26,2121631072.51,1132768172.11
2017-10-27,2121940609.14,1142029832.14
2017-10-30,2104790290.92,1137775567.50
2017-10-31,2111908452.30,1139548197.02
2017-11-01,2091775501.36,1141054997.57
2017-11-02,2101254430.30,1141498020.18
2017-11-03,2104446308.48,1145309108.19
2017-11-06,2090745918.62,1147081814.72
2017-11-07,2071745977.79,1146283942.77
2017-11-08,2067808269.16,1148233842.94
2017-11-09,2082367323.53,1144068290.63
2017-11-10,2082009500.84,1143713826.33
2017-11-13,2085776481.74,1144777065.21
2017-11-14,2102808492.12,1142118775.50
2017-11-15,2094446614.07,1136401758.44
2017-11-16,2124459790.94,1146062392.96
2017-11-17,2128543026.83,1142694404.57
2017-11-20,2133907068.64,1144644304.74
2017-11-21,2138928895.56,1152133258.25
2017-11-22,2134066063.04,1151114375.53
2017-11-24,2141011251.78,1153773050.29
2017-11-27,2132609344.39,1153197113.18
2017-11-28,2138915699.97,1164896360.20
2017-11-29,2168975839.14,1164187046.57
2017-11-30,2206008492.75,1174379647.05
2017-12-01,2189366175.96,1171941906.05
2017-12-04,2210761862.04,1170523971.85
2017-12-05,2201592175.66,1166314294.40
2017-12-06,2180731095.89,1166535536.18
2017-12-07,2178788709.35,1170213786.71
2017-12-08,2209626649.27,1176595222.18
2017-12-11,2196956504.62,1180140404.21
2017-12-12,2198136345.38,1182223141.86
2017-12-13,2194034775.25,1182090150.37
2017-12-14,2196222601.91,1177259794.61
2017-12-15,2219820891.33,1187063431.55
2017-12-18,2234837013.02,1194590888.67
2017-12-19,2229923238.89,1190003259.72
2017-12-20,2217022103.15,1189379501.12
2017-12-21,2236052829.20,1191829563.28
2017-12-22,2253061020.25,1191517683.98
2017-12-26,2242609598.08,1190092126.06
2017-12-27,2244766957.10,1190670912.43
2017-12-28,2250888621.90,1193121051.60
2017-12-29,2238332793.78,1188622211.98
2018-01-02,2218174484.25,1197129586.16
2018-01-03,2253819390.24,1204701476.45
2018-01-04,2286175689.72,1209779256.45
2018-01-05,2308136715.06,1217841066.77
2018-01-08,2325169758.56,1220068115.98
2018-01-09,2337748757.40,1222830134.44
2018-01-10,2306106008.00,1220959012.67
2018-01-11,2353547443.58,1229867363.51
2018-01-12,2374678072.43,1237884817.66
2018-01-16,2358441660.42,1233653501.18
2018-01-17,2371096863.24,1245412197.78
2018-01-18,2380645241.91,1243318987.14
2018-01-19,2403425192.93,1248975245.49
2018-01-22,2416221356.20,1259130959.50
2018-01-23,2435725991.31,1261803341.54
2018-01-24,2427348726.34,1261313498.53
2018-01-25,2433971806.86,1261847697.71
2018-01-26,2436787067.31,1276457356.13
2018-01-29,2413529955.59,1267994723.16
2018-01-30,2402867014.22,1254988740.39
2018-01-31,2412163540.76,1255612190.95
2018-02-01,2412285941.55,1254186787.05
2018-02-02,2358735372.92,1226882794.14
2018-02-05,2275598959.07,1175571642.02
2018-02-06,2299670511.00,1198732876.77
2018-02-07,2305528974.93,1192230231.92
2018-02-08,2199181236.09,1147511130.05
2018-02-09,2255201643.96,1164748352.30
2018-02-12,2296990697.41,1181851812.98
2018-02-13,2279278096.21,1184791718.15
2018-02-14,2313898232.83,1200781808.24
2018-02-15,2359739218.44,1216104245.62
2018-02-16,2377031588.72,1216460481.08
2018-02-20,2370015232.71,1208843926.59
2018-02-21,2404312043.21,1202831047.75
2018-02-22,2390075839.82,1204389905.18
2018-02-23,2416066981.81,1223586961.54
2018-02-26,2426836818.13,1237795720.29
2018-02-27,2377498667.78,1222339675.37
2018-02-28,2356859473.28,1209957605.21
2018-03-01,2331083815.87,1192363839.47
2018-03-02,2342020431.28,1198510787.90
2018-03-05,2331795920.45,1212362618.13
2018-03-06,2348347546.26,1215436130.85
2018-03-07,2353522948.95,1214990721.01
2018-03-08,2355895089.24,1220870069.31
2018-03-09,2414015960.39,1242115980.13
2018-03-12,2399263121.66,1240557507.73
2018-03-13,2390089386.63,1232539514.53
2018-03-14,2384567753.53,1226214679.38
2018-03-15,2389136081.25,1224878911.90
2018-03-16,2397913530.71,1226206901.65
2018-03-19,2377716758.54,1209616078.12
2018-03-20,2395336120.50,1211673249.37
2018-03-21,2377364469.61,1209347861.93
2018-03-22,2324898086.26,1179117286.10
2018-03-23,2300276907.23,1153984974.19
2018-03-26,2352245505.62,1185556862.03
2018-03-27,2329992110.24,1165388821.46
2018-03-28,2336623673.45,1161945057.96
2018-03-29,2361373887.49,1176792052.67
2018-04-02,2289821125.65,1151391370.55
2018-04-03,2315025183.66,1166148574.83
2018-04-04,2320701513.88,1178625363.89
2018-04-05,2346045568.90,1187927144.69
2018-04-06,2293216644.59,1161452981.73
2018-04-09,2301344762.75,1167177160.46
2018-04-10,2317536933.61,1185735826.84
2018-04-11,2313930817.95,1179519648.90
2018-04-12,2324399467.55,1189224100.52
2018-04-13,2313048175.79,1185735826.84
2018-04-16,2331497676.06,1195484403.61
2018-04-17,2362855594.61,1208274304.08
2018-04-18,2370934299.98,1209168666.10
2018-04-19,2370500400.65,1202461027.99
2018-04-20,2352696636.08,1192264577.14
2018-04-23,2348862820.56,1192085997.37
2018-04-24,2306361655.88,1176031914.26
2018-04-25,2319782631.52,1178938629.32
2018-04-26,2402422705.38,1190923342.15
2018-04-27,2399045691.99,1192041179.16
2018-04-30,2360103863.87,1182874084.01
2018-05-01,2382058893.52,1184975765.44
2018-05-02,2354786692.67,1177015681.68
2018-05-03,2358144172.86,1174421693.00
2018-05-04,2384940636.66,1189626309.31
2018-05-07,2392428055.20,1193651169.40
2018-05-08,2390522885.36,1193651169.40
2018-05-09,2401456763.07,1205189009.25
2018-05-10,2411820130.10,1216458093.86
2018-05-11,2416996248.77,1220169765.53
2018-05-14,2403108584.69,1220751247.15
2018-05-15,2395226834.09,1212344059.39
2018-05-16,2401395477.88,1217441707.26
2018-05-17,2394657988.76,1216413583.68
2018-05-18,2390070269.11,1213372105.96
2018-05-21,2416452615.86,1222494921.95
2018-05-22,2393657237.93,1219096823.74
2018-05-23,2406860476.53,1222450488.78
2018-05-24,2421882772.88,1219946444.55
2018-05-25,2413855251.42,1217039190.44
2018-05-29,2376411627.44,1203042432.60
2018-05-30,2417586661.75,1219096823.74
2018-05-31,2406370772.70,1211628277.15
2018-06-01,2426404893.72,1223524354.65
2018-06-04,2446980085.88,1229337322.72
2018-06-05,2475118248.75,1230231761.74
2018-06-06,2518087581.52,1240517463.97
2018-06-07,2525367128.48,1240383009.34
2018-06-08,2524435427.60,1244050016.81
2018-06-11,2533010822.14,1245704363.22
2018-06-12,2552547482.41,1247314507.48
2018-06-13,2545708481.16,1243334234.57
2018-06-14,2550249166.85,1246464886.66
2018-06-15,2570622380.12,1244874687.28
2018-06-18,2585290207.53,1242314504.78
2018-06-19,2601445740.97,1237552839.48
2018-06-20,2606286402.13,1239663915.79
2018-06-21,2604650910.56,1231892730.77
2018-06-22,2613388163.60,1234138569.74
2018-06-25,2542805208.06,1217338594.57
2018-06-26,2556480256.45,1220034078.78
2018-06-27,2531802366.27,1209926879.32
2018-06-28,2552786202.97,1216844670.17
2018-06-29,2553606908.15,1218596276.72
2018-07-02,2510350255.14,1221201662.46
2018-07-03,2502966928.63,1216889411.37
2018-07-05,2506945098.59,1226816798.94
2018-07-06,2521909440.57,1237193215.69
2018-07-09,2534040765.49,1248333467.20
2018-07-10,2515918588.16,1252825299.16
2018-07-11,2537104567.60,1243661746.34
2018-07-12,2545386319.63,1254936837.51
2018-07-13,2551527706.05,1255925148.35
2018-07-16,2539896070.41,1254801766.82
2018-07-17,2559893462.33,1259877929.67
2018-07-18,2564432809.68,1262528210.64
2018-07-19,2541280605.82,1257766545.33
2018-07-20,2537034365.99,1256329359.32
2018-07-23,2513253995.34,1258665219.75
2018-07-24,2474602417.95,1264998756.72
2018-07-25,2481978712.52,1275779769.48
2018-07-26,2472181064.59,1272770634.80
2018-07-27,2462479752.41,1264145670.58
2018-07-30,2430897307.62,1257542069.24
2018-07-31,2464222086.93,1263740997.57
2018-08-01,2485980198.68,1261630075.27
2018-08-02,2522889964.57,1268502585.86
2018-08-03,2540235886.64,1273937987.46
2018-08-06,2547612691.70,1278610247.37
2018-08-07,2537450113.84,1282832245.98
2018-08-08,2570958873.96,1282293426.36
2018-08-09,2587353382.45,1280541280.77
2018-08-10,2576296109.08,1271961519.79
2018-08-13,2553163031.46,1267200239.52
2018-08-14,2562941014.06,1275285460.04
2018-08-15,2543891659.86,1265762360.45
2018-08-16,2572136517.09,1276004630.60
2018-08-17,2571444214.22,1280496154.53
2018-08-20,2576966180.36,1283236379.94
2018-08-21,2590193709.74,1286246130.68
2018-08-22,2601697195.44,1285482449.94
2018-08-23,2595887494.61,1283775738.61
2018-08-24,2638920630.83,1291501720.38
2018-08-27,2646498411.09,1301698710.28
2018-08-28,2654078097.22,1302327551.35
2018-08-29,2669961773.66,1309335363.65
2018-08-30,2659732192.76,1304034339.68
2018-08-31,2655755738.17,1304079465.92
2018-09-04,2646927868.33,1301833472.93
2018-09-05,2616095130.10,1298329797.80
2018-09-06,2621401483.26,1294421834.69
2018-09-07,2635223721.95,1291905931.35
2018-09-10,2639397270.57,1294151847.33
2018-09-11,2614326984.39,1298419896.27
2018-09-12,2607708517.06,1298733623.74
2018-09-13,2620189407.24,1306415711.39
2018-09-14,2600238996.71,1306639956.45
2018-09-17,2574005686.41,1299722396.62
2018-09-18,2611002135.64,1306774565.10
2018-09-19,2610478970.85,1308167317.93
2018-09-20,2634683577.17,1318768441.79
2018-09-21,2653345975.71,1317563586.61
2018-09-24,2653912053.96,1313186495.43
2018-09-25,2654689559.49,1311968703.03
2018-09-26,2651483835.98,1308042412.20
2018-09-27,2667656482.31,1311697483.55
2018-09-28,2671028244.78,1311833170.30
2018-10-01,2617609773.56,1316390766.43
2018-10-02,2605914272.88,1315623466.35
2018-10-03,2619404414.64,1316345024.14
2018-10-04,2589415825.12,1306057165.70
2018-10-05,2593744851.46,1298747177.01
2018-10-08,2587797310.75,1298747177.01
2018-10-09,2595371111.59,1296851720.95
2018-10-10,2514132064.01,1255789846.64
2018-10-11,2461704874.50,1228128617.17
2018-10-12,2507988469.66,1245185565.49
2018-10-15,2487456272.08,1238191229.45
2018-10-16,2457127091.58,1265265432.77
2018-10-17,2468975529.99,1265491371.99
2018-10-18,2448210851.97,1247216015.23
2018-10-19,2447934140.03,1246539275.65
2018-10-22,2447328334.73,1240943930.03
2018-10-23,2431500446.26,1234626333.56
2018-10-24,2346350836.96,1197219068.56
2018-10-25,2393239056.01,1218697772.25
2018-10-26,2377481625.86,1197263886.77
2018-10-29,2352789455.46,1190630945.68
2018-10-30,2417787128.94,1208274227.07
2018-10-31,2444450087.57,1221179638.39
2018-11-01,2457428384.31,1234175533.22
2018-11-02,2452537982.68,1226865159.49
2018-11-05,2438281880.12,1233633864.33
2018-11-06,2452996644.23,1241440010.63
2018-11-07,2511559415.41,1268017979.34
2018-11-08,2529645380.42,1265716541.15
2018-11-09,2521413579.31,1253352952.72
2018-11-12,2479752329.77,1229933820.75
2018-11-13,2468167277.28,1227632305.55
2018-11-14,2469630699.52,1219239595.15
2018-11-15,2469831417.42,1231964039.47
2018-11-16,2498253314.54,1235167925.44
2018-11-19,2427828905.58,1214275708.85
2018-11-20,2417751031.16,1191804150.89
2018-11-21,2435841057.31,1195865204.38
2018-11-23,2444304728.84,1187878476.12
2018-11-26,2482426576.36,1207056049.64
2018-11-27,2493424442.40,1211116872.11
2018-11-28,2544759547.09,1239003347.74
2018-11-29,2564472631.99,1236296004.41
2018-11-30,2558227210.52,1243831624.30
2018-12-03,2572038281.41,1260301546.47
2018-12-04,2486393788.55,1219464764.30
2018-12-06,2471954388.09,1217614819.52
2018-12-07,2410404449.58,1189322438.76
2018-12-10,2401210911.13,1191578442.69
2018-12-11,2383221995.85,1191849431.14
2018-12-12,2381169576.26,1197850681.90
2018-12-13,2378548844.40,1197444699.76
2018-12-14,2352246872.31,1175334074.71
2018-12-17,2303819839.05,1152275875.64
2018-12-18,2314129015.72,1151012648.98
2018-12-19,2275361143.05,1133775349.72
2018-12-20,2230197167.97,1115319642.01
2018-12-21,2215667310.89,1092467437.30
2018-12-24,2158297494.36,1063601044.62
2018-12-26,2273224044.23,1117339541.76
2018-12-27,2286027099.11,1125917993.61
2018-12-28,2288774717.76,1124465098.13
2018-12-31,2293523437.50,1134314169.34
2019-01-02,2266649300.14,1135494151.19
2019-01-03,2215920909.45,1108398231.82
2019-01-04,2278502974.29,1145524805.45
2019-01-07,2303650408.25,1154556983.93
2019-01-08,2304588984.45,1165404376.92
2019-01-09,2329548963.66,1170850790.55
2019-01-10,2338300784.46,1174980765.52
2019-01-11,2351806882.23,1175434800.17
2019-01-14,2321694908.86,1168263809.53
2019-01-15,2353431722.26,1181653057.31
2019-01-16,2353019027.05,1184512412.91
2019-01-17,2408374523.49,1193498849.09
2019-01-18,2460971305.08,1209384209.34
2019-01-22,2426702244.03,1193044968.45
2019-01-23,2465894722.25,1195541234.95
2019-01-24,2495677942.19,1196177237.69
2019-01-25,2542309322.53,1206298067.43
2019-01-28,2519391291.74,1197129740.17
2019-01-29,2496880359.54,1195541234.95
2019-01-30,2525420859.73,1214468149.92
2019-01-31,2562299113.61,1225133651.83
2019-02-01,2546449590.51,1225724066.29
2019-02-04,2566644302.57,1234347490.37
2019-02-05,2611542663.50,1239521837.44
2019-02-06,2620406639.35,1237887512.92
2019-02-07,2614713698.10,1226087001.39
2019-02-08,2621621653.29,1227584484.06
2019-02-11,2645211908.62,1228265690.05
2019-02-12,2629700734.06,1244060181.77
2019-02-13,2648677678.08,1248099673.24
2019-02-14,2633495144.68,1245330878.14
2019-02-15,2625059995.79,1258901862.98
2019-02-19,2617132827.70,1261080628.65
2019-02-20,2622424450.31,1263622021.39
2019-02-21,2517129732.03,1259128803.30
2019-02-22,2558634012.33,1266935411.65
2019-02-25,2542630687.37,1268659911.64
2019-02-26,2526495845.22,1267752381.39
2019-02-27,2518568128.84,1267207786.23
2019-02-28,2508501050.55,1264847591.52
2019-03-01,2511013521.24,1272744375.33
2019-03-04,2497725606.31,1268115085.46
2019-03-05,2497731126.08,1266390354.44
2019-03-06,2483057533.23,1258720510.95
2019-03-07,2466428650.75,1248190618.78
2019-03-08,2479333121.47,1245694198.27
2019-03-11,2488290527.37,1263758247.19
2019-03-12,2466131485.66,1268523839.86
2019-03-13,2490653229.47,1276920708.65
2019-03-14,2502398735.79,1276103584.89
2019-03-15,2501916730.72,1282408244.15
2019-03-18,2500015073.32,1287058325.97
2019-03-19,2516837596.20,1287377289.94
2019-03-20,2483317936.37,1283501823.88
2019-03-21,2503872125.06,1297998820.71
2019-03-22,2456239807.70,1273017134.96
2019-03-25,2465097778.02,1272059550.00
2019-03-26,2491615521.77,1281541989.77
2019-03-27,2486863900.54,1274840666.26
2019-03-28,2529964273.07,1279672947.20
2019-03-29,2558729491.33,1287742458.24
2019-04-01,2544287964.40,1303013531.79
2019-04-02,2526691037.86,1303651767.74
2019-04-03,2568773811.62,1305702932.43
2019-04-04,2556384736.63,1309168103.94
2019-04-05,2588932069.91,1315503951.13
2019-04-08,2565227689.92,1316507355.38
2019-04-09,2556378964.20,1309760289.57
2019-04-10,2571623027.54,1314227787.24
2019-04-11,2600582189.79,1313863235.00
2019-04-12,2621465075.40,1322753104.10
2019-04-15,2627205926.75,1321886618.71
2019-04-16,2617248866.80,1322753104.10
2019-04-17,2658550301.12,1319516028.02
2019-04-18,2666902778.85,1322114252.09
2019-04-22,2656572992.77,1323254729.23
2019-04-23,2695425336.18,1335152500.89
2019-04-24,2751979525.64,1332189416.54
2019-04-25,2719691627.22,1331368673.44
2019-04-26,2716842243.37,1337568217.82
2019-04-29,2700337956.24,1339665894.87
2019-04-30,2716412297.37,1340349103.05
2019-05-01,2700541386.18,1330274554.66
2019-05-02,2714056731.17,1327402646.88
2019-05-03,2745395265.23,1340394999.37
2019-05-06,2742045267.31,1334878663.17
2019-05-07,2694371407.06,1312586917.10
2019-05-08,2709693668.88,1310762769.74
2019-05-09,2700081883.42,1306797513.25
2019-05-10,2692893341.13,1313361455.86
2019-05-13,2635546231.15,1280356771.43
2019-05-14,2646193425.37,1291935733.15
2019-05-15,2669762174.29,1299503080.02
2019-05-16,2690587376.29,1311538078.58
2019-05-17,2696441445.73,1303058812.04
2019-05-20,2698391916.48,1294443242.70
2019-05-21,2713643586.46,1306113689.01
2019-05-22,2711721633.03,1302101766.14
2019-05-23,2701043961.61,1286192225.61
2019-05-24,2692648048.88,1289110183.72
2019-05-28,2673375596.93,1277120080.38
2019-05-29,2658955572.50,1268550099.33
2019-05-30,2661315930.56,1272014269.75
2019-05-31,2655526228.54,1254873460.56
2019-06-03,2630196152.04,1251682511.80
2019-06-04,2690054688.35,1278851973.08
2019-06-05,2704806048.38,1289930233.76
2019-06-06,2720279935.86,1298317938.69
2019-06-07,2727357359.57,1311310599.21
2019-06-10,2721725938.15,1317328252.50
2019-06-11,2708494187.60,1317008980.51
2019-06-12,2712582271.15,1314683978.10
2019-06-13,2716051427.77,1320108829.70
2019-06-14,2712997172.85,1318650004.66
2019-06-17,2709591593.84,1319151013.73
2019-06-18,2731519608.35,1332963647.27
2019-06-19,2723422376.34,1335972935.96
2019-06-20,2741338195.97,1348737347.04
2019-06-21,2727464128.74,1346776896.87
2019-06-24,2697796523.47,1345127709.95
2019-06-25,2691102158.48,1331934368.58
2019-06-26,2680768160.17,1330606147.81
2019-06-27,2696537966.73,1335324535.05
2019-06-28,2707595395.83,1342195736.53
2019-07-01,2692095063.24,1354380591.16
2019-07-02,2702880364.97,1357908292.55
2019-07-03,2746983198.71,1368764772.39
2019-07-05,2734485756.20,1367207532.11
2019-07-08,2718661589.01,1359694552.35
2019-07-09,2737568886.85,1361389789.60
2019-07-10,2721009270.99,1367894744.66
2019-07-11,2736948841.43,1371101017.86
2019-07-12,2768085569.62,1377239726.52
2019-07-15,2719794737.28,1377697765.55
2019-07-16,2615725670.43,1373254448.15
2019-07-17,2632023827.61,1363908850.23
2019-07-18,2642148813.51,1368902461.33
2019-07-19,2652757827.33,1361298150.99
2019-07-22,2644797804.22,1364642267.13
2019-07-23,2670551512.59,1374398929.66
2019-07-24,2702218807.43,1380858296.45
2019-07-25,2686734227.15,1374261856.78
2019-07-26,2691265398.13,1383469303.72
2019-07-29,2662208003.05,1380949935.06
2019-07-30,2638711370.09,1377560230.63
2019-07-31,2605159201.65,1362489144.87
2019-08-01,2581586209.12,1350624640.33
2019-08-02,2565480867.28,1340454910.99
2019-08-05,2491301828.89,1300143318.16
2019-08-06,2526411955.71,1318374780.81
2019-08-07,2541907212.96,1319154248.03
2019-08-08,2577288510.65,1345035763.31
2019-08-09,2568151872.97,1335874058.67
2019-08-12,2521058002.83,1319612133.04
2019-08-13,2548795783.22,1340134560.90
2019-08-14,2481117602.02,1300509872.60
2019-08-15,2472443371.00,1303945319.32
2019-08-16,2502669805.17,1323184960.67
2019-08-19,2510386517.69,1339126536.21
2019-08-20,2498153267.71,1328865630.31
2019-08-21,2503976195.14,1339676675.89
2019-08-22,2511517474.14,1339264225.14
2019-08-23,2446494440.94,1304861551.39
2019-08-26,2474493721.65,1319291320.91
2019-08-27,2456159677.18,1314115048.65
2019-08-28,2478232366.38,1323368699.93
2019-08-29,2496967495.53,1340272095.82
2019-08-30,2503778321.41,1339676675.89
2019-09-03,2483905116.73,1331842729.97
2019-09-04,2548678125.84,1346960020.08
2019-09-05,2593052459.06,1364276020.73
2019-09-06,2569674561.04,1365329325.67
2019-09-09,2564057904.19,1366016692.24
2019-09-10,2575782480.75,1365695880.11
2019-09-11,2612860190.64,1375407262.38
2019-09-12,2616259596.31,1380171237.91
2019-09-13,2602444878.20,1379254851.82
2019-09-16,2601768830.22,1374994811.64
2019-09-17,2601443478.64,1378476000.66
2019-09-18,2609367672.76,1379301210.18
2019-09-19,2616454012.86,1379209109.52
2019-09-20,2610251182.30,1372693065.41
2019-09-23,2607563672.79,1372370097.07
2019-09-24,2581154524.92,1361602021.53
2019-09-25,2587814770.20,1369655438.06
2019-09-26,2574874638.56,1366802166.03
2019-09-27,2572664327.88,1359438888.33
2019-09-30,2596969522.93,1365743778.60
2019-10-01,2579732785.32,1349498332.52
2019-10-02,2536601333.09,1325659819.16
2019-10-03,2556788283.69,1336521073.45
2019-10-04,2576256855.95,1354606992.43
2019-10-07,2565110059.78,1348762143.37
2019-10-08,2580000659.53,1327823106.37
2019-10-09,2574106909.44,1340432732.91
2019-10-10,2611036237.82,1349498332.52
2019-10-11,2642892264.59,1363488390.74
2019-10-14,2621454976.11,1361970270.13
2019-10-15,2652844108.48,1375454390.81
2019-10-16,2648636928.69,1373245053.27
2019-10-17,2652298353.30,1377294863.70
2019-10-18,2649094911.12,1371266429.40
2019-10-21,2672474805.69,1380562742.68
2019-10-22,2665614730.39,1376052120.96
2019-10-23,2648120976.77,1380055881.07
2019-10-24,2684701065.16,1382310652.88
2019-10-25,2721627065.03,1387971762.68
2019-10-28,2721604687.48,1395794773.57
2019-10-29,2698179093.38,1395380166.62
2019-10-30,2739726335.15,1399660690.73
2019-10-31,2739260349.39,1395933078.56
2019-11-01,2742707618.21,1408864903.36
2019-11-04,2754626574.84,1414525089.07
2019-11-05,2772108818.21,1412960148.06
2019-11-06,2766304014.20,1413282500.34
2019-11-07,2789315422.92,1418253009.27
2019-11-08,2779863100.35,1421750061.78
2019-11-11,2773487060.71,1419035248.75
2019-11-12,2764672892.39,1422026055.71
2019-11-13,2773768877.18,1422486712.98
2019-11-14,2771098483.18,1424557283.49
2019-11-15,2796803508.71,1434865933.87
2019-11-18,2805341637.57,1435924937.35
2019-11-19,2816642202.30,1435510330.40
2019-11-20,2821510105.01,1430172034.93
2019-11-21,2800155085.69,1427871058.78
2019-11-22,2810147653.51,1431046067.04
2019-11-25,2847367161.39,1442137726.98
2019-11-26,2830854251.39,1445404835.88
2019-11-27,2858289446.32,1451847569.11
2019-11-29,2848967647.66,1446463223.31
2019-12-02,2836089749.91,1434175795.04
2019-12-03,2783185919.06,1424557283.49
2019-12-04,2807632804.54,1433347505.23
2019-12-05,2815308568.78,1435924937.35
2019-12-06,2829951019.37,1449040347.40
2019-12-09,2823990694.18,1444484291.41
2019-12-10,2814339320.06,1442873454.09
2019-12-11,2847523450.96,1446969468.86
2019-12-12,2884765775.31,1459440944.42
2019-12-13,2870020963.05,1460315438.57
2019-12-16,2872661458.93,1470347941.02
2019-12-17,2874970402.91,1470669831.25
2019-12-18,2840669384.86,1470762085.92
2019-12-19,2881002293.04,1476790674.24
2019-12-20,2897267508.80,1483264980.43
2019-12-23,2882713666.59,1485531303.33
2019-12-24,2887968437.50,1485577353.65
2019-12-26,2904709435.71,1493485996.58
2019-12-27,2905732776.84,1493115283.76
2019-12-30,2903549138.30,1484883980.52
2019-12-31,2911380274.16,1488491307.38
2020-01-02,2894629398.35,1502411597.04
2020-01-03,2888946679.87,1491034702.31
2020-01-06,2880256470.93,1496722610.63
2020-01-07,2878223826.06,1492514165.29
2020-01-08,2877110735.90,1500469012.56
2020-01-09,2884565698.52,1510642900.28
2020-01-10,2883923669.42,1506295533.90
2020-01-13,2867954399.43,1516655163.07
2020-01-14,2871388503.42,1514342943.86
2020-01-15,2886469110.28,1517765299.35
2020-01-16,2896382185.05,1530390635.37
2020-01-17,2892055239.58,1535153994.83
2020-01-21,2883554525.28,1532147478.40
2020-01-22,2895816318.82,1532332603.79
2020-01-23,2908107125.32,1534090062.89
2020-01-24,2876659707.18,1520447153.29
2020-01-27,2840285813.43,1496075595.85
2020-01-28,2860509417.97,1511753344.60
2020-01-29,2864422545.19,1510504441.28
2020-01-30,2863589984.62,1515406567.78
2020-01-31,2824854356.82,1487890034.90
2020-02-03,2790527869.94,1498942575.17
2020-02-04,2825277744.18,1521788773.32
2020-02-05,2869802812.43,1539362286.15
2020-02-06,2888250795.21,1544541638.70
2020-02-07,2850522929.94,1536310027.43
2020-02-10,2862268006.23,1547779022.81
2020-02-11,2873971420.92,1550461646.82
2020-02-12,2902796189.96,1560450717.18
2020-02-13,2929694156.13,1558785666.77
2020-02-14,2956753464.67,1561283319.39
2020-02-18,2956284152.20,1557259537.40
2020-02-19,2967905038.93,1564705058.83
2020-02-20,3274931476.32,1558277110.99
2020-02-21,3249943119.85,1542229573.50
2020-02-24,3155625692.38,1491080752.63
2020-02-25,3117696732.62,1445897836.20
2020-02-26,3089837169.70,1440579562.60
2020-02-27,2945892594.58,1375880856.87
2020-02-28,2910264882.37,1370099923.82
2020-03-02,2994286529.75,1429433997.60
2020-03-03,2909594104.07,1388505884.85
2020-03-04,2975821306.28,1446868897.42
2020-03-05,2874256207.91,1398772643.30
2020-03-06,2844500397.20,1375649835.17
2020-03-09,2701538375.12,1268218891.21
2020-03-10,2801766768.95,1333842915.87
2020-03-11,2658598759.25,1268819701.65
2020-03-12,2457851679.10,1147422725.74
2020-03-13,2563807932.93,1245511614.12
2020-03-16,2240784856.92,1109223056.30
2020-03-17,2331109008.55,1169112583.27
2020-03-18,2210357812.64,1109916814.48
2020-03-19,2354928062.20,1112275469.05
2020-03-20,2236829793.44,1064342932.31
2020-03-23,2316971542.89,1037129499.91
2020-03-24,2510486482.05,1131096807.10
2020-03-25,2459896889.06,1148029542.75
2020-03-26,2604948747.28,1215062722.78
2020-03-27,2573514009.62,1178871170.98
2020-03-30,2626291103.89,1217156087.43
2020-03-31,2520646506.02,1199013568.14
2020-04-01,2478676519.38,1145052289.07
2020-04-02,2503335121.18,1171474934.18
2020-04-03,2445625899.72,1154542121.53
2020-04-06,2585862349.31,1232088329.15
2020-04-07,2578422378.53,1233344394.14
2020-04-08,2680190063.63,1274745639.33
2020-04-09,2710719541.68,1294143992.59
2020-04-13,2738878814.54,1282328079.62
2020-04-14,2776654909.78,1320147487.33
2020-04-15,2710596475.63,1292097602.36
2020-04-16,2719172846.22,1298330721.89
2020-04-17,2782341288.64,1333405668.80
2020-04-20,2796823968.92,1309913996.01
2020-04-21,2735480302.64,1270140452.72
2020-04-22,2845209404.49,1298330721.89
2020-04-23,2786496639.78,1298237543.14
2020-04-24,2802350913.44,1316333165.02
2020-04-27,2824383593.04,1335312983.97
2020-04-28,2803692197.16,1329172735.16
2020-04-29,2885531328.46,1363968453.83
2020-04-30,2856006696.90,1351268882.85
2020-05-01,2775291130.12,1315495942.37
2020-05-04,2783004946.90,1319124523.24
2020-05-05,2844307634.70,1331312458.16
2020-05-06,2839173179.80,1322287826.40
2020-05-07,2844424641.52,1338243109.22
2020-05-08,2881961806.03,1360386385.34
2020-05-11,2905761863.82,1360665459.55
2020-05-12,2862802893.02,1333545205.90
2020-05-13,2855432238.22,1309960200.35
2020-05-14,2848781789.97,1325637333.05
2020-05-15,2842343951.19,1331730915.47
2020-05-18,2860242236.51,1372295554.07
2020-05-19,2869158850.98,1358200303.98
2020-05-20,2932385403.92,1381272903.40
2020-05-21,2911055591.85,1371736481.55
2020-05-22,2906202011.26,1374342252.34
2020-05-26,2908796180.64,1391274448.93
2020-05-27,3010729507.85,1411975225.54
2020-05-28,2958285735.13,1409370686.87
2020-05-29,3040364645.04,1415650164.76
2020-06-01,3046477792.34,1421371956.26
2020-06-02,3065334425.37,1433140817.82
2020-06-03,3154882674.85,1452213815.51
2020-06-04,3133727752.15,1448399185.17
2020-06-05,3151339088.10,1485520830.34
2020-06-08,3164184699.56,1503477377.16
2020-06-09,3156366871.91,1492266664.04
2020-06-10,3177052655.53,1483939563.80
2020-06-11,3031281917.41,1398391611.51
2020-06-12,3060447717.29,1415138374.68
2020-06-15,3086682853.24,1428349889.76
2020-06-16,3098225819.66,1455842396.38
2020-06-17,3122663735.07,1449795018.29
2020-06-18,3097479310.36,1450353012.71
2020-06-19,3099872533.31,1442063954.05
2020-06-22,3130858417.81,1451315757.15
2020-06-23,3111496287.35,1457996904.77
2020-06-24,3047405420.51,1420805491.05
2020-06-25,3064010994.39,1436037367.91
2020-06-26,2973818415.17,1401929323.84
2020-06-29,3009402678.49,1422534149.44
2020-06-30,3034151009.54,1440755755.15
2020-07-01,3024155516.99,1450848477.26
2020-07-02,3026371988.62,1458837977.78
2020-07-06,3089393690.67,1481359205.40
2020-07-07,3045988437.88,1466080354.12
2020-07-08,3062677935.50,1477293685.49
2020-07-09,3062084617.54,1468883879.48
2020-07-10,3131420906.16,1483881500.34
2020-07-13,3134300838.06,1471032689.34
2020-07-14,3149849718.16,1490096138.14
2020-07-15,3232821671.86,1503785868.14
2020-07-16,3197542764.59,1498833224.89
2020-07-17,3136735447.09,1503178281.06
2020-07-20,3150918992.99,1515326480.25
2020-07-21,3154157181.50,1518550003.07
2020-07-22,3167363703.07,1527194065.08
2020-07-23,3118449974.19,1508971843.31
2020-07-24,3127283413.07,1499253376.36
2020-07-27,3147227190.11,1510187017.46
2020-07-28,3112747496.96,1500608857.70
2020-07-29,3144900392.18,1519063795.33
2020-07-30,3142746297.60,1513644334.24
2020-07-31,3174662391.37,1525605251.83
2020-08-03,3180036850.38,1536211612.18
2020-08-04,3210345798.83,1542145481.60
2020-08-05,3207426270.39,1551723487.35
2020-08-06,3206001153.44,1562096053.74
2020-08-07,3197590025.76,1563217587.10
2020-08-10,3195574184.72,1567890386.05
2020-08-11,3207697937.36,1554947626.23
2020-08-12,3242241407.66,1576627626.82
2020-08-13,3253759437.63,1573777281.06
2020-08-14,3250727556.05,1573823485.40
2020-08-17,3305220942.93,1578822949.05
2020-08-18,3315629802.90,1582234215.50
2020-08-19,3323676936.12,1575646246.63
2020-08-20,3329801967.43,1580551915.47
2020-08-21,3336225994.77,1586158966.19
2020-08-24,3354150922.29,1602231300.01
2020-08-25,3365348106.94,1607838350.73
2020-08-26,3358562112.38,1623957504.94
2020-08-27,3363872145.55,1627508616.53
2020-08-28,3370901523.87,1638021336.09
2020-08-31,3331956409.85,1632087928.71
2020-09-01,3361888001.03,1647459496.70
2020-09-02,3365310043.85,1671288461.17
2020-09-03,3276342035.07,1613772374.16
2020-09-04,3204481035.93,1600596128.40
2020-09-08,3143172255.22,1556863258.18
2020-09-09,3189986345.74,1587606856.20
2020-09-10,3193148025.47,1560041038.70
2020-09-11,3222150720.91,1560834983.28
2020-09-14,3234943639.94,1581392988.48
2020-09-15,3249399950.70,1589382951.05
2020-09-16,3225805369.50,1583075288.51
2020-09-17,3242024872.48,1569151456.52
2020-09-18,3231983494.15,1551086483.51
2020-09-21,3234567702.20,1533823155.81
2020-09-22,3273840947.67,1549444535.27
2020-09-23,3240248562.73,1513510957.71
2020-09-24,3244559117.60,1517545520.71
2020-09-25,3300242484.27,1542079563.41
2020-09-28,3357477764.94,1567692785.49
2020-09-29,3351906225.41,1559154839.45
2020-09-30,3374534838.12,1570976219.94
2020-10-01,3347191739.13,1581061857.37
2020-10-02,3365073596.01,1566050991.26
2020-10-05,3368413379.84,1593821648.01
2020-10-06,3354212575.67,1571164117.59
2020-10-07,3396370066.74,1598512620.68
2020-10-08,3299582752.30,1612679641.51
2020-10-09,3266799195.12,1627081072.37
2020-10-12,3303784941.57,1653256755.29
2020-10-13,3346747368.91,1642467733.78
2020-10-14,3316851197.94,1632147686.32
2020-10-15,3324061386.08,1630129942.78
2020-10-16,3310118286.30,1629144866.24
2020-10-19,3271191759.71,1604376875.56
2020-10-20,3282967094.93,1610803437.26
2020-10-21,3258417837.93,1607753796.78
2020-10-22,3295022842.13,1616573435.29
2020-10-23,3318369404.63,1622061586.84
2020-10-26,3284420325.13,1592085904.96
2020-10-27,3282886894.72,1586597291.36
2020-10-28,3173415977.62,1532369567.26
2020-10-29,3230765324.76,1547943356.25
2020-10-30,3176092673.14,1531806644.38
2020-11-02,3193028024.74,1548975099.17
2020-11-03,3262371452.69,1576323910.29
2020-11-04,3324283159.73,1611553641.74
2020-11-05,3373167671.01,1642983374.22
2020-11-06,3398237417.55,1642608348.99
2020-11-09,3331511679.83,1663248751.92
2020-11-10,3359421780.12,1660809778.81
2020-11-11,3427675707.31,1673146337.69
2020-11-12,3376913991.60,1656915985.03
2020-11-13,3408976716.85,1679855361.93
2020-11-16,3424054790.04,1700823507.66
2020-11-17,3414561436.02,1691676280.38
2020-11-18,3372324530.78,1671317569.90
2020-11-19,3406167357.90,1678353566.86
2020-11-20,3426223952.72,1666860391.20
2020-11-23,3432351058.98,1676852541.85
2020-11-24,3441396176.47,1703873148.14
2020-11-25,3423806415.47,1701245815.33
2020-11-27,3458317317.93,1705983916.42
2020-11-30,3456014256.70,1698431200.93
2020-12-01,3481726361.91,1717007655.98
2020-12-02,3469756442.78,1720619911.31
2020-12-03,3463157830.65,1720151245.29
2020-12-04,3483394799.81,1734974521.77
2020-12-07,3488278802.76,1731409240.85
2020-12-08,3495930913.32,1736475700.79
2020-12-09,3465178072.06,1720901141.73
2020-12-10,3475110394.25,1720338526.88
2020-12-11,3463804955.55,1718321245.38
2020-12-14,3452793230.66,1710627914.68
2020-12-15,3484217836.01,1733754419.16
2020-12-16,3472835040.25,1736475700.79
2020-12-17,3542399601.68,1746185850.95
2020-12-18,3537314967.67,1739213924.02
2020-12-21,3541352238.80,1732994973.81
2020-12-22,3553131365.48,1730074243.44
2020-12-23,3578401201.91,1731629173.51
2020-12-24,3554038521.08,1738365458.31
2020-12-28,3571330263.77,1753299317.18
2020-12-29,3493236894.71,1749954739.00
2020-12-30,3510860830.78,1752451775.57
2020-12-31,3516735070.91,1761355659.99
2021-01-04,3457482917.34,1737376223.39
2021-01-05,3491232818.56,1749342531.49
2021-01-06,3544763687.39,1759800421.89
2021-01-07,3583891983.60,1785946996.07
2021-01-08,3627458124.13,1796122885.99
2021-01-11,3628016896.98,1784015346.62
2021-01-12,3608088490.10,1784392066.01
2021-01-13,3598023346.36,1789197471.42
2021-01-14,3570585866.72,1782932162.86
2021-01-15,3550493293.72,1769929337.39
2021-01-19,3558147992.39,1783826832.91
2021-01-20,3600874574.48,1808512887.89
2021-01-21,3602480776.95,1810161458.76
2021-01-22,3582238065.95,1803754610.90
2021-01-25,3561880159.96,1810868231.15
2021-01-26,3537492078.15,1808041603.62
2021-01-27,3447623352.05,1763851926.49
2021-01-28,3482332402.81,1779021581.51
2021-01-29,3440250615.42,1743406659.88
2021-02-01,3488971230.34,1772426373.96
2021-02-02,3553291724.25,1797488840.30
2021-02-03,3517356911.18,1798902385.09
2021-02-04,3557064989.59,1819347805.71
2021-02-05,3588901758.04,1826508554.39
2021-02-08,3620398898.37,1839699585.54
2021-02-09,3637815779.04,1838474862.49
2021-02-10,3646518644.13,1837673833.24
2021-02-11,3681370659.83,1840641692.04
2021-02-12,3707868770.47,1849734398.20
2021-02-16,3694554541.68,1848132339.70
2021-02-17,3693062903.96,1848556803.58
2021-02-18,3679811318.34,1840688666.45
2021-02-19,3689186560.35,1837438191.11
2021-02-22,3646354044.28,1823305207.47
2021-02-23,3646530114.16,1825519473.47
2021-02-24,3675362236.21,1845635611.16
2021-02-25,3501615685.54,1801163317.48
2021-02-26,3534312302.85,1791882559.66
2021-03-01,3588817487.53,1835318181.95
2021-03-02,3549989331.23,1820996684.61
2021-03-03,3472518665.76,1796876632.79
2021-03-04,3415670986.81,1774640639.97
2021-03-05,3472393444.59,1807287856.81
2021-03-08,3454996811.23,1798289869.55
2021-03-09,3564215913.61,1823965005.45
2021-03-10,3585755957.12,1835318181.95
2021-03-11,3619672074.28,1853927134.06
2021-03-12,3643458879.29,1856423554.57
2021-03-15,3667423550.02,1867494576.57
2021-03-16,3657939477.24,1865139233.31
2021-03-17,3672801059.36,1871498952.74
2021-03-18,3626213846.53,1844269502.83
2021-03-19,3624815656.59,1840856696.24
2021-03-22,3659683734.86,1855556145.09
2021-03-23,3643744094.88,1840951107.11
2021-03-24,3581422151.30,1831592880.00
2021-03-25,3613695017.11,1841896909.95
2021-03-26,3681209703.27,1871578886.25
2021-03-29,3654965871.39,1870633853.47
2021-03-30,3652057544.76,1865670737.24
2021-03-31,3666894094.56,1873233309.66
2021-04-01,3686489102.21,1893461877.92
2021-04-05,3707868325.77,1920639424.95
2021-04-06,3740170258.73,1919505108.39
2021-04-07,3744234694.06,1921726305.05
2021-04-08,3763970859.51,1930848581.98
2021-04-09,3799815091.45,1944885922.64
2021-04-12,3802949153.59,1945594851.23
2021-04-13,3825573679.77,1951360998.90
2021-04-14,3800809085.18,1944696946.89
2021-04-15,3837791339.22,1965587777.35
2021-04-16,3855481053.12,1972157572.51
2021-04-19,3841599228.32,1962468368.32
2021-04-20,3810495619.04,1948099896.56
2021-04-21,3838682847.31,1966532964.14
2021-04-22,3825610692.37,1948572258.93
2021-04-23,3871651338.98,1969699809.63
2021-04-26,3898367581.36,1973811533.88
2021-04-27,3902897095.80,1973386453.95
2021-04-28,3917139022.89,1972818910.64
2021-04-29,3983285138.81,1985391573.70
2021-04-30,3983638521.12,1972347010.31
2021-05-03,4024907138.69,1976600735.90
2021-05-04,4001111852.47,1964406332.37
2021-05-05,3995112075.66,1965020542.06
2021-05-06,4000512665.69,1980712768.18
2021-05-07,4042272241.42,1995128214.35
2021-05-10,3996061210.96,1975371546.43
2021-05-11,3948370324.81,1957741818.31
2021-05-12,3895385736.53,1916149133.13
2021-05-13,3920673510.97,1939166749.39
2021-05-14,3987278981.85,1968943290.56
2021-05-17,4004779351.67,1963933199.92
2021-05-18,3982633508.60,1947013016.46
2021-05-19,3985007325.89,1941908360.93
2021-05-20,4002683746.34,1962799191.39
2021-05-21,3997952186.09,1961192204.43
2021-05-24,3998532719.83,1981185130.55
2021-05-25,3993899689.38,1976789557.63
2021-05-26,4003159790.89,1980712768.18
2021-05-27,4018756529.12,1981752211.82
2021-05-28,4040673957.88,1985297316.84
2021-06-01,4019107833.08,1983548328.55
2021-06-02,4028217387.91,1986667583.57
2021-06-03,4013247049.88,1979294448.94
2021-06-04,4056475114.39,1997396693.45
2021-06-07,4084594359.06,1995458729.40
2021-06-08,4105886251.57,1995884271.37
2021-06-09,4092281359.09,1992906863.68
2021-06-10,4122914687.48,2002170525.90
2021-06-11,4148086680.10,2005479064.70
2021-06-14,4134890704.17,2009969510.53
2021-06-15,4122807379.91,2006282404.16
2021-06-16,4128002846.92,1995081085.92
2021-06-17,4135286321.96,1994418823.71
2021-06-18,4100211387.41,1967513728.27
2021-06-21,4138801229.60,1995680356.22
2021-06-22,4144134588.81,2006349554.47
2021-06-23,4135737625.26,2003931373.31
2021-06-24,4166532064.34,2015786174.94
2021-06-25,4186028922.19,2022946307.55
2021-06-28,4211554786.67,2027024610.66
2021-06-29,4210883693.07,2028115341.13
2021-06-30,4213310073.77,2029822129.46
2021-07-01,4147303043.57,2041060565.19
2021-07-02,4192558772.10,2056661306.71
2021-07-06,4188088514.07,2052915520.83
2021-07-07,4192691393.12,2060170680.37
2021-07-08,4152367282.62,2043384489.50
2021-07-09,4214002664.22,2065196788.52
2021-07-12,4235764740.35,2072594103.42
2021-07-13,4236418041.86,2065529151.74
2021-07-14,4230599338.89,2068611135.26
2021-07-15,4216250421.07,2061545567.53
2021-07-16,4181336676.44,2045375742.55
2021-07-19,4118562652.46,2015169655.02
2021-07-20,4157834083.54,2044048291.85
2021-07-21,4170399506.92,2060597300.45
2021-07-22,4442419178.59,2064912323.80
2021-07-23,4409249827.99,2086156463.45
2021-07-26,4443490799.01,2091277136.48
2021-07-27,4450048613.02,2081746259.16
2021-07-28,4404881882.45,2080892864.99
2021-07-29,4431360017.82,2089522911.69
2021-07-30,4404164787.25,2079375360.44
2021-08-02,4413202851.42,2075012746.62
2021-08-03,4487601220.37,2091894118.44
2021-08-04,4464404939.03,2081603949.79
2021-08-05,4487241143.04,2094786818.18
2021-08-06,4472017387.83,2098248139.33
2021-08-09,4451159711.13,2096540888.95
2021-08-10,4403537602.86,2099148661.93
2021-08-11,4400904356.88,2104365285.97
2021-08-12,4419432734.36,2110671870.40
2021-08-13,4413874592.65,2114513145.25
2021-08-16,4395390044.09,2119491816.94
2021-08-17,4432909537.62,2105598017.77
2021-08-18,4404493566.40,2082552216.87
2021-08-19,4375219779.44,2085776817.79
2021-08-20,4351775728.95,2102373108.83
2021-08-23,4365928059.68,2120867012.13
2021-08-24,4343926286.34,2124233460.37
2021-08-25,4414261081.89,2128690947.10
2021-08-26,4406615075.63,2116124752.64
2021-08-27,4437204613.81,2135045122.00
2021-08-30,4468574314.38,2144434306.01
2021-08-31,4457275833.52,2141257295.57
2021-09-01,4442265021.08,2142395154.46
2021-09-02,4466506841.50,2148986665.66
2021-09-03,4458833910.22,2148464710.63
2021-09-07,4443378024.72,2140782931.01
2021-09-08,4472794527.08,2138175158.04
2021-09-09,4428803491.01,2129023156.31
2021-09-10,4405656650.69,2112236811.41
2021-09-13,4405851586.05,2117642257.20
2021-09-14,4382179491.36,2106214537.69
2021-09-15,4401649542.53,2123806994.31
2021-09-16,4427124747.96,2120440238.04
2021-09-17,4373270706.69,2099784741.68
2021-09-20,4298550918.16,2064772632.68
2021-09-21,4303597224.06,2062822501.48
2021-09-22,4329974729.46,2082944645.74
2021-09-23,4373942031.91,2108252303.11
2021-09-24,4365339467.54,2111725329.37
2021-09-27,4352657401.43,2105683957.85
2021-09-28,4280085818.09,2063250353.67
2021-09-29,4266412077.31,2066723071.90
2021-09-30,4211342042.50,2041462850.98
2021-10-01,4219310952.16,2065724288.07
2021-10-04,4167930904.17,2039084713.58
2021-10-05,4199558078.35,2060300822.60
2021-10-06,4239944224.92,2068863564.97
2021-10-07,4258199252.64,2086750189.23
2021-10-08,4232298147.47,2082944645.74
2021-10-11,4208327843.20,2067864627.14
2021-10-12,4206243970.48,2062774602.98
2021-10-13,4195513727.12,2070196098.15
2021-10-14,4241457239.46,2105017845.27
2021-10-15,4163591983.97,2121049057.23
2021-10-18,4199257471.88,2127328535.12
2021-10-19,4236151133.90,2143740624.85
2021-10-20,4232584865.43,2152160595.81
2021-10-21,4272608917.45,2157773961.13
2021-10-22,4264924896.00,2155538287.11
2021-10-25,4280943204.26,2167097688.99
2021-10-26,4261061510.34,2169048436.24
2021-10-27,4276931311.90,2159439165.56
2021-10-28,4308757441.26,2180275012.85
2021-10-29,4346117337.79,2184699078.45
2021-11-01,4361108907.84,2188457031.47
2021-11-02,4334510190.73,2197305470.68
2021-11-03,4349903897.98,2210720284.85
2021-11-04,4461246689.43,2221138593.54
2021-11-05,4428107311.21,2228845169.49
2021-11-08,4423241921.60,2230747864.22
2021-11-09,4412336353.13,2223374729.60
2021-11-10,4373553603.14,2205487181.26
2021-11-11,4438663473.09,2206201192.33
2021-11-12,4475944303.15,2222851234.42
2021-11-15,4499405502.69,2223612065.89
2021-11-16,4551770310.10,2232413068.65
2021-11-17,4554996402.56,2226989757.19
2021-11-18,4586119756.73,2234553715.74
2021-11-19,4572139534.77,2230557656.36
2021-11-22,4555378669.14,2224278486.50
2021-11-23,4550960242.36,2227227709.54
2021-11-24,4565770254.73,2233174208.15
2021-11-26,4461369638.19,2183367315.34
2021-11-29,4535094624.55,2210149661.25
2021-11-30,4430733625.33,2167145433.47
2021-12-01,4351569483.73,2143074358.26
2021-12-02,4450786370.59,2175898383.72
2021-12-03,4411570847.96,2156965231.16
2021-12-06,4414279884.86,2182510840.89
2021-12-07,4567200969.60,2227655869.76
2021-12-08,4558438300.92,2233554469.87
2021-12-09,4519832569.58,2218474605.29
2021-12-10,4544194011.22,2239358197.07
2021-12-13,4519543169.57,2219521133.60
2021-12-14,4454976301.42,2204251061.14
2021-12-15,4503903667.11,2238692392.52
2021-12-16,4512682816.18,2218950201.96
2021-12-17,4476976829.66,2195334239.50
2021-12-20,4443456672.09,2171990574.62
2021-12-21,4514314831.36,2210562728.05
2021-12-22,4566710825.25,2232665806.39
2021-12-23,4632288093.68,2246557295.35
2021-12-27,4721939762.75,2278350810.00
2021-12-28,4714949053.97,2276489391.14
2021-12-29,4743001325.05,2279401034.65
2021-12-30,4723846069.40,2273099686.71
2021-12-31,4748911519.53,2267371272.59
2022-01-03,4638981445.74,2280499003.80
2022-01-04,4568312728.35,2279735246.05
2022-01-05,4446729508.49,2235959559.81
2022-01-06,4484315095.83,2233858802.46
2022-01-07,4380479018.92,2225027458.85
2022-01-10,4365620298.06,2222258894.78
2022-01-11,4316098524.65,2242499476.16
2022-01-12,4323948180.88,2248562255.69
2022-01-13,4267812435.02,2217580551.30
2022-01-14,4245967224.59,2218487542.50
2022-01-18,4157190030.63,2179198913.77
2022-01-19,4127102343.81,2156570954.12
2022-01-20,4008489813.40,2132701637.86
2022-01-21,3870327995.81,2090835422.99
2022-01-24,3990581114.40,2099714819.11
2022-01-25,3857094721.54,2074079418.95
2022-01-26,3797719751.44,2068876194.16
2022-01-27,3796557802.52,2058659952.46
2022-01-28,3894074844.89,2109787827.36
2022-01-31,4007938760.63,2147786892.95
2022-02-01,4051126097.41,2162299830.28
2022-02-02,4063452871.51,2183304323.42
2022-02-03,3978159403.65,2131985778.61
2022-02-04,3955447199.19,2142010888.36
2022-02-07,3940983324.65,2135136452.58
2022-02-08,3993806132.60,2152704266.89
2022-02-09,4055492927.31,2184211314.63
2022-02-10,3986676245.84,2144970584.39
2022-02-11,3907282081.00,2102674515.14
2022-02-14,3886358638.90,2095800079.36
2022-02-15,3951140714.44,2129598862.39
2022-02-16,3957809813.99,2131985778.61
2022-02-17,3872004168.02,2086443392.41
2022-02-18,3888664319.96,2072933859.33
2022-02-22,3817726273.22,2050687855.57
2022-02-23,3681912011.04,2014311332.39
2022-02-24,3778406128.85,2044624768.01
2022-02-25,3895847904.72,2089737453.85
2022-02-28,3898124957.82,2084390841.59
2022-03-01,3826594211.29,2052644917.41
2022-03-02,3849784432.61,2090405414.59
2022-03-03,3755328058.69,2079998811.01
2022-03-04,3760156000.37,2063099573.51
2022-03-07,3610807345.21,2002281262.30
2022-03-08,3586843120.65,1987100672.25
2022-03-09,3689568048.06,2040376124.89
2022-03-10,3655133994.31,2031162825.40
2022-03-11,3587739059.88,2005336447.30
2022-03-14,3588106765.96,1990681046.59
2022-03-15,3651281287.48,2034456886.85
2022-03-16,3785799657.55,2079569264.66
2022-03-17,3819219235.24,2105586774.72
2022-03-18,3870782730.28,2128648439.11
2022-03-21,3791261510.99,2128026066.64
2022-03-22,3817358449.13,2152927279.84
2022-03-23,3747568445.77,2125200825.24
2022-03-24,3782749783.94,2157236758.66
2022-03-25,3802079470.55,2167771656.30
2022-03-28,3821786399.55,2183191584.83
2022-03-29,3923636819.39,2210199099.89
2022-03-30,3857317824.65,2196551723.87
2022-03-31,3820704823.62,2162743699.98
2022-04-01,3769298015.29,2168873321.79
2022-04-04,3795790832.31,2187453165.16
2022-04-05,3703719071.73,2159822507.57
2022-04-06,3675594620.20,2138225982.81
2022-04-07,3702108467.14,2149000526.96
2022-04-08,3681567833.99,2143254093.15
2022-04-11,3608969484.28,2106620827.85
2022-04-12,3582436586.45,2098815682.65
2022-04-13,3626358607.67,2122854414.82
2022-04-14,3576278948.97,2096421527.74
2022-04-18,3553078813.39,2097283238.69
2022-04-19,3672620255.96,2131139161.08
2022-04-20,3697234442.46,2129558202.57
2022-04-21,3627180709.69,2097713863.14
2022-04-22,3512206582.81,2040154498.07
2022-04-25,3531308882.65,2051982655.20
2022-04-26,3427435258.23,1992555402.66
2022-04-27,3435052880.98,1998157986.96
2022-04-28,3413681273.91,2048630222.27
2022-04-29,3262984722.05,1972921792.30
2022-05-02,3327389283.42,1984797539.90
2022-05-03,3322331148.05,1993896252.62
2022-05-04,3400788025.50,2054615994.57
2022-05-05,3265384956.28,1981589572.54
2022-05-06,3227587377.16,1969761415.42
2022-05-09,3110651177.13,1906695109.03
2022-05-10,3127256167.38,1911100230.84
2022-05-11,3045052709.27,1880740590.89
2022-05-12,3072804115.57,1878777368.47
2022-05-13,3180959404.03,1923694455.93
2022-05-16,3151162464.45,1915889156.71
2022-05-17,3213074263.91,1955299610.89
2022-05-18,3108390676.72,1876478702.53
2022-05-19,3141303948.21,1864985834.90
2022-05-20,3167451349.03,1865799955.38
2022-05-23,3204559392.12,1900709028.71
2022-05-24,3185917531.24,1886199479.69
2022-05-25,3261963515.50,1902863691.11
2022-05-26,3328631446.52,1940885858.88
2022-05-27,3428040955.58,1988532852.79
2022-05-31,3407641855.51,1977375582.68
2022-06-01,3352536854.45,1961381180.19
2022-06-02,3454680033.35,1998732614.94
2022-06-03,3394499692.16,1965930613.56
2022-06-06,3446391575.03,1971916231.84
2022-06-07,3490988924.98,1990831518.72
2022-06-08,3449146981.09,1969186479.41
2022-06-09,3390534106.50,1922353914.00
2022-06-10,3292932015.17,1866613921.85
2022-06-13,3211071813.92,1795742008.21
2022-06-14,3193898145.03,1790330709.88
2022-06-15,3262583140.02,1815854603.57
2022-06-16,3162608183.65,1755756926.05
2022-06-17,3173380816.65,1759541831.60
2022-06-21,3248862315.80,1803835776.53
2022-06-22,3259850170.54,1800565279.30
2022-06-23,3302312429.55,1818215799.37
2022-06-24,3370490398.02,1876023897.81
2022-06-27,3368196150.40,1868857758.63
2022-06-28,3308343219.28,1830671565.46
2022-06-29,3291473911.04,1829180859.42
2022-06-30,3273468209.69,1814320311.44
2022-07-01,3344086692.40,1833509282.03
2022-07-05,3322859570.28,1836971989.31
2022-07-06,3333286043.98,1843175846.10
2022-07-07,3405616407.14,1870781553.35
2022-07-08,3389092564.34,1869242640.78
2022-07-11,3352786343.87,1847889304.87
2022-07-12,3319776979.72,1831537742.82
2022-07-13,3351699525.07,1821918923.24
2022-07-14,3337123609.56,1817494395.61
2022-07-15,3425954777.79,1852217881.50
2022-07-18,3408498215.00,1836924090.81
2022-07-19,3490517714.14,1886556177.20
2022-07-20,3507850980.50,1898579470.66
2022-07-21,3510875349.37,1917913214.85
2022-07-22,3457375951.73,1900118537.24
2022-07-25,3405969601.12,1902427368.12
2022-07-26,3370644427.87,1879919385.75
2022-07-27,3452589439.35,1928734425.38
2022-07-28,3462203370.07,1952925169.84
2022-07-29,3504098653.23,1981395976.36
2022-08-01,3490854332.23,1975528795.20
2022-08-02,3484900496.60,1962495474.86
2022-08-03,3527643353.38,1993227367.79
2022-08-04,3519707615.78,1991880665.28
2022-08-05,3513828808.95,1988514217.04
2022-08-08,3538427880.49,1986205540.16
2022-08-09,3502210356.19,1978318459.26
2022-08-10,3614395947.35,2019870946.66
2022-08-11,3619223765.66,2019870946.66
2022-08-12,3689045926.41,2054065392.85
2022-08-15,3684558174.48,2062529565.96
2022-08-16,3680978747.88,2066569673.49
2022-08-17,3653626697.62,2051900719.50
2022-08-18,3684673894.65,2057864621.74
2022-08-19,3600454886.93,2030211170.01
2022-08-22,3520478392.72,1987936816.80
2022-08-23,3484625011.78,1983128023.06
2022-08-24,3509242905.40,1989475883.38
2022-08-25,3593218323.00,2017562577.81
2022-08-26,3434265141.85,1949269790.45
2022-08-29,3365718246.49,1936380781.67
2022-08-30,3360272067.73,1915123550.79
2022-08-31,3316298671.63,1900551009.86
2022-09-01,3312040642.01,1906515066.12
2022-09-02,3266238155.13,1886412019.66
2022-09-06,3245180025.94,1879294395.04
2022-09-07,3289878265.08,1913055906.56
2022-09-08,3322568024.45,1925560187.20
2022-09-09,3375366741.94,1955474109.28
2022-09-12,3391392489.47,1976490615.55
2022-09-13,3229103072.44,1890547924.18
2022-09-14,3205089445.97,1897762269.89
2022-09-15,3240588111.42,1876216261.88
2022-09-16,3198131232.23,1861902773.28
2022-09-19,3175306620.97,1876341629.66
2022-09-20,3145305464.02,1854803938.43
2022-09-21,3113407245.27,1822449041.04
2022-09-22,3021464415.67,1807140927.01
2022-09-23,3038109951.02,1776862606.70
2022-09-26,2990719037.51,1759284627.44
2022-09-27,2943875035.63,1754793411.54
2022-09-28,3013443332.50,1789321915.11
2022-09-29,2949119319.50,1751944451.91
2022-09-30,2907480793.59,1724853152.98
2022-10-03,2987870283.86,1770391534.81
2022-10-04,3120773230.84,1825249948.15
2022-10-05,3137221910.14,1821000226.94
2022-10-06,3068924536.01,1802215236.30
2022-10-07,2969722560.06,1751944451.91
2022-10-10,2921454106.60,1738567833.32
2022-10-11,2881196890.78,1727557339.01
2022-10-12,2861697984.57,1721859111.72
2022-10-13,3056404178.32,1767300926.48
2022-10-14,2937737655.82,1727026297.12
2022-10-17,3008330785.69,1771405566.07
2022-10-18,3059351278.89,1792218927.25
2022-10-19,2992975442.45,1779518124.15
2022-10-20,2946208904.23,1764596740.45
2022-10-21,3028007324.74,1807478988.77
2022-10-24,3067704266.84,1829596082.43
2022-10-25,3135563145.97,1858812472.98
2022-10-26,3098692632.48,1844807783.40
2022-10-27,3128128984.38,1834956555.98
2022-10-28,3194568371.63,1878611340.87
2022-10-31,3166418980.27,1865041280.11
2022-11-01,3204390630.44,1856880515.50
2022-11-02,3162291118.74,1810279741.87
2022-11-03,3193231121.14,1791639524.83
2022-11-04,3269180848.58,1817426783.25
2022-11-07,3250957755.60,1834811628.37
2022-11-08,3220389154.00,1844711062.31
2022-11-09,3185532187.21,1806706144.17
2022-11-10,3398664239.34,1905992495.03
2022-11-11,3467465133.10,1924440039.97
2022-11-14,3449674524.22,1908068764.07
2022-11-15,3464003703.77,1924342856.84
2022-11-16,3415851029.67,1909662659.80
2022-11-17,3407407497.26,1903819350.89
2022-11-18,3429453265.90,1912463258.89
2022-11-21,3465772959.56,1905509351.64
2022-11-22,3495472415.40,1931151682.46
2022-11-23,3576096875.21,1943321443.67
2022-11-25,3559953379.88,1942886506.82
2022-11-28,3492614018.21,1911883856.46
2022-11-29,3512694607.56,1908599959.97
2022-11-30,3608752499.37,1968722279.80
2022-12-01,3590219872.81,1967273465.70
2022-12-02,3565271407.80,1965003754.49
2022-12-05,3495723347.54,1929654815.84
2022-12-06,3416102448.00,1901839340.89
2022-12-07,3438342171.89,1898603650.93
2022-12-08,3467660134.83,1913477444.16
2022-12-09,3402189346.04,1899183207.37
2022-12-12,3430564364.06,1926564515.54
2022-12-13,3434561627.64,1941148145.52
2022-12-14,3432312998.74,1928737351.66
2022-12-15,3336509441.60,1881556867.57
2022-12-16,3314288465.33,1859342898.81
2022-12-19,3292522212.70,1843576283.71
2022-12-20,3286427281.39,1846099348.73
2022-12-21,3341215455.23,1873702899.78
2022-12-22,3280152397.41,1846972302.73
2022-12-23,3295395263.81,1857596682.77
2022-12-27,3292974916.27,1850271446.65
2022-12-28,3225452184.36,1827276316.51
2022-12-29,3289989608.42,1860167954.32
2022-12-30,3270244337.54,1855267984.02
2023-01-03,3217955016.59,1847457756.33
2023-01-04,3279059851.75,1861720420.15
2023-01-05,3227362117.58,1840471968.10
2023-01-06,3320204085.87,1882677938.88
2023-01-09,3285246481.41,1881610618.62
2023-01-10,3346565595.66,1894805962.18
2023-01-11,3405969747.82,1918771229.45
2023-01-12,3373381064.41,1925757017.69
2023-01-13,3369070460.19,1933228259.53
2023-01-17,3394027970.67,1929686542.82
2023-01-18,3361156121.68,1899220632.89
2023-01-19,3362458082.16,1885394446.07
2023-01-20,3406520324.01,1920517599.50
2023-01-23,3441606314.68,1943561090.19
2023-01-24,3404465197.49,1941475118.23
2023-01-25,3456471104.53,1942202836.59
2023-01-26,3498301499.57,1963548163.75
2023-01-27,3505804019.07,1968059709.56
2023-01-30,3447416291.38,1943367031.96
2023-01-31,3497427888.76,1971941336.20
2023-02-01,3556494428.38,1992898700.91
2023-02-02,3617660117.67,2021909020.11
2023-02-03,3589146461.54,2000418149.28
2023-02-06,3564099229.80,1988192634.83
2023-02-07,3613788308.57,2014195667.53
2023-02-08,3570166196.86,1992170828.54
2023-02-09,3552428147.13,1974899954.13
2023-02-10,3539457886.81,1979509145.11
2023-02-13,3575061925.33,2002746540.01
2023-02-14,3545253741.25,2001825071.45
2023-02-15,3615288310.60,2008325406.08
2023-02-16,3570445902.65,1980673648.50
2023-02-17,3563213087.61,1975725009.63
2023-02-21,3482684523.28,1936090002.36
2023-02-22,3463787205.39,1933422009.73
2023-02-23,3309497677.06,1943706787.87
2023-02-24,3251820429.59,1922943481.39
2023-02-27,3253599427.61,1929492484.59
2023-02-28,3245619117.51,1922361152.68
2023-03-01,3269222730.30,1914986939.96
2023-03-02,3277472834.50,1929880601.05
2023-03-03,3295142696.11,1960831810.58
2023-03-06,3334596129.40,1962190064.17
2023-03-07,3280667812.39,1932112270.69
2023-03-08,3304489291.10,1935265408.90
2023-03-09,3234608430.46,1899560234.79
2023-03-10,3165825732.36,1872150433.94
2023-03-13,3105393675.43,1869482441.31
2023-03-14,3150227482.81,1900385136.28
2023-03-15,3137277529.45,1888499377.74
2023-03-16,3179571407.26,1921633126.29
2023-03-17,3138143429.52,1899164263.59
2023-03-20,3203111622.69,1917426221.10
2023-03-21,3237680363.67,1942602658.15
2023-03-22,3144961626.34,1909488161.41
2023-03-23,3170786871.37,1914650264.33
2023-03-24,3150106329.68,1927214148.57
2023-03-27,3196452226.21,1930817625.08
2023-03-28,3202756346.35,1926483811.96
2023-03-29,3255049503.57,1954484874.35
2023-03-30,3261713595.46,1965928919.40
2023-03-31,3294303101.12,1993637970.36
2023-04-03,3298601182.59,2001235042.02
2023-04-04,3280004049.57,1990131830.99
2023-04-05,3257965573.44,1984921213.51
2023-04-06,3273529597.99,1992663828.85
2023-04-10,3284929760.44,1994709140.98
2023-04-11,3294764182.95,1995244957.32
2023-04-12,3258147397.09,1987112531.36
2023-04-13,3300654616.08,2013506760.81
2023-04-14,3286745263.48,2008588308.78
2023-04-17,3289890946.27,2015795569.82
2023-04-18,3275459484.05,2017110237.32
2023-04-19,3260336071.10,2016769403.30
2023-04-20,3230989026.98,2005763529.42
2023-04-21,3248300292.95,2007322155.84
2023-04-24,3240726653.99,2009415982.53
2023-04-25,3189557200.44,1977519124.17
2023-04-26,3216410036.02,1969143047.33
2023-04-27,3139620746.11,2008344657.89
2023-04-28,3155941267.43,2025486160.14
2023-05-01,3123076476.03,2023441002.02
2023-05-02,3081143187.04,2000699533.71
2023-05-03,3085770950.46,1986966371.63
2023-05-04,3037325223.14,1972892837.58
2023-05-05,3066735206.79,2009415982.53
2023-05-08,3044101163.50,2009951798.86
2023-05-09,3039059605.70,2001137550.86
2023-05-10,3033680507.22,2010487615.20
2023-05-11,3017282219.56,2006981475.83
2023-05-12,3030977880.78,2004351524.78
2023-05-15,3066662266.48,2011266466.36
2023-05-16,3008544088.43,1997825777.76
2023-05-17,3070674562.13,2022077357.92
2023-05-18,3142519427.50,2041556799.80
2023-05-19,3147300082.42,2038586014.73
2023-05-22,3125953416.39,2039413996.51
2023-05-23,3097091323.27,2016525752.41
2023-05-24,3060368784.38,2001916864.07
2023-05-25,3040522156.30,2019252886.60
2023-05-26,3038875990.98,2045403619.17
2023-05-30,3000026195.27,2046182624.35
2023-05-31,2984918469.30,2034836532.51
2023-06-01,3037808527.70,2054169198.60
2023-06-02,3117734299.30,2083875047.14
2023-06-05,3083759171.74,2079882068.04
2023-06-06,3118055812.08,2084410555.44
2023-06-07,3123499521.86,2077203140.39
2023-06-08,3143581222.61,2089767486.67
2023-06-09,3123712181.44,2093517276.92
2023-06-12,3127493942.10,2112509263.01
2023-06-13,3153451382.41,2126436637.33
2023-06-14,3158934288.51,2128969097.23
2023-06-15,3254914912.53,2155363172.66
2023-06-16,3261181099.01,2148021765.02
2023-06-20,3214512905.80,2136877432.13
2023-06-21,3192530622.36,2125928389.59
2023-06-22,3150171676.76,2133602468.48
2023-06-23,3119539424.78,2117472841.28
2023-06-26,3126665121.58,2108821232.56
2023-06-27,3162487384.24,2131940806.39
2023-06-28,3173144083.64,2133015981.39
2023-06-29,3207132276.04,2141423169.15
2023-06-30,3258765557.22,2166693247.00
2023-07-03,3253933624.39,2169186125.18
2023-07-05,3239066197.23,2165959984.11
2023-07-06,3219374295.15,2148999448.86
2023-07-07,3271302455.74,2143573673.17
2023-07-10,3300516107.98,2148999448.86
2023-07-11,3317551193.03,2162685174.48
2023-07-12,3496485836.73,2180086499.15
2023-07-13,3501407605.20,2197389254.55
2023-07-14,3470547868.56,2196020373.96
2023-07-17,3506269141.54,2203645630.27
2023-07-18,3540536091.74,2220019986.46
2023-07-19,3562272675.09,2224956612.20
2023-07-20,3553362778.96,2210195403.55
2023-07-21,3534580004.51,2210195403.55
2023-07-24,3534631555.55,2220068963.06
2023-07-25,3578135692.81,2226129740.40
2023-07-26,3598994815.67,2226472114.56
2023-07-27,3588649388.12,2211710751.90
2023-07-28,3599522536.56,2233363953.98
2023-07-31,3587208968.63,2237616447.45
2023-08-01,3597004107.94,2231213295.95
2023-08-02,3556641249.80,2200175068.25
2023-08-03,3571040020.20,2193869561.91
2023-08-04,3544533805.81,2183947333.83
2023-08-07,3544393958.99,2203010320.59
2023-08-08,3533687515.84,2193429850.61
2023-08-09,3512265191.32,2178766441.14
2023-08-10,3521766155.94,2179548526.61
2023-08-11,3510431534.53,2178277599.22
2023-08-14,3509156374.17,2190301816.76
2023-08-15,3451853721.93,2164787009.93
2023-08-16,3432531806.58,2148901803.69
2023-08-17,3409581505.33,2132527139.47
2023-08-18,3386645348.96,2133553491.88
2023-08-21,3418003699.18,2147435277.92
2023-08-22,3410022082.01,2141618613.51
2023-08-23,3440399109.61,2165471296.21
2023-08-24,3396392468.44,2135459728.95
2023-08-25,3411477426.39,2150514643.20
2023-08-28,3446564338.66,2164151854.26
2023-08-29,3475654685.82,2195433886.86
2023-08-30,3506324694.52,2204476692.34
2023-08-31,3475534446.03,2201250551.28
2023-09-01,3498911114.40,2205356422.98
2023-09-05,3482894858.83,2195825083.61
2023-09-06,3438340788.63,2181063566.93
2023-09-07,3439867920.07,2174367325.89
2023-09-08,3445650770.06,2177642289.54
2023-09-11,3462462373.87,2191963632.87
2023-09-12,3473404190.17,2179939415.33
2023-09-13,3477517388.81,2182481116.09
2023-09-14,3511821464.38,2201299373.86
2023-09-15,3480428795.55,2174777466.42
2023-09-18,3440092816.21,2176052860.23
2023-09-19,3435045263.23,2171539928.29
2023-09-20,3428143556.14,2151576110.91
2023-09-21,3376240298.74,2116014478.28
2023-09-22,3395284798.20,2111256355.31
2023-09-25,3415885444.33,2120134827.35
2023-09-26,3379950791.16,2088987095.36
2023-09-27,3383634689.41,2089821237.72
2023-09-28,3404524442.39,2101936477.81
2023-09-29,3381202632.82,2096835364.62
2023-10-02,3349775274.99,2096001684.30
2023-10-03,3263661216.28,2067944406.63
2023-10-04,3294493074.57,2083003017.22
2023-10-05,3272512129.02,2082218005.48
2023-10-06,3187192595.13,2106939945.83
2023-10-09,3225381109.51,2120428686.95
2023-10-10,3275309234.13,2131465363.72
2023-10-11,3264129464.59,2140196597.93
2023-10-12,3234965012.92,2127148954.25
2023-10-13,3215998666.68,2116553836.95
2023-10-16,3244527574.86,2138823250.92
2023-10-17,3229982921.65,2138724835.67
2023-10-18,3172727450.42,2110226152.53
2023-10-19,3154858947.89,2091684812.78
2023-10-20,3126042631.42,2065982416.32
2023-10-23,3120778355.12,2062401425.93
2023-10-24,3149697527.55,2077950572.60
2023-10-25,3109906820.13,2048127519.05
2023-10-26,3089244783.63,2023601793.13
2023-10-27,3042420123.07,2014429461.49
2023-10-30,3059509222.42,2038513627.93
2023-10-31,3078971876.99,2051315772.55
2023-11-01,3103884670.78,2073192603.64
2023-11-02,3151176670.24,2112924177.98
2023-11-03,3249952172.19,2132201244.85
2023-11-06,3245694437.41,2137106451.64
2023-11-07,3246782193.33,2143188637.00
2023-11-08,3222310635.17,2144758198.44
2023-11-09,3182115152.90,2128031611.16
2023-11-10,3255794555.82,2161239440.67
2023-11-13,3256812100.61,2159179343.15
2023-11-14,3380358823.66,2201068968.22
2023-11-15,3375888554.99,2205728829.96
2023-11-16,3336665347.32,2208426547.38
2023-11-17,3333452681.13,2211173241.40
2023-11-20,3333315469.40,2228194150.33
2023-11-21,3309275082.51,2223337920.14
2023-11-22,3320128585.38,2231921916.51
2023-11-24,3344349235.52,2233295263.52
2023-11-27,3411744627.72,2229273175.69
2023-11-28,3420962382.19,2231480511.05
2023-11-29,3443756800.44,2229910641.58
2023-11-30,3480182599.39,2238691160.41
2023-12-01,3527724474.17,2251935018.52
2023-12-04,3533540923.69,2240113638.04
2023-12-05,3496619353.05,2239672232.57
2023-12-06,3490109018.66,2230646830.73
2023-12-07,3547227314.10,2247667431.63
2023-12-08,3528537496.57,2257330453.37
2023-12-11,3542681217.51,2266110202.13
2023-12-12,3533030223.85,2276460436.42
2023-12-13,3605490594.33,2307853205.42
2023-12-14,3669167794.36,2315259761.19
2023-12-15,3652883652.97,2311447903.10
2023-12-18,3671956877.83,2324449804.49
2023-12-19,3704927576.13,2338584482.29
2023-12-20,3670942142.15,2306178452.10
2023-12-21,3727953165.19,2328044964.22
2023-12-22,3744309021.60,2332723769.74
2023-12-26,3772983971.80,2342573611.02
2023-12-27,3777565179.88,2346809316.92
2023-12-28,3760004692.86,2347695670.18
2023-12-29,3784422017.82,2340899473.76
2024-01-02,3789236727.57,2327798695.08
2024-01-03,3692566168.49,2308788689.30
2024-01-04,3685061428.56,2301351638.67
2024-01-05,3694372546.15,2304503236.73
2024-01-08,3727102544.36,2337402421.25
2024-01-09,3732167066.48,2333856700.16
2024-01-10,3741649222.40,2347055586.05
2024-01-11,3712787931.15,2346021378.90
2024-01-12,3696206516.57,2347646385.55
2024-01-16,3723341151.81,2339027581.91
2024-01-17,3704566655.85,2326025988.56
2024-01-18,3720310739.04,2346710593.65
2024-01-19,3754332071.39,2375965333.81
2024-01-22,3767033427.24,2380989131.74
2024-01-23,3757410828.58,2387933028.04
2024-01-24,3749987430.49,2390543419.26
2024-01-25,3752637017.62,2403545320.64
2024-01-26,3770763903.70,2400491829.80
2024-01-29,3840380044.43,2419502143.61
2024-01-30,3836758706.62,2417630713.81
2024-01-31,3759494531.91,2378181602.00
2024-02-01,3785242499.67,2409307463.93
2024-02-02,3747799530.00,2434671182.58
2024-02-05,3708017002.63,2425806109.80
2024-02-06,3731403596.75,2432848883.39
2024-02-07,3740905969.61,2453140135.53
2024-02-08,3752336380.89,2454223473.30
2024-02-09,3740281585.20,2468407435.73
2024-02-12,3759803154.64,2467323943.94
2024-02-13,3687840826.48,2433341267.65
2024-02-14,3731939622.21,2455454818.97
2024-02-15,3769097428.85,2472396564.46
2024-02-16,3737258856.87,2460084185.85
2024-02-20,3685211023.34,2446540615.58
2024-02-21,3698946062.82,2448756729.76
2024-02-22,3785585039.64,2499434882.41
2024-02-23,3798433734.42,2501158612.34
2024-02-26,3898723339.70,2491997831.78
2024-02-27,3856997683.09,2496627352.68
2024-02-28,3854144954.38,2493327746.72
2024-02-29,3867467351.27,2502291234.74
2024-03-01,3860700844.14,2525783369.56
2024-03-04,3881409134.69,2523074871.13
2024-03-05,3891411121.34,2497858698.35
2024-03-06,3892044188.38,2510516223.38
2024-03-07,3905619054.59,2535436688.39
2024-03-08,3895503752.78,2520218364.79
2024-03-11,3911800297.86,2518051227.21
2024-03-12,3951583815.57,2545138983.81
2024-03-13,3946072175.89,2541149393.03
2024-03-14,3881726043.88,2536126211.16
2024-03-15,3861479257.56,2518711641.25
2024-03-18,3873549502.73,2533680615.42
2024-03-19,3876904908.79,2547760464.07
2024-03-20,3940680734.73,2571325601.76
2024-03-21,3959249304.79,2579823196.01
2024-03-22,3962869041.33,2574932004.54
2024-03-25,3989912110.98,2567818230.28
2024-03-26,4037818975.71,2563075200.72
2024-03-27,4119361931.23,2584615048.15
2024-03-28,4144619235.88,2584120969.74
2024-04-01,4109991647.44,2579625441.43
2024-04-02,4118437745.24,2563224132.71
2024-04-03,4153477494.89,2566039517.19
2024-04-04,4044467501.06,2534718210.89
2024-04-05,4116328176.50,2561198072.39
2024-04-08,4185915736.26,2562630714.97
2024-04-09,4183734855.93,2565595339.46
2024-04-10,4163297295.88,2539905418.18
2024-04-11,4159081958.48,2559073904.84
2024-04-12,4087075824.80,2523750686.62
2024-04-15,4025800071.79,2492132902.47
2024-04-16,4017437571.20,2487587473.48
2024-04-17,3985497860.62,2472865538.52
2024-04-18,3967252599.00,2467777054.51
2024-04-19,3962255814.85,2446237669.12
2024-04-22,3977711460.26,2468765211.34
2024-04-23,4049794221.11,2498061073.36
2024-04-24,4061189668.90,2496875469.98
2024-04-25,4060346245.28,2487390026.93
2024-04-26,4105941657.09,2510955318.63
2024-04-29,4240221012.14,2519847805.98
2024-04-30,4231187142.67,2479930336.18
2024-05-01,4186341155.61,2471877689.72
2024-05-02,4223556487.10,2494998033.62
2024-05-03,4250222198.04,2525924446.82
2024-05-06,4310621634.95,2552008953.17
2024-05-07,4297865608.30,2554825569.76
2024-05-08,4336123612.97,2555071838.89
2024-05-09,4357610431.67,2569794081.89
2024-05-10,4349632943.61,2573104468.86
2024-05-13,4305008223.85,2573450077.33
2024-05-14,4329592173.56,2585257288.48
2024-05-15,4369518856.59,2617270735.80
2024-05-16,4341898445.41,2611885465.91
2024-05-17,4345302019.31,2615640646.67
2024-05-20,4370992266.30,2618653785.72
2024-05-21,4382352645.99,2625076189.03
2024-05-22,4411282763.68,2617518083.03
2024-05-23,4370138845.08,2598398418.95
2024-05-24,4403858728.94,2615590745.98
2024-05-28,4424502706.77,2617418897.71
2024-05-29,4396480659.59,2599090251.94
2024-05-30,4393410722.03,2581848486.26
2024-05-31,4362127609.38,2605364493.34
2024-06-03,4385804907.52,2607488660.88
2024-06-04,4354335743.59,2610404154.76
2024-06-05,4368181466.96,2641428829.18
2024-06-06,4359330887.35,2641378620.47
2024-06-07,4335143429.73,2638168034.87
2024-06-10,4374594297.32,2646319404.60
2024-06-11,4381769346.76,2652692523.28
2024-06-12,4422162843.49,2674479409.92
2024-06-13,4385207048.23,2679864371.78
2024-06-14,4330014111.41,2681494768.94
2024-06-17,4391917530.38,2702836553.76
2024-06-18,4384026667.58,2709703442.83
2024-06-20,4343370640.75,2702342783.38
2024-06-21,4314918249.80,2698719439.01
2024-06-24,4378013489.44,2689947082.94
2024-06-25,4353945301.73,2700305788.03
2024-06-26,4290553310.45,2703675932.61
2024-06-27,4283643301.32,2707938129.00
2024-06-28,4275640696.01,2697282175.99
2024-07-01,4207557475.43,2702833165.44
2024-07-02,4173169469.55,2721022274.11
2024-07-03,4193057207.35,2733165390.82
2024-07-05,4179374271.03,2748926307.39
2024-07-08,4219181279.42,2752098081.34
2024-07-09,4138312999.83,2754774544.77
2024-07-10,4158157023.24,2782033565.45
2024-07-11,4161616323.58,2758045812.07
2024-07-12,4246578958.80,2775442054.25
2024-07-15,4225274475.99,2783074703.25
2024-07-16,4283565005.39,2799578585.61
2024-07-17,4196277626.02,2760325842.25
2024-07-18,3897015059.77,2739112813.52
2024-07-19,3870329832.73,2720923088.79
2024-07-22,3937750817.63,2748975900.05
2024-07-23,3982868732.69,2744663802.97
2024-07-24,3951775306.62,2682462595.85
2024-07-25,3966014932.09,2668486398.94
2024-07-26,3954954257.43,2698372598.42
2024-07-29,3976660197.91,2699958639.41
2024-07-30,3974955918.18,2686279382.40
2024-07-31,4007769477.01,2729943408.15
2024-08-01,3885093915.68,2691285160.64
2024-08-02,3823485366.32,2641177785.60
2024-08-05,3756132450.07,2564256953.73
2024-08-06,3764258615.67,2587898020.55
2024-08-07,3745847037.22,2570600809.67
2024-08-08,3840877886.82,2630026214.03
2024-08-09,3850674331.50,2641623811.50
2024-08-12,3877787541.54,2643011173.83
2024-08-13,3892376265.16,2686477753.03
2024-08-14,3890071432.71,2694952553.15
2024-08-15,3963414433.67,2741144572.38
2024-08-16,3965712631.87,2747290981.77
2024-08-19,3952516288.29,2773558457.31
2024-08-20,3915944119.18,2769048297.63
2024-08-21,3916533633.60,2778564543.57
2024-08-22,3852347158.77,2756756710.97
2024-08-23,3929166419.12,2786048106.57
2024-08-26,3913676155.01,2779407002.71
2024-08-27,3884900581.15,2783223481.23
2024-08-28,3871625869.05,2767065823.40
2024-08-29,3872178763.62,2767313478.66
2024-08-30,3908025190.75,2793730348.24
2024-09-03,3796598738.26,2736238595.52
2024-09-04,3782477210.94,2730637705.38
2024-09-05,3797368829.66,2723995985.46
2024-09-06,3750140525.16,2678150806.81
2024-09-09,3832751602.25,2708136191.61
2024-09-10,3807229346.46,2719931851.68
2024-09-11,3778313746.79,2747835884.96
2024-09-12,3771579181.61,2770981487.23
2024-09-13,3787093153.08,2785453302.70
2024-09-16,3827082681.50,2789567029.14
2024-09-17,3854670061.37,2790707044.23
2024-09-18,3826481914.68,2782429998.69
2024-09-19,3879376514.12,2829911119.02
2024-09-20,3880956532.75,2825019003.46
2024-09-23,3882114562.70,2832078410.61
2024-09-24,3906806349.25,2840182035.86
2024-09-25,3894540396.97,2833917651.39
2024-09-26,3938009057.28,2845153314.86
2024-09-27,3931532427.76,2841026959.23
2024-09-30,3953279576.71,2852411708.70
2024-10-01,3923676441.74,2826858552.27
2024-10-02,3893137071.25,2828051856.36
2024-10-03,3866913563.80,2822881590.67
2024-10-04,3898023132.48,2848533624.40
2024-10-07,3821645794.18,2822782097.33
2024-10-08,3831586982.33,2849478657.18
2024-10-09,3865392898.19,2869214995.19
2024-10-10,3838324721.41,2864194123.53
2024-10-11,3971377002.27,2881345482.71
2024-10-14,3970750612.83,2904910312.37
2024-10-15,3963385131.86,2882339800.12
2024-10-16,3981584302.43,2894867644.97
2024-10-17,3969451182.96,2895116224.32
2024-10-18,3964120346.36,2906252394.44
2024-10-21,3955193725.09,2901480102.14
2024-10-22,3938121042.43,2899938725.34
2024-10-23,3915611052.08,2873440536.13
2024-10-24,3889754474.60,2879655019.91
2024-10-25,3877407203.65,2878661010.54
2024-10-28,3909962096.05,2887559966.50
2024-10-29,3905465171.47,2892232765.45
2024-10-30,3892181523.90,2883483203.53
2024-10-31,3863432443.60,2826957737.58
2024-11-01,3909985886.17,2838889238.42
2024-11-04,3920795336.04,2832774556.01
2024-11-05,3945566988.76,2867027681.71
2024-11-06,4120641338.86,2938317898.65
2024-11-07,4144523970.77,2961037496.90
2024-11-08,4200724836.10,2973863821.79
2024-11-11,4165303643.96,2976697379.98
2024-11-12,4130402432.30,2967450967.38
2024-11-13,4116914928.36,2968892542.80
2024-11-14,4069988005.22,2949802141.46
2024-11-15,4012521188.35,2912019312.18
2024-11-18,4083372988.38,2923950813.02
2024-11-19,4062737998.80,2934639109.06
2024-11-20,4039587555.48,2935633734.50
2024-11-21,4102819537.85,2951392802.89
2024-11-22,4165426621.00,2960540646.23
2024-11-25,4245893233.92,2970582697.57
2024-11-26,4260748015.11,2986093494.64
2024-11-27,4256856327.39,2977045760.70
2024-11-29,4304508723.22,2995539509.99
2024-12-02,4256451634.99,3000908454.34
2024-12-03,4244177371.20,3002300745.13
2024-12-04,4254548700.67,3020943272.39
2024-12-05,4257540946.78,3015971993.39
2024-12-06,4255520873.10,3021689010.44
2024-12-09,4228781977.70,3006128312.69
2024-12-10,4207419874.56,2996781790.68
2024-12-11,4231388726.93,3019948954.98
2024-12-12,4233505627.00,3004388565.26
2024-12-13,4185439050.08,3003792221.24
2024-12-16,4161538491.91,3016618238.10
2024-12-17,4132823750.91,3004189270.54
2024-12-18,3962472590.80,2914654191.70
2024-12-19,3939213156.16,2913759059.61
2024-12-20,4010583871.18,2948756075.20
2024-12-23,4030888768.93,2966414141.98
2024-12-24,4083669716.87,2999385867.31
2024-12-26,4096224974.25,2999585778.09
2024-12-27,4070061199.69,2968010347.92
2024-12-30,4004329253.40,2934140718.24
2024-12-31,4014626555.98,2923466283.50
2025-01-02,4078098201.31,2916283356.74
2025-01-03,4113565881.90,2952746590.06
2025-01-06,4053723449.43,2969755947.90
2025-01-07,4000563357.76,2936185722.35
2025-01-08,3984300302.43,2940475641.34
2025-01-10,3869184339.70,2895582272.10
2025-01-13,3895789980.83,2900071793.84
2025-01-14,3930633868.10,2904062308.71
2025-01-15,3986210896.18,2956886806.99
2025-01-16,3990007017.30,2951200592.83
2025-01-17,4037063172.62,2980830204.21
2025-01-21,4119167443.40,3008115407.35
2025-01-22,4109047032.73,3025025579.88
2025-01-23,4145644520.39,3041535930.84
2025-01-24,4083511529.41,3032656996.77
2025-01-27,4052357516.45,2989759038.97
2025-01-28,4069667080.08,3015448036.17
2025-01-29,4036104220.77,3001930186.32
2025-01-30,4149500848.11,3018041639.81
2025-01-31,4117209469.41,3001980087.01
2025-02-03,4116303777.48,2981778009.24
2025-02-04,4167882179.64,3001780792.29
2025-02-05,4136072132.54,3013951631.60
2025-02-06,4204626121.42,3024426771.63
2025-02-07,4160409576.05,2996742362.98
2025-02-10,4195739748.66,3017094142.81
2025-02-11,4194312561.44,3019388650.35
2025-02-12,4161358243.54,3009661712.61
2025-02-13,4220961516.07,3041436129.47
2025-02-14,4242645635.07,3041287043.46
2025-02-18,4262708880.12,3050215878.23
2025-02-19,4270973056.58,3057398496.96
2025-02-20,4219562563.25,3044678750.08
2025-02-21,4150115327.30,2992602146.05
2025-02-24,4122239420.13,2978984494.82
2025-02-25,4115941477.32,2964169535.12
2025-02-26,4127958656.09,2965666247.72
2025-02-27,4099605103.64,2918328052.82
2025-02-28,4185028651.84,2963870439.03
2025-03-03,4088307362.04,2911943537.06
2025-03-04,4040863169.46,2877475407.16
2025-03-05,4055043583.99,2908402128.39
2025-03-06,4005780647.81,2856774322.52
2025-03-07,4040881218.16,2872786282.67
2025-03-10,3946777846.50,2796267890.61
2025-03-11,3902441626.01,2773023103.02
2025-03-12,3931774708.16,2787737953.32
2025-03-13,3847392952.67,2750576110.37
2025-03-14,3955677372.94,2807391431.54
2025-03-17,3959421710.84,2829040321.22
2025-03-18,3923111227.44,2798462596.78
2025-03-19,3957504864.01,2828940519.84
2025-03-20,3943334350.27,2820759887.36
2025-03-21,3947405563.01,2821690442.78
2025-03-24,4025661972.73,2872222281.69
2025-03-25,4033804210.31,2879127058.32
2025-03-26,4005152159.31,2844755341.47
2025-03-27,4009680949.94,2837200007.73
2025-03-28,3922743513.86,2780064028.43
2025-03-31,3969980424.48,2798725961.52
2025-04-01,3954947098.89,2806630908.10
2025-04-02,3989301192.72,2824392164.58
2025-04-03,3747076690.79,2685204053.38
2025-04-04,3525465391.31,2528004104.18
2025-04-07,3533308859.92,2523501183.18
2025-04-08,3467061129.12,2483976142.23
2025-04-09,3813693291.53,2744841843.70
2025-04-10,3665848126.04,2624565477.06
2025-04-11,3737905103.78,2671395424.21
2025-04-14,3746895776.19,2697311438.74
2025-04-15,3744032325.16,2689756413.03
2025-04-16,3670426706.48,2629968612.62
2025-04-17,3703172695.88,2633721021.12
2025-04-21,3596292248.88,2571031280.11
2025-04-22,3712766340.06,2637924075.95
2025-04-23,3726276068.98,2678799515.75
2025-04-24,3773502902.92,2735185444.59
2025-04-25,3778218449.77,2754948273.09
2025-04-28,3809207507.49,2755998959.79
2025-04-29,3829309424.26,2773359778.64
2025-04-30,3813045707.96,2774460366.03
2025-05-01,3829097307.78,2794123085.13
2025-05-02,3876848546.81,2835599489.38
2025-05-05,3850064480.94,2819338949.88
2025-05-06,3823417240.82,2795774120.23
2025-05-07,3844613712.19,2807531584.71
2025-05-08,3823428649.58,2827093886.37
2025-05-09,3817769583.45,2823491796.00
2025-05-12,3938066123.57,2916800845.35
2025-05-13,3970850834.75,2936062818.81
2025-05-14,3977245442.74,2939815227.30
2025-05-15,4016840063.23,2954174612.21
2025-05-16,4040201609.93,2972886445.98
2025-05-19,4047118658.37,2976138615.49
2025-05-20,4017369874.61,2966131987.47
2025-05-21,3946334355.93,2916150288.24
2025-05-22,3936610765.61,2917301084.35
2025-05-23,3919129621.55,2897388553.78
2025-05-27,3962521116.44,2957626692.49
2025-05-28,3949071765.72,2940515685.10
2025-05-29,3975886900.15,2952123139.50
2025-05-30,3949064922.70,2948821377.33
2025-06-02,3952799453.61,2965432145.73
2025-06-03,4012165233.03,2982342318.26
2025-06-04,3988138170.95,2981542059.08
2025-06-05,3969525247.83,2967132465.46
2025-06-06,4029798994.64,2997602071.74
2025-06-09,4029328338.53,3000303793.54
2025-06-10,4055217246.15,3017314999.55
2025-06-11,4021532938.55,3008708979.11
2025-06-12,4024584185.72,3020666354.38
2025-06-13,3986876018.74,2986895293.96
2025-06-16,4020584473.92,3015313427.53
2025-06-17,4004007073.42,2989547115.07
2025-06-18,4016996257.61,2989096468.73
2025-06-20,4010639201.64,2982076489.28
2025-06-23,4062421667.12,3011532064.31
2025-06-24,4076719151.21,3044801037.56
2025-06-25,4050990196.27,3046507209.84
2025-06-26,4111564981.09,3070342488.90
2025-06-27,4124709922.51,3085597005.90
2025-06-30,4146743649.58,3100350051.78
2025-07-01,4160522022.71,3099346493.51
2025-07-02,4183047848.55,3113396617.36
2025-07-03,4240115132.67,3137934510.43
2025-07-07,4228030905.15,3114550801.79
2025-07-08,4226436292.65,3112844937.54
2025-07-09,4264264015.15,3131511491.06
2025-07-10,4233173510.89,3140343296.71
2025-07-11,4203335333.50,3129303539.65
2025-07-14,4222711905.18,3135274680.57
2025-07-15,4170585747.96,3121876962.00
2025-07-16,4184526996.53,3132314214.46
2025-07-17,4206445997.25,3151482855.15
2025-07-18,4202095579.96,3149174794.33
2025-07-21,4200640231.58,3155146243.28
2025-07-22,4207498024.94,3155597813.70
2025-07-23,4187614469.88,3182444075.61
2025-07-24,4215766001.42,3183497534.57
2025-07-25,4233730198.61,3196945769.89
2025-07-28,4230470357.46,3196143046.48
2025-07-29,4225895620.95,3187712602.53
2025-07-30,4195147193.25,3183698369.44
2025-07-31,4150228689.59,3171755779.57
2025-08-01,4085056605.55,3119769119.99
2025-08-04,4153580424.01,3167188942.56
2025-08-05,4138697087.31,3151131394.13
2025-08-06,4146403165.52,3175268233.52
2025-08-07,4055848986.07,3172608403.66
2025-08-08,4078564660.86,3197347131.59
2025-08-11,4068036313.20,3191024529.65
2025-08-12,4121812876.02,3224996424.94
2025-08-13,4163027935.24,3236035873.97
2025-08-14,4142846592.96,3236336818.24
2025-08-15,4138047699.00,3228759922.48
2025-08-18,4146294596.07,3228057000.45
2025-08-19,4127681098.65,3210544323.32
2025-08-20,4142415136.78,3202013769.97
2025-08-21,4112169952.81,3189167731.23
2025-08-22,4226745012.76,3238143407.95
2025-08-25,4180810340.55,3223891833.17
2025-08-26,4205598457.55,3237390585.23
2025-08-27,4221667359.44,3244766954.16
2025-08-28,4242163434.07,3256257973.62
2025-08-29,4215145266.92,3236838597.38
2025-09-02,4177667381.49,3212852692.17
2025-09-03,4166045454.62,3230264951.86
2025-09-04,4219474189.81,3257261531.89
2025-09-05,4194533632.43,3247827837.70
2025-09-08,4197909166.41,3255806403.20
2025-09-09,4190550715.78,3263333398.28
2025-09-10,4200976097.80,3272767400.50
2025-09-11,4254229779.25,3299964815.39
2025-09-12,4235415700.22,3298860531.66
2025-09-15,4232148730.14,3316423417.50
2025-09-16,4197226202.73,3311857196.55
2025-09-17,4199304778.81,3307742546.03
2025-09-18,4221377626.73,3323197897.89
2025-09-19,4232625030.68,3339657116.05
2025-09-22,4243589828.76,3355457152.29
2025-09-23,4242311425.16,3337191652.45
2025-09-24,4240492652.91,3326573895.03
2025-09-25,4230698223.05,3311226969.35
2025-09-26,4267709243.20,3330197239.40
2025-09-29,4274775289.52,3339556390.59
2025-09-30,4286070303.45,3352135984.30
2025-10-01,4275353906.63,3363558621.33
2025-10-02,4271076176.82,3367432701.26
2025-10-03,4279065987.93,3367382800.57
2025-10-06,4259154048.67,3379459075.01
2025-10-07,4213842878.22,3366929690.01
2025-10-08,4223818464.03,3387007016.05
2025-10-09,4201057870.27,3377194754.30
2025-10-10,4087628812.57,3285916539.71
2025-10-13,4152336983.33,3336335948.06
2025-10-14,4153939095.03,3332260109.18
2025-10-15,4160085821.97,3347053814.89
2025-10-16,4088059781.13,3324259673.63
2025-10-17,4116275933.93,3343129218.22
2025-10-20,4147561992.08,3377899216.47
2025-10-21,4156374592.74,3377848699.73
2025-10-22,4146009336.71,3360287662.06
2025-10-23,4148654761.68,3380214053.93
2025-10-24,4163021248.27,3407839012.99
2025-10-27,4165598221.95,3448043565.76
2025-10-28,4171717507.31,3457201574.06
2025-10-29,4155287076.50,3458862158.05
2025-10-30,4124676864.93,3420821200.52
2025-10-31,4143210072.20,3432042386.63
2025-11-03,4121954285.38,3438483271.68
2025-11-04,4102248109.52,3397724882.88
2025-11-05,4103807530.48,3409499596.98
2025-11-06,4083595859.93,3372917772.52
2025-11-07,4096536973.79,3376238632.48
2025-11-10,4160346396.23,3428922669.57
2025-11-11,4151960817.03,3436772170.94
2025-11-12,4143192829.60,3438684414.58
2025-11-13,4092619621.64,3381622670.25
2025-11-14,4091701155.91,3381069450.28
2025-11-17,4041894825.95,3349569795.24
2025-11-18,4028757009.91,3321441824.92
2025-11-19,4020718768.01,3334273078.28
2025-11-20,3975424327.68,3283451076.11
2025-11-21,4053878251.62,3316158204.59
2025-11-24,4042269713.05,3364967237.66
2025-11-25,4083175838.07,3396617826.88
2025-11-26,4096403385.76,3420066529.63
2025-11-28,4103488428.47,3438734623.29
2025-12-01,4102032122.76,3423035312.51
2025-12-02,4089948599.03,3429375472.10
2025-12-03,4134110401.07,3441250603.64
2025-12-04,4152626769.38,3443766583.99
2025-12-05,4148957961.40,3450307886.47
2025-12-08,4132575965.13,3439942404.75
2025-12-09,4092855440.19,3436973313.84
2025-12-10,4116680206.30,3459768071.15
2025-12-11,4142961045.04,3467818715.42
2025-12-12,4112888458.73,3430532736.81
2025-12-15,4113966710.28,3425349841.94
2025-12-16,4088404889.43,3415990690.75
2025-12-17,4070123898.45,3378402535.76
2025-12-18,4085145984.54,3403913800.26
2025-12-19,4091193050.99,3434765054.39
2025-12-22,4109203482.21,3456163208.52
2025-12-23,4137192470.94,3471959548.41
2025-12-24,4139242845.06,3484172587.69
2025-12-26,4132394819.62,3483819278.50
2025-12-29,4119294418.34,3471404172.24
2025-12-30,4102085117.72,3467165078.02
2025-12-31,4078033897.53,3441477004.91
2026-01-02,4083467693.16,3447785437.52
2026-01-05,4094104431.96,3470748070.60
2026-01-06,4108802135.46,3491389397.63
2026-01-07,4093892917.84,3480135252.43
2026-01-08,4146955356.28,3479781943.24
2026-01-09,4155622042.93,3502795093.07
2026-01-12,4149844509.01,3508295873.81
2026-01-13,4159430064.80,3501281130.85
2026-01-14,4168927658.60,3484071554.20
2026-01-15,4185383290.21,3493559461.48
2026-01-16,4194009249.43,3490632262.50
2026-01-20,4134563674.78,3419574299.39
2026-01-21,4248485663.46,3459039890.75
2026-01-22,4219424807.16,3477107019.96
2026-01-23,4248036104.29,3478368706.48
2026-01-26,4248918670.72,3496032317.78
2026-01-27,4253458410.96,3509961386.26
2026-01-28,4236996179.65,3509608077.07
2026-01-29,4216540506.70,3502643542.83
2026-01-30,4226937915.50,3492196741.47
2026-02-02,4229398920.79,3509557560.33
2026-02-03,4227176589.63,3479882976.73
2026-02-04,4269843387.59,3463026709.27
2026-02-05,4215608396.08,3419776058.34
2026-02-06,4351742043.07,3485383757.46
2026-02-09,4328389515.92,3502189508.18
2026-02-10,4330963801.84,3492953876.59
2026-02-11,4331310856.15,3492146532.75
2026-02-12,4283530723.60,3438196804.77
2026-02-13,4299085572.63,3440619144.32
2026-02-17,4265288191.09,3446170441.81
2026-02-18,4306671035.79,3463531260.66
2026-02-19,4332713588.29,3454396662.57
2026-02-20,4351336497.93,3479378117.30
2026-02-23,4291949358.66,3443849135.74
2026-02-24,4320684252.33,3468880799.19
2026-02-25,4336158641.46,3498152172.92
2026-02-26,4322265443.31,3478722015.67
2026-02-27,4315053058.59,3462017298.44
2026-03-02,4338063458.74,3445674207.19
2026-03-03,4302884290.37,3415303170.16
2026-03-04,4302959541.67,3439399349.74
2026-03-05,4279469667.33,3420222392.27
2026-03-06,4209654476.49,3375393093.05
2026-03-09,4230953971.15,3404961406.67
2026-03-10,4190128150.70,3399489580.65
2026-03-11,4166786303.48,3395222763.83
2026-03-12,4109086465.26,3343666420.68
2026-03-13,4081047351.55,3324740814.83
2026-03-16,4093425889.32,3358576253.29
2026-03-17,4090612624.74,3367411139.24
2026-03-18,4023086121.71,3320423481.26
2026-03-19,4035693961.55,3312240692.58
2026-03-20,3997306720.21,3264757416.05
2026-03-23,4033819594.75,3299037340.27
2026-03-24,4016840009.81,3287963083.96
2026-03-25,4037596576.88,3306285877.19
2026-03-26,3994457314.45,3247239810.46
2026-03-27,3933256144.41,3191868220.91
2026-03-30,3913861957.33,3181196558.42
2026-03-31,4001989951.54,3273667153.02
2026-04-01,3988591337.91,3298332570.06
2026-04-02,4002701502.11,3301302585.06
2026-04-06,4021123518.17,3316907330.96
2026-04-07,4017229046.91,3318366772.06
2026-04-08,4095176499.88,3402884367.55
2026-04-09,4079789420.23,3422515667.70
2026-04-10,4066797838.65,3420250730.93
2026-04-13,4113150667.52,3453674950.77
2026-04-14,4130328907.34,3495757555.97
2026-04-15,4154704401.25,3523342471.27
2026-04-16,4150627834.45,3532000548.60
2026-04-17,4213852185.39,3574687198.54
2026-04-20,4219600270.67,3567538771.02
2026-04-21,4216211198.05,3544182476.96
2026-04-22,4229442471.98,3580073392.51
2026-04-23,4215797597.56,3566180055.39
2026-04-24,4213289477.09,3593815487.43
2026-04-27,4226840895.30,3600006869.05
2026-04-28,4208532514.53,3582489263.46
2026-04-29,4193641014.94,3581935735.46
2026-04-30,4255940450.14,3617574683.35
2026-05-01,4223705253.46,3627592092.37
2026-05-04,4183028818.76,3614302799.99
2026-05-05,4211999377.77,3643297563.73
2026-05-06,4251617278.77,3693937212.77
2026-05-07,4274663952.54,3682611296.82
2026-05-08,4273642535.08,3713015292.94
2026-05-11,4273372297.44,3721471919.35
2026-05-12,4262413988.50,3715834065.74
2026-05-13,4243318712.94,3736623554.68
2026-05-14,4294941434.27,3766121637.70
2026-05-15,4227551446.54,3720817665.89
2026-05-18,4274777079.56,3718200035.99
2026-05-19,4252402893.49,3693433893.49
2026-05-20,4291966919.66,3731287877.45
2026-05-21,4307217585.11,3738687348.55
2026-05-22,4324374419.75,3753386181.34
2026-05-26,4310663646.93,3778303566.06
2026-05-27,4262266093.47,3777649004.57
2026-05-28,4298911672.69,3798488702.23
2026-05-29,4286392284.69,3807952275.23
2026-06-01,4309240914.33,3818321761.33
2026-06-02,4330509046.77,3823506812.41
2026-06-03,4323133728.81,3796676568.00
2026-06-04,4382633912.20,3811023015.69
2026-06-05,4309645937.19,3712662907.84
2026-06-08,4314248511.75,3721069017.50
2026-06-09,4318698243.02,3710146003.41
2026-06-10,4280299885.11,3651653464.67
2026-06-11,4329836424.68,3713720063.15
2026-06-12,4383298162.00,3733804781.89
2026-06-15,4377046959.19,3799646583.00
2026-06-16,4361863170.91,3776994751.11
2026-06-17,4307076501.32,3729828128.32
2026-06-18,4348433833.39,3768607123.18
2026-06-22,4325390397.68,3756747393.09
2026-06-23,4333695953.38,3702192080.22
2026-06-24,4341295850.15,3700476051.02
2026-06-25,4383032241.75,3705825589.55
2026-06-26,4374448266.47,3679027380.15
2026-06-29,4445842411.49,3739638849.93
2026-06-30,4470735509.52,3768758673.42
2026-07-01,4490514517.72,3763661410.59
2026-07-02,4453656490.85,3758715697.99
2026-07-06,4441767627.76,3791519547.55
2026-07-07,4459221362.34,3773502627.06
2026-07-08,4420445638.07,3761844655.93
2026-07-09,4444939007.14,3793689611.41
2026-07-10,4469111045.13,3810041019.44
2026-07-13,4474520121.52,3780870679.21
2026-07-14,4491037394.43,3794295196.30
2026-07-15,4486278843.19,3809334401.06
2026-07-16,4506988095.89,3788693074.04
2026-07-17,4465120251.64,3751195787.58
2026-07-20,4435707172.79,3745139938.70
2026-07-21,4474164612.28,3776379309.30
2026-07-22,4467618681.25,3771988356.81
2026-07-23,4404315250.57,3725406989.01
2026-07-24,4407882635.97,3729192048.57
2026-07-27,4396981579.01,3729999700.44
2026-07-28,4407254631.36,3738932231.55
2026-07-29,4365344743.93,3681399510.99
2026-07-30,4377050013.42,3743121117.05
2026-07-31,4420951937.29,3770070876.69
2026-08-03,4464916364.54,3823768020.94
2026-08-04,4529896947.57,3892706744.98
2026-08-05,4524099073.97,3884934558.87
2026-08-06,4497658534.72,3878727159.75
2026-08-07,4528570681.90,3902446927.96
2026-08-10,4523981723.14,3901286274.93
2026-08-11,4523049942.44,3888820651.92
2026-08-12,4531321878.61,3898560834.91
2026-08-13,4565243570.69,3925762870.24
2026-08-14,4551855802.90,3917990992.16
2026-08-17,4515686260.36,3899469212.24
2026-08-18,4512114249.40,3873125345.52
2026-08-19,4497182995.49,3881250532.79
2026-08-20,4463360898.14,3848648442.19
2026-08-21,4494107554.92,3864394265.33
